document_id,title,description,content,category,subcategory,programming_language,framework,technology,difficulty,author_name,author_role,department,company,tags,keywords,created_date,updated_date,file_type,language,pages,word_count,estimated_reading_minutes,repository,project,version,status,confidentiality,reviewed,reviewer,quality_score,popularity_score,downloads,views,likes,comments,related_documents,embedding_generated,vector_model,last_embedding_update,active
DOC-004475,Maybe ground loss father,Industry realize dog commercial. Ten reality hotel effort there other.,Black scene likely young true evidence. Piece news point sell team also. Politics involve word there read live successful. Order however require which attorney. Board history south I let. Movie care international. Into know factor but. Protect ball approach social say data.,Frontend,APIs,C#,Django,Redis,Beginner,Carolyn Dalton,Data Engineer,Infrastructure,Gonzalez Inc,"first,service,may","true,hotel",2025-01-27,2025-02-07,DOCX,French,14,6467,25,backend-services,CoreAPI,v3.6,Deprecated,Secret,False,,4.9,47.4,207,10575,707,69,"DOC-009812,DOC-007724",True,e5-large-v2,2025-02-16,True
DOC-000762,Cold nor because north for,Democrat ten leader yourself accept fly. Over on try effect fire production.,Including agent name city. I safe no bank. Certainly defense system return girl. Ever model series lead southern article point reality. Buy close off black Mr whether better.,Cloud,CI/CD,Java,Next.js,AWS,Beginner,Charles Barajas,Security Specialist,QA,Quinn Ltd,"writer,miss,have","sign,responsibility",2024-01-04,2024-03-22,DOCX,French,14,733,2,auth-api,SecureAuth,v1.0,Approved,Secret,True,Ronald Jones,4.0,22.1,1145,8222,749,128,"DOC-004013,DOC-007883",False,all-MiniLM-L6-v2,2024-04-17,True
DOC-001868,Old give win security,Accept work service majority.,Return contain cultural send improve. Nor positive recent give prepare it summer. Certain not total left attorney former cover. Particular let officer collection man this shoulder.,Cloud,UI/UX,Python,Django,MongoDB,Intermediate,Chad Cruz,Security Specialist,Product,"Mcdonald, Kennedy and Brown","sister,teach,manage","bit,agency",2024-04-15,2024-04-22,MD,English,7,604,2,backend-services,SecureAuth,v3.9,Archived,Public,False,,3.0,28.3,295,398,979,1,"DOC-009688,DOC-005706",True,all-MiniLM-L6-v2,2024-04-28,False
DOC-006166,Left parent against month dinner laugh,Director despite program investment mention least memory marriage.,Face accept four day east capital spend top. Personal back social data nearly interest law. Factor authority dream lawyer. Along police ever center. Impact enough eight establish prove reduce deal produce.,Frontend,CI/CD,C#,Next.js,Kafka,Intermediate,Mr. Mitchell Chambers MD,Backend Developer,Data Science,Sanchez-George,"set,dog,about","machine,my",2024-04-19,2024-06-16,MD,Spanish,22,3998,15,data-pipeline,TechMind,v2.8,Approved,Secret,True,Joshua White,4.0,68.7,835,2954,185,50,"DOC-004942,DOC-002122",True,e5-large-v2,2024-07-10,True
DOC-006110,Nature mind official thus,One actually writer.,Yard myself both food kitchen. Develop arm our. Rise whole decide maintain away letter continue. Future newspaper side international between concern participant. When money worker but hotel race. Last safe white instead create necessary.,Data Engineering,Testing,SQL,Vue.js,PostgreSQL,Expert,Gerald Morrow,Data Engineer,Infrastructure,"Gomez, Morrison and Blake","land,would,several","figure,perhaps",2024-03-13,2024-04-21,MD,English,40,2538,10,auth-api,CoreAPI,v1.5,Draft,Internal,False,,4.3,87.1,1616,14566,286,79,"DOC-007956,DOC-005277",True,e5-large-v2,2024-05-01,True
DOC-005974,Detail animal plan actually,Key data pressure few.,Run continue follow able. News with accept make husband partner. Heart why check most market including surface. So television herself watch decade thousand score.,Backend,Authentication,SQL,Flutter,PostgreSQL,Intermediate,Michele Vazquez,DevOps Architect,QA,Rhodes and Sons,"than,community,ground","mouth,cause",2024-04-11,2024-05-12,HTML,Portuguese,9,606,2,backend-services,CloudScale,v3.4,Archived,Secret,False,,4.5,39.1,130,4725,751,129,"DOC-007157,DOC-006733",False,e5-large-v2,2024-05-28,True
DOC-002719,Now day step,Individual memory analysis beat. Thank pressure relationship challenge future leave role.,Though example last every player. Hair himself according hold former spend face whole. Agreement business until gun lose keep. Government create among. Want money fact commercial. Environment for senior need.,Backend,UI/UX,Python,Flutter,AWS,Advanced,Alejandro Lloyd,Data Engineer,QA,"Contreras, Jones and Rodriguez","year,position,dream","ten,miss",2024-04-18,2024-07-10,HTML,Portuguese,2,2409,9,backend-services,TechMind,v2.5,Under Review,Secret,True,Jamie Wilcox,4.0,32.2,564,1917,18,140,"DOC-002734,DOC-005351",True,bge-small-en-v1.5,2024-07-29,True
DOC-003931,Serve stand them language improve,Detail travel move happen. Responsibility modern soon adult age.,Employee play money leave station suddenly. Meeting address imagine watch business president score. Well head style effort raise it color we.,Backend,Testing,Rust,Vue.js,AWS,Expert,Michelle Sharp,Security Specialist,Infrastructure,"Flores, Kelley and Berry","whether,but,next","certainly,hand",2024-04-11,2024-06-01,TXT,Spanish,38,2778,11,cloud-infra,CoreAPI,v1.3,Archived,Public,False,,3.3,32.2,680,2431,197,139,"DOC-000103,DOC-007640",True,all-MiniLM-L6-v2,2024-06-12,True
DOC-000598,Board reveal same different teacher,Low decade might because forward. Understand sure expert big.,Raise clear mother again until away. Magazine three dream. Too since traditional point thank. Compare kid rich fish author. Offer husband nor film car book else check.,AI/ML,UI/UX,Java,Vue.js,Kubernetes,Beginner,Randy Maldonado,DevOps Architect,Security,Todd-Price,"view,imagine,pressure","size,every",2024-10-29,2024-11-08,HTML,Spanish,40,7716,30,data-pipeline,SecureAuth,v1.6,Draft,Secret,True,Melissa Barker,3.1,93.7,1196,9559,351,31,"DOC-007683,DOC-005410",False,all-MiniLM-L6-v2,2024-11-11,True
DOC-006729,Or yet catch,Debate whether west building down trip.,Read research up goal must traditional red. Baby until but direction memory. Nothing simply action so teach onto. Network question later gun. Important you rather know view. Interview oil owner might impact despite. Operation account bed remain movement science answer such.,Frontend,Testing,SQL,Django,Kubernetes,Beginner,Brett Newman,Frontend Engineer,Engineering,"Thomas, Greer and Jones","first,material,street","talk,debate",2024-11-18,2025-01-09,PDF,English,12,4537,18,frontend-core,TechMind,v2.0,Approved,Internal,True,Kristine Martinez,4.1,83.8,1893,3508,281,12,"DOC-005245,DOC-000313",True,e5-large-v2,2025-02-05,True
DOC-003885,Every remain strategy through discover,Effect red single stand. Hot western case commercial here.,Still sound baby seven. Service than almost within once. Table church industry thought newspaper. Financial week painting together Congress the.,Mobile,Microservices,Rust,Vue.js,Redis,Expert,Carrie Thomas,Backend Developer,Data Science,Anderson-Cruz,"easy,lead,issue","series,miss",2025-01-27,2025-04-05,PDF,French,23,6350,25,auth-api,TechMind,v3.7,Draft,Public,False,,3.7,41.0,422,9751,694,51,"DOC-008662,DOC-006726",False,e5-large-v2,2025-04-30,False
DOC-005022,Require by sister none several weight,Coach walk pass such draw land.,Recent practice town surface. Wall out fast. Onto gun here let. Parent finish miss me seven partner. Lead own edge police.,Security,Authentication,SQL,Vue.js,Kafka,Intermediate,William Medina,Security Specialist,Product,Harris Ltd,"job,weight,perhaps","history,day",2024-12-02,2025-01-25,HTML,English,8,5090,20,frontend-core,AiPlatform,v1.6,Deprecated,Internal,True,Larry Nash,4.2,80.2,65,7407,764,109,"DOC-003449,DOC-007393",True,all-MiniLM-L6-v2,2025-02-10,False
DOC-005068,Program statement member however available talk,Able probably century particularly rest job.,Operation off senior own perhaps act enjoy. Rate ago image environmental leader. Page prevent design scene. Response others protect pass street feel. Sign administration off involve add study. Administration case area pass for fish believe. Always operation thing store real discussion. Official letter third happen be.,Frontend,Databases,C#,Flutter,Kafka,Intermediate,Holly Sims,Backend Developer,Security,Hayes-Moore,"involve,chair,treat","million,meet",2024-10-11,2024-11-08,HTML,English,32,3963,15,frontend-core,SecureAuth,v1.2,Approved,Internal,True,Joshua Conway,3.2,72.4,1035,8411,222,17,"DOC-008365,DOC-008487",True,e5-large-v2,2024-11-15,False
DOC-005091,Scene draw else,Board evidence chance attention become wide pull do. Positive support into product certain law customer speech.,Its toward really medical. Receive adult attorney upon southern cause wish. Fight value big pressure. Game ok help direction partner station.,AI/ML,APIs,C#,Flutter,Kafka,Beginner,Jon Orozco,Tech Lead,Engineering,Sutton-Perez,"million,science,ok","help,important",2024-02-18,2024-03-02,PDF,English,26,3133,12,frontend-core,SecureAuth,v2.0,Archived,Public,True,Robert Oliver,3.2,31.5,715,10638,255,7,"DOC-003644,DOC-004072",True,bge-small-en-v1.5,2024-03-20,True
DOC-006087,Threat discussion kitchen meet drop easy,Probably leader degree trial city social less work.,Discussion on yes I local. Forward citizen wife start total south worry. Wonder generation skin church those safe consider system. Responsibility yeah add happy sell place.,DevOps,LLMs,JavaScript,Express,Kafka,Intermediate,Tyler Medina,DevOps Architect,Security,"Hernandez, Kelly and Pena","herself,company,education","game,whole",2024-06-27,2024-07-15,TXT,French,13,3376,13,cloud-infra,TechMind,v1.0,Archived,Restricted,False,,4.1,21.1,1416,5606,145,50,"DOC-009892,DOC-000765",True,text-embedding-3-small,2024-07-30,True
DOC-003906,Enough bed next above six,Talk child child serve almost theory tough.,Same drug teach minute music. Drop often allow night. More listen girl stuff career arm hundred. Point fire describe game top record. Wrong realize stock similar price.,Backend,APIs,JavaScript,Spring Boot,Kafka,Beginner,Beverly Martin,Frontend Engineer,Infrastructure,Meyers Ltd,"provide,concern,step","serious,sea",2024-04-04,2024-06-25,HTML,Portuguese,27,6746,26,frontend-core,TechMind,v3.5,Draft,Secret,False,,4.9,49.0,993,12270,421,30,"DOC-003864,DOC-005641",True,all-MiniLM-L6-v2,2024-07-17,True
DOC-007447,Compare nor safe,Down station either return final. Month if east whose Mr very.,Conference stock major authority within difficult bed. Reflect international until nature recent east people. Identify wide detail affect process. At station small feel example figure. Start school picture until resource pay main. Skill drive fire participant I.,AI/ML,LLMs,Rust,React,Kafka,Intermediate,Samantha Hill,Tech Lead,Product,"Smith, Morgan and Strong","low,seven,direction","ask,computer",2024-01-20,2024-02-23,MD,Spanish,27,7525,30,frontend-core,CloudScale,v2.9,Deprecated,Internal,False,,3.2,67.7,1352,3651,884,87,"DOC-008995,DOC-007595",True,e5-large-v2,2024-03-11,True
DOC-003625,Consumer must fish,Model high public conference strong. Stage official couple set morning.,Own wear account always amount fly should. Actually light together certain discover. Remember into just. West general drop reach.,Data Engineering,Authentication,Java,FastAPI,Kafka,Beginner,Robert Ferguson,Backend Developer,Data Science,"Graham, Garner and Hart","strategy,oil,purpose","leg,board",2024-04-24,2024-05-04,MD,English,9,3566,14,mobile-app,DataHub,v3.9,Approved,Restricted,True,Amy Smith,3.1,27.6,1467,13444,470,88,"DOC-007553,DOC-008815",True,bge-small-en-v1.5,2024-05-20,True
DOC-005027,Realize mention reduce sit,Clear outside agency if speak. Sign last husband discover party.,Major final real weight. Bit knowledge eye none half room official government. Tend chance single daughter indicate guy cell. Science management anyone which staff entire. Base arm exist executive cell door though. Several feeling reach seek top.,DevOps,LLMs,Go,Flutter,MongoDB,Intermediate,Elizabeth Taylor MD,Data Engineer,Infrastructure,Johnson Inc,"itself,something,Democrat","may,poor",2024-07-29,2024-09-19,PDF,Portuguese,33,5379,21,frontend-core,AiPlatform,v3.0,Archived,Internal,True,Denise Morales,3.7,82.3,1336,7578,849,67,"DOC-001131,DOC-005796",False,text-embedding-3-small,2024-10-03,True
DOC-009778,Particular out green defense pattern,Here recognize interest.,He month attorney physical itself test. Quite near drive feeling force. Thing exactly recently degree pretty. Executive practice account pass raise cause traditional for. Us course various interesting land candidate by store. Paper seem nearly rather nature. Top cup allow actually white former rather.,DevOps,Testing,C#,Spring Boot,Kubernetes,Advanced,Casey Farley,Data Engineer,QA,Moody-Cole,"from,professional,have","cover,research",2024-01-29,2024-03-11,HTML,Spanish,40,3914,15,auth-api,SecureAuth,v3.8,Deprecated,Restricted,True,Richard Patton,3.7,44.8,69,6621,182,4,"DOC-000921,DOC-005830",False,all-MiniLM-L6-v2,2024-04-03,False
DOC-006696,Month eight way view Republican,Leader relate pass always certainly appear debate.,Activity reflect include with truth leader. Among interesting let per black response after. Political money edge. High black true admit adult. Ready expert hold road able decade.,AI/ML,Testing,SQL,Express,AWS,Intermediate,Oscar Phillips,DevOps Architect,Infrastructure,Moore Ltd,"ever,water,finally","anyone,outside",2024-07-16,2024-08-22,PDF,Portuguese,8,873,3,cloud-infra,SecureAuth,v2.7,Archived,Secret,True,Samantha Cole,4.6,94.0,457,5809,634,58,"DOC-001243,DOC-000780",True,bge-small-en-v1.5,2024-08-24,False
DOC-000754,Each tax knowledge eye again dog blood,Special statement financial.,Rate factor charge whom. Age rate station start summer and truth. Inside out way significant represent. Example majority compare program price Democrat piece. Plant evidence international. Protect worry piece entire huge floor. Need tonight box already different. Form federal feeling radio season.,Security,Databases,SQL,Vue.js,AWS,Beginner,Sherry Lee,Security Specialist,QA,Liu-Santos,"view,sound,analysis","process,play",2024-06-07,2024-07-21,PDF,English,11,6279,25,cloud-infra,DataHub,v1.8,Approved,Restricted,False,,4.1,74.7,958,5533,715,56,"DOC-004268,DOC-008044",False,all-MiniLM-L6-v2,2024-07-24,True
DOC-003651,Serve its hit,Effort question newspaper quite. Market miss expert other cell.,Person old four class page traditional cut position. Kitchen perform ten real however. Executive coach majority listen expect test item. Above life life challenge city.,AI/ML,LLMs,TypeScript,Vue.js,Kubernetes,Beginner,Emily Rodgers,Tech Lead,QA,Cantrell and Sons,"defense,no,in","decade,whether",2024-07-20,2024-09-21,PDF,Spanish,13,2452,9,frontend-core,CoreAPI,v2.6,Draft,Internal,True,Courtney Grimes,3.1,73.8,217,9704,284,105,"DOC-007635,DOC-008762",True,e5-large-v2,2024-09-30,True
DOC-007979,Day soldier science protect conference story,Occur enjoy a environment single technology.,Focus consider local rise shake customer summer. Eat hope party impact. Check throw present rock building. Resource last letter. Involve imagine society majority. Source fact wait enough child yet. Time different a white where trouble.,Mobile,CI/CD,Go,FastAPI,MongoDB,Advanced,Lisa Pace,Security Specialist,Engineering,Bradley Inc,"drive,usually,will","maintain,shake",2024-09-20,2024-11-25,DOCX,Spanish,17,5795,23,data-pipeline,AiPlatform,v2.2,Archived,Secret,False,,4.3,48.1,1440,9843,524,103,"DOC-008746,DOC-006202",True,text-embedding-3-small,2024-12-22,True
DOC-006020,Arrive whatever all,Forget loss executive likely. Person expect class international.,Agent especially school size. Why our buy start particular exactly create. Improve its soldier region station among. Laugh career card husband any professional week garden. Right rest sure five right side near. Positive alone think teach subject notice spend. Course born well necessary example.,Frontend,APIs,C#,React,AWS,Intermediate,Rodney Dixon,Data Engineer,Security,Savage LLC,"radio,brother,draw","dark,subject",2025-01-04,2025-03-28,DOCX,English,8,3447,13,mobile-app,CloudScale,v2.4,Approved,Public,False,,3.5,67.5,672,6834,945,60,"DOC-009273,DOC-007508",True,e5-large-v2,2025-04-13,True
DOC-003756,Build usually school court concern big,Money Congress figure cultural very officer law peace. Well seek already maybe.,Middle cut remember game lay tough. Continue today professor imagine ability another name. Necessary participant into community sea run. Perform war better. New generation learn charge can not red finish. Imagine human focus benefit hand. Finish official product eye.,AI/ML,Authentication,Rust,Vue.js,Docker,Intermediate,Lisa Martinez,Security Specialist,Data Science,Ramirez-Hanson,"none,fall,term","court,hot",2024-12-07,2025-02-25,DOCX,French,14,4857,19,data-pipeline,DataHub,v2.0,Approved,Restricted,False,,4.9,97.1,105,7702,133,118,"DOC-003105,DOC-002179",False,e5-large-v2,2025-02-28,True
DOC-007605,Later painting but,Lawyer them sister degree practice. Continue current matter mission town data house.,Tough including may ask international front political. Claim west stage someone. Base work American raise eat. About yet throw attorney suffer real down throughout. Two food interesting weight decision sport manager PM.,Data Engineering,Authentication,Rust,FastAPI,Kubernetes,Advanced,Megan Olsen,Data Engineer,Data Science,Keller Group,"happen,future,rise","professor,forward",2024-03-19,2024-05-17,DOCX,English,16,2158,8,mobile-app,SecureAuth,v1.2,Under Review,Internal,False,,4.9,86.4,1532,11619,665,32,"DOC-000664,DOC-001316",False,bge-small-en-v1.5,2024-06-03,True
DOC-001791,Argue perhaps character,Leg learn among beautiful think.,Onto goal college difficult play and drop. Though standard only require ten. Bring collection firm move deal must tend. Front against clear difference resource. Look trip always.,Cloud,Authentication,Go,Spring Boot,Docker,Intermediate,Thomas Thompson,Tech Lead,Infrastructure,Nicholson Group,"will,while,view","space,prove",2024-01-21,2024-02-05,PDF,English,18,7087,28,auth-api,AiPlatform,v3.0,Archived,Secret,True,Joy Evans,4.1,42.5,902,12283,152,150,"DOC-002886,DOC-003153",True,all-MiniLM-L6-v2,2024-02-23,False
DOC-007517,Stock stop year meeting learn dark,About feel art project life push. Method common ago car once ball.,Company kitchen necessary myself. Wait word would over find model. Do those blood beautiful watch. Popular marriage new form run. Politics them focus easy positive stage.,Cloud,UI/UX,Rust,Spring Boot,PostgreSQL,Beginner,Jennifer Smith,Data Engineer,Data Science,"Holmes, Drake and Lucas","democratic,degree,into","bring,draw",2024-08-27,2024-09-01,DOCX,Portuguese,36,2053,8,backend-services,AiPlatform,v1.2,Under Review,Internal,True,Adam Green,3.3,63.7,1815,11295,46,86,"DOC-000315,DOC-002016",True,bge-small-en-v1.5,2024-09-22,False
DOC-007164,While lay laugh,Order on use lay according. Strong sell design reach.,Explain leg book on. They describe baby different political official century. Later level mean. Two forward exactly force purpose same.,DevOps,Microservices,Go,Spring Boot,MongoDB,Intermediate,Johnny Prince,Tech Lead,Data Science,Barrera-Reyes,"must,realize,economy","natural,mouth",2024-12-20,2025-02-06,HTML,English,4,7202,28,backend-services,CloudScale,v3.5,Archived,Internal,False,,4.1,72.0,21,9648,280,146,"DOC-001238,DOC-006660",False,bge-small-en-v1.5,2025-02-16,True
DOC-008538,Focus tonight how respond near,Condition sit indicate likely.,Certainly message sign number everybody capital benefit. Generation bed six so court. Visit all goal class travel medical. Drive fire subject at. Throughout remain central difference name early hand. Knowledge until plant guy industry star. Ground price firm ask watch.,DevOps,Microservices,C#,Express,Redis,Expert,Tiffany Thompson,Frontend Engineer,Security,Robinson-Norris,"talk,rather,hotel","arm,many",2025-01-18,2025-04-22,TXT,English,9,5434,21,mobile-app,CloudScale,v1.5,Draft,Secret,True,Meredith Davenport,4.9,84.0,1054,12752,719,45,"DOC-006529,DOC-000318",False,all-MiniLM-L6-v2,2025-04-30,False
DOC-005973,Less series take Republican clearly film,Morning him also for state together leg. Small strong wide beautiful.,Record animal deep election front care way. Address own suddenly plant. Finish city call other involve back weight. His outside enter face memory. Bag think ability process. Center whole science save amount force. College guy near either.,Security,Testing,Rust,Django,Kubernetes,Intermediate,Justin Salazar,Data Engineer,Product,"Hammond, Munoz and Orr","remember,when,me","real,race",2024-10-30,2024-11-04,TXT,French,39,4374,17,frontend-core,CloudScale,v3.4,Draft,Restricted,False,,3.7,40.1,1160,13604,116,0,"DOC-005652,DOC-001597",True,all-MiniLM-L6-v2,2024-11-20,False
DOC-003518,Region yeah forward heavy,Reality series southern animal.,Nothing stuff yourself two choice test both. Tend size both. Condition light address behind worry very. Positive of truth discuss cause voice energy military. Seat kind position red series him. History explain role second age kind her. Away ahead work staff mouth fight example.,Cloud,LLMs,Java,Spring Boot,Redis,Beginner,Jacqueline Jordan,Tech Lead,Infrastructure,Friedman PLC,"business,ball,opportunity","perhaps,middle",2024-10-16,2025-01-18,MD,Spanish,14,1340,5,mobile-app,CoreAPI,v3.5,Deprecated,Internal,True,Natalie Munoz,4.4,85.7,1468,13294,610,93,"DOC-007210,DOC-005494",True,all-MiniLM-L6-v2,2025-02-05,True
DOC-008370,Enter tell good,Main meet draw simply word kind themselves. Every official seek light force education analysis.,Report itself short authority might affect land my. Onto analysis parent difficult wish field. Value similar to choose. Individual west office debate indicate interest simple. American particular federal brother no show ten people. Ball work owner. Become goal pick be cause few box.,DevOps,UI/UX,Java,Next.js,GraphQL,Expert,Shawn Mills,Backend Developer,Infrastructure,"Weaver, Pennington and Campbell","lawyer,husband,reality","article,point",2024-12-30,2025-04-01,TXT,French,23,1168,4,mobile-app,CoreAPI,v3.2,Draft,Internal,True,Jonathan Mercado,4.0,93.9,303,3992,681,145,"DOC-000927,DOC-002386",True,all-MiniLM-L6-v2,2025-04-18,True
DOC-004563,Concern response sure yard another,Fine offer many base.,Eat today tonight size across as the. Fine son produce especially though for result save. Space rule however fight market key. Change than return machine million hospital. Can anything reveal weight.,AI/ML,Databases,SQL,Next.js,PostgreSQL,Expert,Mrs. Amanda Rodriguez,DevOps Architect,Engineering,Matthews-Newton,"add,activity,conference","price,onto",2024-07-18,2024-10-17,MD,Spanish,12,4774,19,data-pipeline,DataHub,v2.0,Draft,Restricted,False,,4.6,43.6,838,624,124,142,"DOC-009099,DOC-005937",False,e5-large-v2,2024-11-09,True
DOC-002116,Sort agency view second,Her hotel threat. Day firm admit light.,Believe back only dog some Republican health. Other fight while. Wear just choice ahead also draw. Event region describe walk region executive off space.,DevOps,CI/CD,Java,Vue.js,MongoDB,Expert,Michael Stewart,Data Engineer,Security,Taylor LLC,"common,listen,month","feel,yet",2024-12-25,2025-02-12,DOCX,French,31,4947,19,mobile-app,TechMind,v3.7,Draft,Restricted,False,,3.1,33.8,638,1905,590,55,"DOC-000920,DOC-007667",False,bge-small-en-v1.5,2025-02-19,True
DOC-007718,Individual identify church,Money become hear down be modern. Blue near benefit large.,Drug box body world writer three. Production minute alone piece. Office southern president turn. Computer get including he score you.,AI/ML,Microservices,TypeScript,Express,Kafka,Advanced,Oscar Hunt,DevOps Architect,Engineering,Davidson Inc,"truth,nearly,which","cell,course",2024-06-14,2024-06-21,TXT,English,18,7944,31,cloud-infra,SecureAuth,v2.2,Archived,Public,False,,4.4,81.5,20,8280,543,50,"DOC-009510,DOC-008598",True,all-MiniLM-L6-v2,2024-07-10,False
DOC-007813,Tell thank behavior fight lay physical,History under director ability sport.,Not no four suddenly everything level. Religious two for industry. Language fly foreign weight. Trouble act keep score which sister. Ask nation company measure west lose position collection. Cultural hour heart because especially.,Cloud,Testing,SQL,Express,Redis,Intermediate,Jacob Carroll,Frontend Engineer,Engineering,"Chan, Crawford and Cook","artist,glass,wonder","red,wind",2025-01-04,2025-03-28,MD,Portuguese,36,1373,5,backend-services,CloudScale,v2.1,Approved,Internal,False,,4.9,62.9,1636,11304,740,11,"DOC-003737,DOC-004733",True,bge-small-en-v1.5,2025-04-27,True
DOC-003534,Modern expert range control leader officer,Call edge degree of interesting since.,Sister keep station security. Officer per guess sit since answer material. Production still trade question heart nice approach piece. Leave part option glass.,Frontend,Databases,Java,Express,GraphQL,Advanced,Curtis Fisher,Data Engineer,Product,Lam Group,"per,nearly,no","until,practice",2024-01-05,2024-03-29,PDF,Portuguese,26,2556,10,backend-services,DataHub,v1.3,Archived,Public,True,Jeffrey Mathis,3.4,46.4,1668,11109,383,109,"DOC-003246,DOC-004771",False,all-MiniLM-L6-v2,2024-04-11,True
DOC-002899,Close whole how,Pretty gas edge attack hold.,Drop build test her let decade have. Table money talk long material wall another. Could leave subject statement technology body professor. Yard economy animal natural. Behavior police commercial fill.,Backend,LLMs,Go,Express,MongoDB,Beginner,Rebecca White,Backend Developer,Security,"Carpenter, Frazier and Clark","will,boy,decision","operation,add",2024-07-19,2024-09-16,MD,Spanish,28,7102,28,mobile-app,CloudScale,v3.0,Archived,Secret,True,Taylor Burns,3.3,47.4,1014,12370,352,126,"DOC-006563,DOC-005845",True,all-MiniLM-L6-v2,2024-10-03,True
DOC-005166,Across since control important ability let,Artist rest avoid.,Situation picture note. Before sign discuss car. Car use course go candidate opportunity government summer. Control media describe some detail all local. Technology if possible reduce majority risk say. Seat management easy side. Three high its nothing.,Data Engineering,Microservices,TypeScript,Flutter,MongoDB,Intermediate,Charles Collins,Security Specialist,Product,Cohen LLC,"could,natural,animal","worry,sound",2024-02-12,2024-03-24,TXT,French,35,7532,30,auth-api,CloudScale,v1.9,Deprecated,Restricted,True,Lauren Rhodes,4.3,89.2,1817,7727,97,48,"DOC-008413,DOC-004889",True,all-MiniLM-L6-v2,2024-04-09,True
DOC-004908,Age church occur visit base,Also training matter spring strategy grow.,Her decade country finish never. Or low whether. Trouble pay phone article hot wall everything skin. Above evidence gun great seat third. Job policy letter happy far write. Itself already total conference light eye room. Second tree wear enter beautiful actually I. Decide just certainly paper fact born fight.,Frontend,UI/UX,Go,FastAPI,GraphQL,Beginner,Troy Taylor,Security Specialist,Data Science,Valencia Ltd,"than,option,show","task,help",2024-01-04,2024-02-25,PDF,French,33,2599,10,backend-services,DataHub,v1.3,Approved,Restricted,True,Marie Ramirez,4.4,34.2,1913,3736,751,111,"DOC-003517,DOC-000761",True,bge-small-en-v1.5,2024-03-14,True
DOC-001200,Leader environment let final director,May care offer Congress whatever. On especially history term rather sea issue.,Seek thus ground seven student daughter. Agent per issue represent. Simply laugh paper around speech minute admit produce.,Cloud,UI/UX,C#,Spring Boot,PostgreSQL,Intermediate,Elizabeth Williams,Frontend Engineer,Product,Fields PLC,"necessary,will,much","voice,candidate",2024-09-11,2024-11-16,MD,French,14,7855,31,cloud-infra,SecureAuth,v2.6,Draft,Internal,True,Leah Larsen,4.4,21.6,983,14600,899,130,"DOC-001417,DOC-007660",True,bge-small-en-v1.5,2024-11-23,True
DOC-001849,Spring beyond conference,Let maintain wife rise class police concern. Beautiful create while fall new.,Discover which end food protect player head to. Identify go man table community accept. Citizen through none top public former. Eight smile through any bring build. Number such compare newspaper wrong.,Frontend,Authentication,Python,Next.js,Kubernetes,Intermediate,Brett Soto,Security Specialist,Security,"Oconnor, Williams and Downs","whether,able,through","between,still",2024-11-08,2024-11-11,HTML,Portuguese,37,2146,8,backend-services,CoreAPI,v3.1,Deprecated,Secret,True,Michelle Heath,3.7,76.4,902,4486,550,105,"DOC-001544,DOC-008292",False,e5-large-v2,2024-12-02,False
DOC-004903,Policy particularly meeting,Short film money provide. Door still others mean top pretty.,Someone boy now visit task too. Already issue serious decade shoulder. Everyone learn office. Small role rather. Field detail after require discussion sort member. Rise model number physical especially project dream.,AI/ML,UI/UX,C#,Express,Kubernetes,Advanced,David Stone,Security Specialist,Security,Baker Group,"letter,leg,event","loss,turn",2024-01-11,2024-02-26,HTML,English,11,3169,12,backend-services,CoreAPI,v3.1,Approved,Secret,False,,4.6,53.7,1065,10758,467,25,"DOC-000812,DOC-009753",True,e5-large-v2,2024-03-18,True
DOC-003928,Yes late star player,Chair notice pick yeah.,Computer save chair focus dinner agree budget. Everybody week later mean. Spend prevent share.,Security,Microservices,Go,Spring Boot,GraphQL,Beginner,Mary Gutierrez,Security Specialist,Product,"Morris, Lopez and Gutierrez","reduce,section,decision","current,second",2024-01-28,2024-03-26,HTML,English,27,1232,4,cloud-infra,CoreAPI,v1.8,Draft,Internal,False,,4.1,46.8,490,6591,956,134,"DOC-006483,DOC-001947",True,all-MiniLM-L6-v2,2024-04-10,True
DOC-005916,North star hold area school class,Adult police sell beautiful apply sell ever mother. Beyond better according western dinner.,Exist usually place large phone ability success three. Network idea and. Claim prepare develop interest who catch already. Foreign inside age herself whole already.,AI/ML,Testing,SQL,Spring Boot,Docker,Advanced,Misty Hall,Backend Developer,Product,"Chang, Hull and Bradley","treatment,heart,season","least,recent",2024-12-20,2025-02-20,MD,English,19,4215,16,auth-api,CloudScale,v1.8,Deprecated,Restricted,True,Anita Mitchell,4.0,42.7,1140,7166,637,27,"DOC-000640,DOC-008870",True,text-embedding-3-small,2025-03-09,True
DOC-009123,Part chair college,Artist popular research small far whose through question.,Job take list week however trip. White field drop great effect agreement staff. Rise use end pull rule result. Learn similar major leave. Conference TV machine hand. One foot major practice level about heavy.,AI/ML,Microservices,Go,React,Redis,Intermediate,John Freeman,Security Specialist,Infrastructure,Petty-Edwards,"room,across,still","itself,tax",2024-03-31,2024-05-28,PDF,Spanish,37,1537,6,cloud-infra,CloudScale,v3.9,Deprecated,Internal,False,,3.6,49.6,1969,10958,929,101,"DOC-003938,DOC-005273",False,text-embedding-3-small,2024-05-29,True
DOC-009735,Within three sense,Community father behavior series. Military spring upon scientist which.,Five international agency conference here color can. Ready various poor there eat step. Almost floor campaign chance sea. Help knowledge over back. Team guy staff successful choose. Anyone fight stand sister action offer mouth. Food weight meet team right be. World firm practice government.,Frontend,UI/UX,Python,Next.js,Kafka,Advanced,Carol Montoya,Security Specialist,QA,Brown Inc,"once,send,wind","young,marriage",2025-01-24,2025-02-21,PDF,Portuguese,16,1489,5,auth-api,AiPlatform,v2.8,Approved,Public,False,,3.4,36.5,963,14896,892,113,"DOC-000749,DOC-003009",False,e5-large-v2,2025-03-18,False
DOC-000031,Total simple standard research,Admit carry bed travel administration consumer.,Myself receive spend modern organization. Long ahead get rock second business language. Send bring receive let. Heavy responsibility final send. See everybody voice we concern movement. Bit sort weight choice shake wife. Build small finally agreement either.,DevOps,CI/CD,Java,Flutter,Kubernetes,Advanced,Jacob Thomas,DevOps Architect,Data Science,Green Ltd,"second,whose,inside","entire,increase",2024-10-16,2024-11-05,HTML,English,6,7965,31,frontend-core,CloudScale,v3.1,Draft,Public,True,Tiffany Patterson,4.0,96.2,973,10840,385,24,"DOC-008091,DOC-007574",True,e5-large-v2,2024-11-30,True
DOC-004189,Wife opportunity prepare across seven policy,Hear happen threat control service. Someone body everything sea no affect we understand.,Detail purpose perform both this senior my question. Rather significant hour alone well. Million camera woman boy war. While thousand beyond recent evening. Here region industry cultural. Tend do Democrat education industry. Important consumer natural think similar. Whole thought report bit.,DevOps,Testing,JavaScript,Vue.js,Docker,Beginner,Christopher Alvarado,Frontend Engineer,Engineering,Adams-Reyes,"step,why,the","you,particular",2024-06-07,2024-07-13,HTML,Portuguese,27,5993,23,mobile-app,DataHub,v3.0,Under Review,Secret,True,Ryan Dean,4.1,37.5,892,1663,670,149,"DOC-006420,DOC-006391",False,all-MiniLM-L6-v2,2024-07-25,True
DOC-000160,Daughter probably care garden sing group,Effect head today while hit else black. Daughter thousand over under support.,Month main how. Technology learn level. Team four door again deal general bit move. Several police someone explain report call treat.,Frontend,LLMs,Python,Flutter,Docker,Expert,Joshua Garcia,Tech Lead,Product,Collins PLC,"share,own,can","son,free",2024-12-18,2025-01-29,MD,Spanish,10,5913,23,cloud-infra,AiPlatform,v1.3,Archived,Public,False,,3.8,31.5,149,8936,68,7,"DOC-008615,DOC-004262",False,all-MiniLM-L6-v2,2025-02-01,False
DOC-006080,Rock behavior interesting through,Try garden feeling point seek change process. Strategy there maintain often more notice.,Partner reach reduce identify around job camera. Activity alone heart wish age. Member important age generation popular talk American subject. Report figure so push.,Security,UI/UX,Go,Vue.js,Docker,Advanced,Benjamin Rogers,Data Engineer,QA,Smith-Zimmerman,"responsibility,rather,value","huge,scientist",2024-07-07,2024-08-29,MD,Spanish,22,7079,28,mobile-app,DataHub,v3.3,Draft,Secret,True,Larry Weaver,4.5,74.7,807,8866,56,101,"DOC-003042,DOC-008623",True,text-embedding-3-small,2024-09-18,True
DOC-007627,Thought reach late teacher good lay,Feel understand yourself great choose PM. Full break compare.,Impact month rich today once this. Capital authority anyone anyone ever. Institution American forget somebody charge surface. According pay writer plant body.,Cloud,UI/UX,TypeScript,Next.js,Kubernetes,Intermediate,Melissa Rodriguez,Tech Lead,Engineering,Jones Group,"much,find,girl","toward,resource",2024-11-04,2025-01-26,DOCX,English,12,4212,16,data-pipeline,AiPlatform,v2.8,Draft,Secret,True,Christopher Hill,3.2,76.7,1767,4163,828,13,"DOC-009235,DOC-008205",True,e5-large-v2,2025-02-12,False
DOC-001416,Hour here central,Think compare type artist.,Best purpose into simple reason similar carry. Dog care return indeed manage. Actually professor foot together. Sometimes participant list. Dark discussion food wonder.,Cloud,Authentication,JavaScript,FastAPI,GraphQL,Advanced,Holly Edwards,Frontend Engineer,Infrastructure,Morgan-Gonzalez,"develop,full,type","citizen,send",2024-03-11,2024-03-24,PDF,Spanish,36,6921,27,backend-services,SecureAuth,v3.1,Archived,Internal,False,,3.6,98.0,462,11486,276,113,"DOC-004959,DOC-006331",True,bge-small-en-v1.5,2024-04-17,True
DOC-003361,Among everyone heart mind improve,Author wear seek very. Always treatment check on hand toward.,War really must world floor person public body. Land quite note throughout report send. Focus every whether too hour yet. Forward their measure lot. Seem perhaps full position example or. Church prove most. Room mother campaign opportunity result hospital individual. Environmental our worker behavior.,DevOps,UI/UX,Go,Express,AWS,Advanced,Jennifer Donovan,Tech Lead,QA,Willis-Hughes,"just,need,this","material,better",2024-08-14,2024-08-18,DOCX,Portuguese,31,6926,27,data-pipeline,CloudScale,v1.3,Draft,Restricted,False,,4.6,83.5,1836,9990,688,65,"DOC-001046,DOC-005597",True,all-MiniLM-L6-v2,2024-08-29,True
DOC-008852,Consider network government,Piece money consider interest lose future.,Green say energy my wife letter mouth. Decision interesting recently enter test. Yeah level let but. Street go girl collection edge develop enter least. No man suddenly include site more. Make treatment student about find represent. In morning series stuff. Discuss above open.,DevOps,Testing,SQL,Next.js,Redis,Advanced,Dana Clark,Frontend Engineer,Engineering,Jones-Diaz,"almost,yeah,trip","body,billion",2024-03-11,2024-04-25,MD,French,9,1868,7,auth-api,CloudScale,v3.4,Approved,Internal,False,,3.3,38.7,319,9389,201,12,"DOC-002624,DOC-007635",True,text-embedding-3-small,2024-05-17,False
DOC-009602,Also everything force law leave,Concern bad body from discover friend million.,Bad peace too blood only. Wish here call debate. Film news hand discussion work carry. Add show point meeting actually friend cell many. Young physical ground activity either down husband instead. Site newspaper or station cause heavy region. Among scientist meeting within hair. Middle raise condition friend consumer sure.,Data Engineering,CI/CD,JavaScript,Vue.js,MongoDB,Intermediate,Jonathan Taylor,Data Engineer,Engineering,"Parker, Andrade and Herman","order,again,medical","yes,with",2024-06-07,2024-08-26,PDF,Portuguese,29,3711,14,cloud-infra,DataHub,v2.1,Deprecated,Restricted,True,Wendy Elliott,4.8,62.2,632,1224,568,47,"DOC-000039,DOC-008828",True,all-MiniLM-L6-v2,2024-09-10,True
DOC-006377,Very into act,Analysis religious must pressure might truth. Particular he network under lose set nearly.,Go sit pretty goal outside eye. Would rich personal may. Garden skin eight young number work. Television bed name station assume. Least move human law skin where.,Mobile,CI/CD,Python,Django,PostgreSQL,Intermediate,Mary Sandoval,Security Specialist,Product,Collier Group,"people,similar,wife","then,agreement",2024-01-05,2024-03-18,TXT,English,26,3848,15,backend-services,SecureAuth,v3.7,Archived,Internal,True,Anthony Wilson,4.8,34.7,192,13892,959,129,"DOC-009493,DOC-004875",False,text-embedding-3-small,2024-04-10,True
DOC-004742,Politics meet tonight choose,Manage defense of though especially. Left land stuff some.,Now south effect recently paper it. At blue too American such heavy. Himself PM guy off. Production their easy simple imagine. Cup of girl listen.,Backend,Microservices,C#,Next.js,Docker,Intermediate,Edward Cole,DevOps Architect,Security,Smith and Sons,"each,front,need","however,money",2024-07-02,2024-09-03,DOCX,French,36,5081,20,cloud-infra,SecureAuth,v3.8,Under Review,Restricted,False,,3.7,88.5,1693,12761,512,120,"DOC-004987,DOC-003458",True,bge-small-en-v1.5,2024-10-01,True
DOC-002541,Financial myself page,Floor range ball home yes woman wear. High interview week apply minute difficult.,Including black fire suddenly room certain approach. Culture perform daughter. Computer nearly big politics challenge. Candidate summer yes me sound usually which attention. Age fact position yard church scene. Spend what after remain worry plant.,Frontend,Microservices,Rust,Express,Docker,Beginner,Dawn Boyer,Tech Lead,Infrastructure,Hoffman Inc,"newspaper,close,participant","way,any",2024-01-09,2024-03-30,HTML,Portuguese,25,2886,11,auth-api,DataHub,v2.6,Draft,Restricted,True,Richard Henry,4.0,34.0,68,10661,788,80,"DOC-008864,DOC-000386",True,all-MiniLM-L6-v2,2024-04-05,True
DOC-006094,Student record appear in,Certainly six recently. Heavy hit enter ground coach article other hundred.,Set development three eye vote group strategy really. Kitchen almost director direction whole take. Standard ahead their exist your. Force million deal listen page keep west.,Security,APIs,Python,Django,MongoDB,Expert,Dana Collins,Frontend Engineer,Security,"Sharp, King and Thompson","girl,everybody,increase","range,study",2024-09-08,2024-09-23,DOCX,Portuguese,11,7939,31,auth-api,CloudScale,v3.6,Approved,Internal,True,Peter Adams,3.1,53.4,1127,10889,559,53,"DOC-003428,DOC-004297",True,text-embedding-3-small,2024-09-30,False
DOC-009476,True run arm enter sure economic,Employee difference crime save air right. Send environment some ground.,Already near wait PM. But create yourself assume. Guy guy everybody thus. Field product majority. Part police southern court brother discuss reason data. Boy also security. Two card check last example get.,Frontend,LLMs,TypeScript,Flutter,MongoDB,Intermediate,Lori Terry,Backend Developer,Product,Howell-Moore,"toward,report,live","election,play",2024-10-26,2024-11-02,HTML,Portuguese,9,2464,9,auth-api,AiPlatform,v1.2,Draft,Secret,False,,4.8,72.7,1467,3328,574,96,"DOC-002920,DOC-003564",False,text-embedding-3-small,2024-11-25,True
DOC-006344,For value successful,Let quite national though collection. Camera speak fire operation main who page.,I sometimes investment. Moment field my sometimes. Sell open power send PM. Work today much body treat teach shoulder growth. Probably character ok vote option see seat. Civil east experience few fast accept shoulder.,Mobile,APIs,Python,Spring Boot,GraphQL,Beginner,Paula Barrett,Security Specialist,Security,Smith and Sons,"thing,someone,science","government,benefit",2025-02-04,2025-05-13,TXT,Spanish,14,7082,28,frontend-core,AiPlatform,v3.6,Under Review,Secret,False,,3.5,81.9,405,2275,91,17,"DOC-008695,DOC-008728",True,all-MiniLM-L6-v2,2025-05-18,True
DOC-003621,National employee strong rule,Film study sister difficult. Section similar for.,As off point pretty my good. Lawyer who back education million that. Would enter defense under including. Hand study not firm. Response single beat person. Behind leave main well blood store enjoy.,DevOps,Databases,Rust,FastAPI,Kubernetes,Intermediate,Paul Wise,Tech Lead,Engineering,Jones-Hall,"half,amount,performance","magazine,begin",2024-03-20,2024-06-02,DOCX,French,34,7577,30,backend-services,DataHub,v3.2,Under Review,Internal,False,,3.6,47.6,181,1473,968,52,"DOC-002452,DOC-007282",True,e5-large-v2,2024-06-17,True
DOC-001216,Respond boy her result however interesting,Field consumer role machine red political.,Building any share cell summer. Idea risk start daughter garden. Produce tree his four research commercial herself. Natural contain character set hold action win. Talk line knowledge officer.,Backend,Authentication,C#,React,Kubernetes,Intermediate,Mark Gonzalez,Tech Lead,Product,Wright Ltd,"plant,available,statement","suffer,purpose",2025-01-24,2025-03-23,MD,Portuguese,9,7014,28,frontend-core,SecureAuth,v3.1,Archived,Public,False,,3.6,25.3,1728,9620,841,17,"DOC-001385,DOC-009042",False,e5-large-v2,2025-04-19,True
DOC-006355,Official give black drive,Page daughter brother exist.,Make above behind attorney understand. Window much wall choice find time personal. Investment production physical anything. Range reason national factor arrive.,DevOps,LLMs,TypeScript,Next.js,GraphQL,Advanced,Brandon Ashley,DevOps Architect,QA,Jordan LLC,"difference,sell,policy","interest,environmental",2024-03-23,2024-05-11,TXT,English,26,1398,5,frontend-core,DataHub,v3.4,Deprecated,Public,True,Michael Martinez,4.2,47.7,999,7470,504,9,"DOC-003437,DOC-006918",False,bge-small-en-v1.5,2024-05-12,False
DOC-005106,Image less third send,Yourself cup vote let.,Peace executive face walk probably talk teacher. Democratic war necessary. Activity approach argue responsibility could prevent enter. Program beat network movie front. Fast thing heavy away sense toward. Force economic tell my week. Tree party professional when travel.,Data Engineering,Testing,TypeScript,FastAPI,AWS,Advanced,Ashley Landry,Tech Lead,Product,"Clark, Juarez and Scott","begin,media,course","dinner,when",2024-08-28,2024-10-19,TXT,English,39,7803,31,frontend-core,TechMind,v2.5,Deprecated,Internal,True,Christy Obrien,4.8,30.9,512,3367,827,120,"DOC-000530,DOC-007184",False,e5-large-v2,2024-10-30,True
DOC-000336,Girl trade bed big ball,Eye base list act.,Drop purpose relationship appear else Congress. Discussion teach the end me prevent. Figure interview generation piece have election live. Allow mean receive detail avoid.,DevOps,Databases,Rust,Spring Boot,GraphQL,Advanced,Derek Chen,Tech Lead,Data Science,"Leach, Sanders and Johnson","attack,daughter,market","allow,unit",2024-10-18,2024-10-25,DOCX,Portuguese,16,6918,27,data-pipeline,DataHub,v2.5,Approved,Restricted,True,Jennifer Moore,3.7,97.7,747,4114,936,73,"DOC-004444,DOC-001549",True,bge-small-en-v1.5,2024-10-29,False
DOC-008410,Fine me other right,High like ever business capital policy one example. Character manager your on group southern off.,Growth action student response loss shoulder. Decade trade personal financial today deep. Beyond development claim if budget spring away. Least society rather bank center sign.,Security,Authentication,JavaScript,Spring Boot,AWS,Intermediate,Angela Pope,Security Specialist,QA,"Wood, Morgan and Delacruz","author,toward,test","tell,yourself",2024-01-08,2024-04-13,HTML,Spanish,37,3025,12,mobile-app,AiPlatform,v3.5,Approved,Secret,False,,3.5,52.4,329,2390,845,69,"DOC-009343,DOC-007942",False,e5-large-v2,2024-04-25,False
DOC-002098,Part question guess fine explain,Clear style remember answer join once cover.,Lay road great early on sign. Boy interesting enough several. Of girl hand stand then goal write hold. Window bed next debate bit talk north. Entire itself bank standard community compare.,Backend,LLMs,TypeScript,Flutter,Kubernetes,Expert,Gregory Foley,Frontend Engineer,Security,Lopez Inc,"television,above,here","able,test",2024-03-27,2024-06-28,TXT,Spanish,39,1762,7,mobile-app,TechMind,v3.4,Deprecated,Restricted,False,,3.6,49.3,894,479,109,103,"DOC-002468,DOC-001017",True,all-MiniLM-L6-v2,2024-06-29,True
DOC-003599,Machine like team choose,Medical ago million eight commercial best.,Set weight we approach. Where life might customer short. Approach north power both baby. Question president smile. All theory former minute traditional behind. Wide side subject just after film morning improve.,Mobile,Authentication,Go,Express,MongoDB,Advanced,Tammy Hodges,Data Engineer,Product,Smith Inc,"there,poor,thank","available,rise",2024-04-03,2024-04-21,MD,Portuguese,20,3748,14,mobile-app,AiPlatform,v1.6,Under Review,Secret,False,,3.5,44.6,596,6046,909,147,"DOC-005692,DOC-009261",False,bge-small-en-v1.5,2024-04-25,False
DOC-008782,Thousand relate charge space husband,Recent decade dark support mean happy response.,View letter attention trouble explain tree. Suffer since become parent. Star artist various condition. Bring she others. Eat do organization performance woman beat memory. Care certainly although box offer leave. Themselves argue section still raise. Others everybody here spring student war property.,DevOps,Authentication,SQL,Flutter,Docker,Beginner,Mike Robinson,Frontend Engineer,Security,"Riley, Martinez and Callahan","experience,fear,activity","election,officer",2024-01-16,2024-04-21,MD,Spanish,3,7935,31,frontend-core,TechMind,v1.7,Deprecated,Secret,False,,4.8,67.3,463,8203,40,81,"DOC-004874,DOC-001430",True,text-embedding-3-small,2024-05-14,True
DOC-009965,On together and sing adult coach happen,Though support child teach.,Style defense impact fly fly girl example claim. Environment on down learn project laugh between. Cause civil court item magazine garden social. Side case none. Check during project reason. Carry allow difference maybe rise only side.,Data Engineering,Testing,SQL,Spring Boot,Kafka,Intermediate,Ryan Roberts,Security Specialist,QA,Watson Group,"find,he,book","quality,scientist",2024-01-09,2024-02-28,MD,French,3,1254,5,auth-api,SecureAuth,v1.1,Approved,Secret,False,,3.6,73.7,1866,2822,715,84,"DOC-002817,DOC-004189",False,text-embedding-3-small,2024-03-08,True
DOC-002526,Room might wide team,Use prove than.,Win yourself candidate would old degree. Her piece wonder science conference. Company seem or health.,Cloud,CI/CD,Python,Express,Docker,Beginner,Jamie Jones,Security Specialist,Data Science,Hunter Ltd,"wind,thing,always","age,study",2024-11-12,2025-02-13,MD,English,30,512,2,data-pipeline,CloudScale,v3.8,Under Review,Restricted,True,Teresa York,4.7,35.2,682,1722,935,70,"DOC-008824,DOC-002035",True,bge-small-en-v1.5,2025-02-14,True
DOC-005178,Raise stay politics cost edge customer,Put help structure question friend. Out imagine year attack control.,Discuss from government American seem. How later address any town significant. Culture least car movie politics account. Fine girl hit community far each. Agree someone really executive expert product city boy. Design itself win voice professor guy end painting.,Mobile,APIs,Java,Express,Docker,Intermediate,Joseph Sandoval,Data Engineer,Infrastructure,Tapia Ltd,"often,chair,rather","up,light",2024-03-08,2024-04-20,PDF,English,32,4989,19,auth-api,SecureAuth,v2.4,Deprecated,Restricted,True,Steven Floyd,3.2,61.6,1199,7043,860,99,"DOC-006739,DOC-002460",False,e5-large-v2,2024-04-30,True
DOC-001802,Talk item year our compare,Research number into away detail. Answer itself tax.,Keep same affect carry pretty month throw. Be particularly area too. Number spring point. Well five nation.,Data Engineering,Microservices,Java,React,MongoDB,Intermediate,Emily Norris,Backend Developer,QA,"Black, Lopez and Kelly","newspaper,almost,above","well,system",2024-03-09,2024-06-02,HTML,Spanish,3,5374,21,cloud-infra,AiPlatform,v2.3,Draft,Public,False,,4.4,98.9,1230,3323,623,24,"DOC-004842,DOC-005128",False,bge-small-en-v1.5,2024-06-15,True
DOC-007049,Voice painting Congress before determine,Help offer source enough.,Around money area hold door street plant quite. Paper word loss few else another attorney. Company four record. Newspaper that section concern.,Security,UI/UX,JavaScript,Flutter,AWS,Advanced,Hannah Clark,Security Specialist,QA,Morgan Inc,"ahead,raise,indeed","certain,main",2024-07-06,2024-08-07,MD,English,25,5133,20,frontend-core,SecureAuth,v1.1,Deprecated,Internal,True,Stephanie Burke,3.4,53.0,1956,12322,473,90,"DOC-009880,DOC-003701",False,e5-large-v2,2024-09-02,True
DOC-004099,With pretty order,Ask produce big walk.,Enjoy whose road child teach. Back plant writer better. House fly chance available. Seven order son under ball. There lay keep ready.,DevOps,UI/UX,Go,Django,Kafka,Expert,Debra Williams,Tech Lead,QA,Barrett-Holloway,"detail,wrong,change","structure,travel",2024-10-19,2024-10-24,TXT,Spanish,5,3724,14,cloud-infra,SecureAuth,v2.1,Draft,Internal,True,Cathy Wolfe,3.7,46.5,1718,347,525,74,"DOC-007678,DOC-009462",False,e5-large-v2,2024-11-17,True
DOC-002330,Standard off behavior space north point crime,Seat part third against lawyer out which affect.,Car catch international. Represent half whom. Sense exactly budget course. Set this history just require.,AI/ML,LLMs,Go,Next.js,MongoDB,Expert,Jake Day,Backend Developer,Infrastructure,Raymond-Martinez,"bring,city,its","executive,training",2024-11-10,2024-12-15,MD,Portuguese,12,6126,24,frontend-core,AiPlatform,v3.6,Deprecated,Restricted,False,,3.6,41.1,788,4991,328,85,"DOC-000838,DOC-002402",True,e5-large-v2,2025-01-03,False
DOC-004789,Score course join adult movie attorney war,Tend up forward.,Lead president direction worker change president beautiful worry. Theory investment lawyer population building. Attention training generation morning. Mrs successful health arm up involve adult. Official thing consider article six stand indicate. News number growth politics us day risk. General civil look social. Care four imagine hit last however.,Mobile,Microservices,Rust,Django,Docker,Intermediate,Walter Dawson,Backend Developer,QA,Jackson Inc,"pass,young,issue","community,possible",2024-03-27,2024-07-01,PDF,English,35,961,3,frontend-core,DataHub,v3.9,Archived,Internal,True,Sarah Holmes,4.6,60.7,1788,9623,238,107,"DOC-001157,DOC-002105",True,bge-small-en-v1.5,2024-07-07,False
DOC-007243,Author against training sister use,Without middle side although each. Difference wonder charge many stock population.,Create carry between open Republican town. Trial system special institution game bring ability white. Back sport would until rule husband individual. Style nor analysis. Staff kitchen we break seem however.,Backend,Authentication,SQL,Next.js,GraphQL,Expert,Joseph Harris,Frontend Engineer,Data Science,Macdonald-Greene,"talk,machine,onto","professor,international",2024-10-30,2025-01-08,DOCX,Spanish,28,6081,24,cloud-infra,CoreAPI,v2.3,Archived,Restricted,False,,3.3,44.6,1968,14077,761,50,"DOC-002150,DOC-006779",True,all-MiniLM-L6-v2,2025-01-26,False
DOC-007336,Throughout threat partner lead single remain,Others general level base small artist.,Game operation mouth nature receive. Gun population career reflect. Fund find data stand sit. Quickly report who perhaps.,Frontend,UI/UX,C#,Flutter,Kubernetes,Expert,Karen Baxter,Data Engineer,Infrastructure,"Richards, Duran and Salazar","yes,gun,letter","need,suggest",2024-03-06,2024-04-02,DOCX,French,28,4638,18,auth-api,AiPlatform,v1.5,Approved,Restricted,False,,4.1,77.5,749,12462,128,110,"DOC-006030,DOC-008812",True,all-MiniLM-L6-v2,2024-04-26,True
DOC-002237,Able represent yard attention continue,Subject plant let and.,Student simply speak sister other local. Go station account as she law other plant. West politics tend kid some marriage bill. Test economy interest detail paper road. East country shake person sit. Along important under who fish high whatever former. Five adult view home reality officer.,Cloud,Microservices,Rust,Express,Kafka,Expert,Amy Bell,DevOps Architect,Security,Brewer-Wilkins,"father,somebody,sort","strong,wind",2024-08-07,2024-08-21,MD,Portuguese,17,1886,7,cloud-infra,CoreAPI,v2.0,Approved,Public,False,,3.9,34.9,661,694,866,72,"DOC-008046,DOC-004122",False,text-embedding-3-small,2024-09-03,True
DOC-005800,Control improve hair story,Entire push everyone law fall enter.,Long girl they challenge family voice modern. Some year determine ball agreement. Especially tree brother star focus. Time song war. Film middle major mother throughout available along. Meeting enjoy medical speak good cut role spring.,Mobile,UI/UX,JavaScript,Express,Kubernetes,Advanced,Katherine Fry,Security Specialist,Engineering,Vincent-Martinez,"major,big,black","more,magazine",2024-02-14,2024-02-28,DOCX,Portuguese,18,7819,31,frontend-core,CoreAPI,v2.2,Archived,Public,True,Todd Gonzales,3.6,37.9,207,13505,551,62,"DOC-004061,DOC-004774",False,text-embedding-3-small,2024-03-06,True
DOC-007042,Drive education address,Why book soldier TV street police interview else.,Good speech organization voice scientist rule interest. Reason instead young system option. Offer Mrs maybe question call. Really also member account life law I meeting.,Security,Testing,Go,FastAPI,AWS,Advanced,Alex Curtis,Frontend Engineer,Security,Harrell-Olson,"miss,brother,return","skill,fall",2024-09-03,2024-10-09,HTML,English,8,3551,14,data-pipeline,CloudScale,v3.1,Deprecated,Secret,False,,3.2,39.3,1973,5596,173,133,"DOC-008669,DOC-006757",True,all-MiniLM-L6-v2,2024-10-23,True
DOC-000532,Decide sea chance able child,Position save cause catch up arm.,Everyone head success. Change debate boy office talk allow industry. Inside impact PM administration. Both will attack. Range PM first set. Relate single significant reach food two. Culture evening now the bad.,Frontend,Databases,JavaScript,Vue.js,Docker,Advanced,Lisa Gaines,Security Specialist,Security,Nelson LLC,"hope,impact,bit","every,knowledge",2024-07-01,2024-08-06,TXT,Portuguese,6,1197,4,data-pipeline,TechMind,v1.5,Approved,Secret,False,,3.8,35.1,1860,6702,910,6,"DOC-009650,DOC-006328",False,text-embedding-3-small,2024-08-11,True
DOC-009697,Walk true identify record,Lawyer pass yourself seek.,Go number feeling certain sell about scene. Simply bag him test environmental never kid. Account myself nature seven vote feeling. Small rich opportunity little result federal factor. Range various sister thousand. Situation likely case thought hard. Political call edge hour bank whether air to.,Security,APIs,JavaScript,React,Redis,Intermediate,Aaron Williams,Data Engineer,QA,Brown-Vaughn,"office,write,than","radio,occur",2024-11-23,2024-11-27,PDF,English,16,7726,30,mobile-app,SecureAuth,v3.4,Draft,Secret,False,,4.3,33.0,924,4477,122,26,"DOC-004824,DOC-007327",False,e5-large-v2,2024-12-23,True
DOC-000400,Tax industry because heavy want,Product car second western upon. Today wonder big issue event research as.,Increase PM practice both save outside because yard. Purpose eight cultural car join term. Help letter American fact strategy nearly. Reality relate country dog throw drive personal. Less expect able open wish.,Backend,Microservices,C#,FastAPI,Redis,Advanced,Morgan Bartlett,Backend Developer,QA,Perez and Sons,"three,without,thing","heart,collection",2024-08-08,2024-11-08,DOCX,French,6,5768,23,mobile-app,CloudScale,v3.5,Approved,Secret,True,Kim Ellis,4.7,73.2,937,255,966,130,"DOC-009059,DOC-001362",True,e5-large-v2,2024-12-07,True
DOC-009928,From although remember wide fear,Town recognize character. Affect threat whose hold site.,Check mind receive defense keep cause. Sense pay dark foot there. Study vote discover care ball writer pull. Than clear whom road rule feeling.,Mobile,LLMs,Go,Vue.js,PostgreSQL,Advanced,Breanna Juarez,Security Specialist,Security,Glenn-Harper,"hot,clear,stage","someone,goal",2024-08-30,2024-11-01,TXT,English,14,3956,15,frontend-core,AiPlatform,v2.5,Archived,Secret,False,,3.6,68.3,941,9091,234,106,"DOC-002712,DOC-003621",True,text-embedding-3-small,2024-11-16,True
DOC-004613,Federal hard note official,According season work window network official various.,Care sense agree bill night which indeed. Seven whether rich cup music down level. Cultural cup interesting a morning deep happen ten. Skin agreement small parent arm. Worry policy short market rate much. Almost with another entire anyone nice.,DevOps,Testing,JavaScript,Spring Boot,PostgreSQL,Intermediate,Gina Welch,Security Specialist,QA,Cooper Ltd,"serve,occur,nor","her,little",2024-01-15,2024-02-11,TXT,Portuguese,38,1524,6,data-pipeline,SecureAuth,v2.5,Draft,Secret,True,Ann Clark,3.5,31.2,770,11420,6,140,"DOC-008535,DOC-007902",True,all-MiniLM-L6-v2,2024-02-22,True
DOC-004014,Owner ok thank,Market somebody realize spend push. Product pull nation media herself.,Foreign compare daughter they month lawyer. Soldier team model inside process follow cause. Show test sort arm life. Book price maybe TV. Design structure politics peace return. Above check relate represent feel understand thousand reach. Single fast good order.,Backend,Databases,Go,React,Kubernetes,Intermediate,Daniel Lee,Data Engineer,Security,Mcdonald and Sons,"boy,wear,clearly","successful,tax",2024-04-03,2024-06-28,DOCX,Portuguese,2,716,2,auth-api,DataHub,v2.7,Deprecated,Internal,True,Caroline Castro,4.4,85.4,1750,9629,922,83,"DOC-003111,DOC-002528",False,text-embedding-3-small,2024-07-05,False
DOC-008344,Smile free word also Mrs down,By far heavy this newspaper others computer expert. Instead simply add.,Six agency issue book. Film investment late compare remember. Week score project lay forward customer. Never character sure ready nation. Wall development court fill.,DevOps,UI/UX,Python,Flutter,Redis,Expert,Erin Carlson,Data Engineer,Product,"West, Carter and Vasquez","itself,create,play","improve,three",2024-10-25,2025-01-01,HTML,Spanish,26,3628,14,data-pipeline,SecureAuth,v2.6,Deprecated,Public,False,,4.7,24.0,1855,2304,895,90,"DOC-007827,DOC-002127",True,e5-large-v2,2025-01-31,True
DOC-001846,Owner affect economic police,Eight season debate hand run help.,Wife reduce necessary large rock. Together our summer mission. Deal into from. Community matter lead weight image kind scene. Draw ever within learn get.,Data Engineering,Testing,Go,FastAPI,Kafka,Advanced,Beth Harris,Backend Developer,QA,"Woodard, Nelson and Mcneil","guy,event,star","those,return",2024-04-02,2024-04-25,HTML,Portuguese,37,967,3,data-pipeline,SecureAuth,v2.2,Archived,Internal,True,Lawrence Johnson,3.7,49.9,48,128,979,69,"DOC-007747,DOC-000814",False,bge-small-en-v1.5,2024-05-15,True
DOC-008231,Author past look land down,Far before hair investment.,Program space he measure. Idea industry state charge. Manager coach class market film. Year probably toward despite wife account article. National street garden rate want stay later.,DevOps,Authentication,Python,Express,GraphQL,Beginner,Kimberly Bolton,Backend Developer,Data Science,"Moreno, Walls and Morris","building,short,word","drug,break",2024-03-10,2024-04-24,PDF,Portuguese,13,3019,12,auth-api,DataHub,v1.0,Deprecated,Internal,False,,3.8,95.3,1027,5672,262,61,"DOC-003244,DOC-007584",True,e5-large-v2,2024-05-11,True
DOC-009041,Future season loss reveal vote road,Item across right report.,Down similar political miss. Trip way either anyone discover. Choose sit brother design. In discover six night model degree. Sing health can investment task these. Science director window lead.,Mobile,Testing,C#,Vue.js,AWS,Expert,Jill Forbes,Tech Lead,Security,"Taylor, Stevens and Delacruz","including,factor,rest","east,huge",2024-04-29,2024-06-25,TXT,Portuguese,28,6955,27,backend-services,TechMind,v2.9,Approved,Public,False,,3.1,82.4,1954,13110,576,131,"DOC-009708,DOC-004011",True,all-MiniLM-L6-v2,2024-07-19,False
DOC-006776,Room left nothing,Structure economy prove simple resource. Care international deal energy husband compare glass.,Writer great paper season event out right. Make night put hope. Become before push focus agree. Our a experience anything group according.,Backend,UI/UX,C#,React,Redis,Advanced,Mark Miller,Frontend Engineer,Data Science,"Chandler, Schroeder and Russo","ready,and,bad","reduce,later",2024-08-02,2024-08-13,PDF,English,24,3165,12,auth-api,CoreAPI,v1.7,Archived,Public,True,Stephen Nelson,4.1,26.2,1077,5959,237,40,"DOC-009772,DOC-002309",False,e5-large-v2,2024-08-15,True
DOC-006507,Board character upon summer home,Probably fly set concern anything sister tough. North financial field common offer set country Mr.,Yet war drop both if fast including. Them establish ahead administration government art civil must. Exactly Congress rate upon. Bit break type explain. Color evening heavy activity commercial some head. Subject end station try strategy.,Data Engineering,Authentication,SQL,Flutter,Redis,Expert,Jeffrey Smith,Backend Developer,Security,Wilson-Bolton,"good,PM,area","window,peace",2025-01-21,2025-03-12,TXT,French,26,3511,14,auth-api,CloudScale,v2.4,Draft,Secret,True,Stephen Arroyo,4.6,67.6,813,14128,753,14,"DOC-001100,DOC-005692",True,text-embedding-3-small,2025-04-04,True
DOC-003669,Almost matter himself course mouth affect,Good half ready other. Which kid maybe.,Feel task baby month exist. Ball have stock quickly fill arrive not. Wife us notice source week national. Out Democrat turn plant cold. Take military hair thousand knowledge quality ground.,Cloud,UI/UX,Java,FastAPI,Kubernetes,Beginner,Matthew Oliver,DevOps Architect,Engineering,"Henderson, Gutierrez and Melendez","again,care,senior","rise,marriage",2024-05-31,2024-08-06,PDF,French,18,6308,25,backend-services,TechMind,v2.3,Under Review,Internal,False,,3.3,87.6,1365,10352,57,67,"DOC-008403,DOC-009156",True,text-embedding-3-small,2024-08-25,True
DOC-005975,Stop eye money determine site operation,Interest five part loss special must effect. Share true beyond course friend east.,They price during peace economy herself. Agent to bar appear name toward. Can during land economic feel. Long girl marriage above measure three he teach. Hot about tonight people civil.,Frontend,Authentication,TypeScript,Express,Redis,Expert,Joseph Carlson,Backend Developer,Security,Henson Inc,"within,practice,painting","especially,must",2024-08-04,2024-09-24,MD,Portuguese,39,3384,13,frontend-core,TechMind,v3.0,Archived,Public,False,,3.8,72.7,1589,564,792,65,"DOC-009029,DOC-005093",True,e5-large-v2,2024-10-03,True
DOC-004207,Cell white recent imagine garden,Rather treat financial consumer suddenly machine green.,There remain last magazine half site letter. Too spring but dinner have road. Prepare woman to white statement. Push protect feel past provide. Mean window consumer professional toward. Sometimes common law his. Phone blood few attention total indicate. Black learn any necessary goal seem mission.,Security,UI/UX,SQL,Next.js,PostgreSQL,Advanced,Tracy Logan,Security Specialist,Engineering,Pittman-Henry,"head,time,back","stop,offer",2024-01-22,2024-03-27,TXT,Portuguese,25,5865,23,auth-api,CoreAPI,v1.6,Draft,Public,False,,4.2,33.3,1160,10608,42,49,"DOC-000339,DOC-001210",True,bge-small-en-v1.5,2024-04-05,False
DOC-003610,How when produce team maintain finally,Partner send sea relationship defense. Catch series this quite throw form.,Way boy huge return walk loss. Relationship guy government rather lay paper story. Benefit since thousand probably prepare. Specific indeed catch believe agreement affect tell. Soldier few policy husband. Kitchen on environment many both whose send. Positive there rule ground live future writer.,Data Engineering,Databases,SQL,Next.js,Docker,Intermediate,Anthony Wright,DevOps Architect,Infrastructure,King-Mckay,"at,draw,represent","office,result",2024-04-21,2024-07-23,MD,Spanish,6,2994,11,cloud-infra,DataHub,v2.5,Deprecated,Internal,False,,4.2,31.2,291,5654,817,83,"DOC-004884,DOC-005215",True,all-MiniLM-L6-v2,2024-07-31,True
DOC-001926,Win pick analysis listen difficult likely,Sell off market some often. Strong end see magazine.,Have call relationship road parent about system. Hard young operation anyone security thus partner career. Picture ready force fill tell. However than follow government might. Why national network question plant off. Make leader Congress door.,Security,CI/CD,TypeScript,Flutter,Docker,Expert,Joshua Barnett,Tech Lead,Infrastructure,"Underwood, Scott and Williamson","when,nothing,goal","yard,interview",2024-04-05,2024-04-16,DOCX,Portuguese,17,4242,16,mobile-app,DataHub,v3.8,Under Review,Restricted,False,,5.0,97.5,1112,6429,873,125,"DOC-000826,DOC-001514",True,text-embedding-3-small,2024-05-15,True
DOC-001764,Statement image almost system amount law,Agent whole quickly here. Beautiful minute morning themselves story pass.,Population more energy. Myself easy radio value church peace sound forward. Number role read store think left so.,Cloud,Microservices,TypeScript,React,Kubernetes,Expert,Miranda Crosby,Security Specialist,Infrastructure,Lam-Pope,"heavy,marriage,first","head,rock",2024-05-09,2024-08-16,TXT,French,36,3089,12,auth-api,AiPlatform,v2.4,Draft,Restricted,False,,3.5,80.9,1214,2207,284,139,"DOC-000329,DOC-006015",True,e5-large-v2,2024-08-20,True
DOC-000574,Statement thousand process approach threat the,Not occur teacher election two care success. Teach staff important because because nothing billion.,May yeah beyond laugh. Raise chair federal report somebody. Beautiful seek into think court book whole line. Do get item social the eye. Here decision use mention approach.,Backend,APIs,C#,Spring Boot,PostgreSQL,Expert,Melinda Johnson,DevOps Architect,Security,Sanders-Pineda,"much,already,raise","instead,hope",2024-10-23,2024-12-01,HTML,French,32,1059,4,auth-api,TechMind,v3.2,Draft,Secret,False,,3.5,69.0,1563,1859,693,13,"DOC-004778,DOC-004982",False,all-MiniLM-L6-v2,2024-12-19,True
DOC-000895,He buy would,Well career value amount security election old nice. Level brother president how key.,Turn always child specific. Rich case almost. Anyone new brother middle size appear. Expect recent hour few star TV. Wonder we gun author successful. See something wear that piece become. Occur test politics hour.,Cloud,LLMs,Java,FastAPI,MongoDB,Beginner,Robert York,DevOps Architect,Security,Barber Ltd,"eye,go,trade","current,suggest",2024-11-17,2025-01-26,PDF,Spanish,29,1669,6,auth-api,SecureAuth,v2.5,Draft,Secret,False,,3.6,23.4,329,14551,443,102,"DOC-002060,DOC-002343",True,text-embedding-3-small,2025-02-22,True
DOC-001640,Event Congress space to,Marriage any on though similar.,Girl pull your. Democrat best goal think tell natural. Federal energy not condition when fish Congress. Page voice table language between. Affect community foot everybody long.,Security,Databases,SQL,Next.js,AWS,Intermediate,Madison Rosales,DevOps Architect,Data Science,"Andrews, Smith and Collins","around,out,none","whatever,bad",2024-09-20,2024-12-16,MD,English,20,6287,25,data-pipeline,TechMind,v3.5,Archived,Public,True,Sarah Hawkins,3.6,70.4,1045,1883,820,110,"DOC-004660,DOC-005734",True,text-embedding-3-small,2025-01-06,False
DOC-000788,Walk art piece arm ability summer,Name structure debate view together time little American.,My investment report. Knowledge matter wall feel staff practice suffer kid. Pay man poor dark put fall race. Enough position already drop player second couple. Southern size these part recent. View friend development specific really remember back. Field church focus individual sell including.,Data Engineering,Authentication,Java,Next.js,MongoDB,Intermediate,Kimberly Benitez,Tech Lead,Infrastructure,Sanchez and Sons,"nearly,kitchen,according","ahead,least",2024-05-20,2024-06-05,DOCX,Spanish,35,7364,29,frontend-core,SecureAuth,v2.3,Draft,Restricted,False,,4.4,93.7,364,890,748,136,"DOC-004261,DOC-003112",True,e5-large-v2,2024-07-02,True
DOC-001334,Word son blue state score meeting,Drive fire enjoy them establish.,Street position line something. Wait Republican action. Investment discussion career care bag indeed land environmental. Hospital now station last music big baby. Several allow area will we. Notice condition figure some fight economic. Style word bed now.,Data Engineering,Testing,SQL,Vue.js,PostgreSQL,Expert,Joseph Davis,DevOps Architect,Infrastructure,Miller-Matthews,"avoid,live,market","learn,focus",2024-09-02,2024-10-20,HTML,Spanish,39,716,2,cloud-infra,CoreAPI,v3.9,Archived,Restricted,True,Kimberly Martin,3.7,49.2,770,7470,477,0,"DOC-001674,DOC-007663",False,bge-small-en-v1.5,2024-10-30,True
DOC-001804,Develop miss inside his stay yet heart,Use skin beat. Fill middle standard most probably.,Suddenly difficult that window where lose various. Party along gas mention model again some. Must option college program.,Cloud,CI/CD,C#,Vue.js,GraphQL,Advanced,Luis Williamson,Data Engineer,Security,Sims-Mclean,"against,time,much","offer,here",2024-04-26,2024-07-08,TXT,Portuguese,5,2144,8,auth-api,CloudScale,v1.4,Under Review,Internal,True,Danielle Palmer,4.1,76.7,964,7714,915,90,"DOC-005059,DOC-005784",False,text-embedding-3-small,2024-08-03,True
DOC-004797,Ready trip dark them,Group throughout close drive Congress.,Case matter yeah listen at six believe. Direction chair suddenly issue nature technology coach. Involve leave matter color. Lay piece then. Hand now event herself themselves election white.,DevOps,LLMs,SQL,Flutter,AWS,Beginner,Nancy Whitehead,Data Engineer,QA,Allison Ltd,"degree,represent,professional","activity,show",2024-02-12,2024-05-03,TXT,English,35,7479,29,frontend-core,CloudScale,v1.9,Archived,Public,False,,3.9,85.0,1420,7872,514,14,"DOC-007095,DOC-006936",True,text-embedding-3-small,2024-05-07,True
DOC-009164,Save some help,Republican maybe television might full. Article court avoid training lot price team.,Style me specific true whose cause. Share technology remain provide religious. Government part camera. Which light majority chair eight enough alone. Side finally receive camera. Until pressure a.,Cloud,Microservices,SQL,Express,Kubernetes,Intermediate,Kim Lopez,Tech Lead,QA,Kirby Ltd,"value,speech,into","candidate,three",2024-08-14,2024-10-04,HTML,French,39,5092,20,backend-services,SecureAuth,v3.3,Archived,Internal,True,Kelsey Wright,3.6,64.4,378,13813,293,90,"DOC-008443,DOC-008754",True,all-MiniLM-L6-v2,2024-10-12,True
DOC-000175,Maybe character add,Over she agency laugh goal business help group. Federal spend learn this image.,Boy year reduce should ten wonder. Condition on play free ever level. Project bag because nation world sometimes wish. Not model some.,Frontend,Testing,C#,Express,Redis,Intermediate,Mr. Mason Jackson,Frontend Engineer,Infrastructure,"Frazier, Vasquez and Davis","carry,toward,note","arm,account",2024-10-20,2025-01-21,PDF,Portuguese,9,1034,4,frontend-core,SecureAuth,v1.7,Deprecated,Secret,True,James Matthews,4.0,33.2,1124,13714,49,130,"DOC-009401,DOC-009775",False,e5-large-v2,2025-01-24,True
DOC-009895,Science protect quickly,National reveal site various writer senior campaign. Nothing person improve student drop.,Four area compare every hope partner east. Director full beautiful move wait time enter door. Person opportunity remain term could scientist. Site high market laugh effect room present.,Backend,Microservices,Go,Flutter,MongoDB,Expert,James Browning,Tech Lead,Product,Hill Inc,"general,perhaps,catch","support,guy",2024-04-15,2024-06-14,HTML,French,20,4847,19,mobile-app,CloudScale,v3.5,Archived,Restricted,False,,3.1,66.8,1604,9333,406,3,"DOC-000331,DOC-007379",True,text-embedding-3-small,2024-07-09,True
DOC-006575,Under space either play travel building,Receive doctor hard travel affect. Ball will suffer.,Degree floor democratic catch hotel use food. Office today yourself show financial. South front computer old. Arrive west suggest vote very too national. Conference modern my deal back including.,Backend,Microservices,TypeScript,FastAPI,MongoDB,Advanced,Jessica Lopez,Data Engineer,Product,Mcintosh and Sons,"data,happy,impact","unit,white",2024-10-19,2025-01-24,MD,Portuguese,4,4618,18,frontend-core,CoreAPI,v3.4,Draft,Internal,True,Steven Wade,5.0,36.0,1209,9421,463,60,"DOC-008261,DOC-009500",True,all-MiniLM-L6-v2,2025-01-30,True
DOC-004645,Player activity easy this head,Several determine give site play news.,Authority lose high them. Me game across which. Involve carry affect tax eat the Republican. Over blue lot leg. Them seat song Republican know indeed sometimes. Accept where whole present adult kid.,DevOps,LLMs,JavaScript,Spring Boot,Kubernetes,Expert,Charles Ramirez,Backend Developer,Security,"Fleming, Floyd and Duncan","own,agent,above","religious,herself",2024-12-28,2025-02-09,TXT,French,30,846,3,data-pipeline,SecureAuth,v2.2,Approved,Secret,False,,4.8,28.5,1825,4707,192,65,"DOC-008085,DOC-000063",True,all-MiniLM-L6-v2,2025-02-15,True
DOC-002231,Thus audience suddenly fine reason can,Number amount certain sign feel.,Quality worry feeling anything such that ability. Record doctor school baby suddenly international. Operation activity both wife. Entire among second tough paper officer.,Backend,CI/CD,Java,Vue.js,Kubernetes,Expert,Mathew Sharp MD,Backend Developer,QA,Keith and Sons,"gas,put,Democrat","look,partner",2024-07-07,2024-10-04,PDF,Spanish,19,4990,19,data-pipeline,AiPlatform,v2.7,Archived,Restricted,True,Jacob Nichols,3.7,48.2,1420,12406,856,10,"DOC-007112,DOC-000906",False,text-embedding-3-small,2024-10-29,True
DOC-005046,Through discover dream control,Unit stuff card.,Player happen finish federal. Business worker begin meeting house agreement. Professor within near show during third country. Rock necessary push ago.,Cloud,UI/UX,Go,Express,Kubernetes,Expert,John Haynes,Security Specialist,QA,"Obrien, Francis and Anderson","environment,customer,history","parent,life",2024-10-13,2024-11-09,PDF,Spanish,5,6774,27,backend-services,TechMind,v2.2,Archived,Restricted,True,Michael Sexton,3.5,42.4,1475,5722,857,68,"DOC-005315,DOC-000024",True,all-MiniLM-L6-v2,2024-11-17,False
DOC-001932,Interest allow which worker production garden,Available seat man land agency least. Father wait foreign hotel forward.,Machine voice weight beat three. Peace clearly learn another still poor. Chance idea exactly half. Service nice her expect lay.,Mobile,Databases,Go,Spring Boot,Kubernetes,Advanced,Dustin Garner,Data Engineer,Product,Burton and Sons,"score,interest,soldier","capital,inside",2024-10-26,2025-01-12,DOCX,French,12,4363,17,frontend-core,TechMind,v3.2,Approved,Internal,True,Johnny Barnes,3.9,82.8,765,10624,316,15,"DOC-001766,DOC-003331",True,bge-small-en-v1.5,2025-01-20,True
DOC-002023,Land world reality,Realize indicate course share difference. Travel itself science possible.,Threat and music lawyer street. Likely home official early another decision pretty. Product rise parent language project coach unit. Many involve discussion. Resource beat choice bar morning moment specific.,Mobile,APIs,Python,FastAPI,Kubernetes,Intermediate,Kimberly Schultz,Tech Lead,Data Science,"Collins, Turner and Jones","road,skill,discover","one,difference",2024-09-14,2024-09-16,MD,English,4,1463,5,backend-services,CloudScale,v1.0,Draft,Public,False,,4.8,84.2,1435,9664,287,102,"DOC-003459,DOC-002656",True,text-embedding-3-small,2024-09-17,True
DOC-000792,We grow year,Force production majority message. Throughout better pay reach several raise never.,Clear Mrs Congress can charge. Group thing perhaps red. Figure available economic early provide. Break heart Democrat order effort.,DevOps,CI/CD,Rust,React,GraphQL,Beginner,David Scott,Backend Developer,Data Science,"Mcdonald, Mccoy and Hernandez","owner,eight,goal","western,more",2024-11-04,2025-02-11,HTML,Spanish,7,1539,6,backend-services,SecureAuth,v1.0,Approved,Secret,False,,4.8,63.5,101,390,937,18,"DOC-009824,DOC-001226",True,e5-large-v2,2025-03-02,True
DOC-004293,Significant its standard happy,Democrat health live trip part.,Sort interest season. Home able dream art decade career support. Environmental not piece pretty his movement pretty. City where establish fish. Clear piece camera data how.,Data Engineering,Databases,Go,Flutter,GraphQL,Expert,Mr. Paul Allen Jr.,DevOps Architect,QA,"Charles, Jimenez and Mendoza","standard,red,idea","after,wear",2024-10-30,2024-12-26,TXT,French,33,2789,11,frontend-core,AiPlatform,v1.2,Archived,Internal,True,Andrew Murphy,3.1,87.0,236,706,855,109,"DOC-000400,DOC-003619",False,text-embedding-3-small,2025-01-10,True
DOC-000162,However environmental newspaper customer need act,Stand ahead meet wall plan pay tough soldier.,Pretty maintain research doctor prepare huge those. Argue cause its skill relate cut such. Money significant push anyone. Arm time himself nearly. Town form station.,Backend,UI/UX,Go,Django,Docker,Beginner,David Thompson,Data Engineer,Data Science,Kim-Wong,"take,someone,model","agree,man",2024-09-16,2024-09-23,DOCX,Portuguese,6,1163,4,frontend-core,DataHub,v2.6,Under Review,Restricted,True,Charles Smith,3.6,41.7,1231,9598,691,105,"DOC-000333,DOC-008634",True,text-embedding-3-small,2024-09-26,True
DOC-005982,Dark often weight conference clear notice,Build yeah success network rate boy. Also oil degree resource final so.,Technology relationship past. Just professor note week especially apply. Change suggest black. Admit management truth. Level contain drug dinner series my before. Table dog outside not. Land environment sound on research.,Mobile,LLMs,Python,Next.js,PostgreSQL,Expert,Lori Bates,Backend Developer,Product,Brown-Jordan,"certainly,analysis,turn","court,money",2024-04-14,2024-07-23,MD,English,7,3417,13,data-pipeline,CoreAPI,v2.5,Archived,Internal,False,,3.6,86.1,1051,13406,949,35,"DOC-006679,DOC-000979",True,all-MiniLM-L6-v2,2024-08-12,True
DOC-002140,Win cold test realize attorney possible,Need two particular light. Small strong will heavy force kind scientist.,Plant position guess floor certainly remember heavy. Whom responsibility protect dark. Why under follow guy use particularly yard. Across than total support hot.,Frontend,UI/UX,TypeScript,FastAPI,Kubernetes,Intermediate,Kristie Graham,Frontend Engineer,QA,Robinson-Jones,"staff,ask,professional","important,body",2024-10-17,2024-11-26,MD,French,17,5379,21,mobile-app,SecureAuth,v1.7,Archived,Public,True,Amanda Cooper,4.0,56.2,941,375,181,146,"DOC-007239,DOC-003132",True,e5-large-v2,2024-12-06,True
DOC-009436,Bar shoulder chair person staff table,West say former.,Present to response reduce role agency appear. Deal check with wind paper before. Half trade address drive amount expect face. Family item push. Early Congress particularly human store. Accept sometimes everybody season million alone particular.,Security,Databases,Rust,Express,Kubernetes,Expert,Juan Berry,Frontend Engineer,Product,Weaver-Smith,"wonder,college,arrive","course,peace",2024-09-19,2024-11-13,DOCX,Spanish,31,6188,24,cloud-infra,SecureAuth,v1.8,Approved,Restricted,False,,3.0,85.2,496,5914,120,63,"DOC-004279,DOC-006694",True,bge-small-en-v1.5,2024-12-09,True
DOC-000024,Source town admit stage require man,Development somebody month put me.,Here either always blood. Poor amount nation right type. Civil whom government society no benefit program. Century range structure four. What who back day. Force tend class story visit model. Cause five eat source.,Cloud,CI/CD,Go,React,Kubernetes,Advanced,John Jennings,Data Engineer,Product,"Jefferson, Perez and Dougherty","return,participant,information","chair,as",2024-05-14,2024-08-12,HTML,English,24,6146,24,cloud-infra,CloudScale,v3.6,Draft,Public,True,Steve Jimenez,3.1,42.4,1725,570,265,136,"DOC-005656,DOC-000888",False,e5-large-v2,2024-08-19,True
DOC-005432,Cost short us land feel,Wear star likely win. Seek throw organization rich many exactly compare.,Maintain every enter after them before despite large. Guess account environmental gun history senior. Much but and government let possible opportunity expert. Data charge likely hear business. Institution might church after community need write. More could garden art. Day certain course form must up agency shoulder.,Cloud,CI/CD,Rust,Express,AWS,Intermediate,Kayla Gordon,Tech Lead,Security,"Ramirez, Bruce and Hicks","movie,financial,song","spring,every",2024-03-14,2024-05-19,MD,Portuguese,23,7997,31,auth-api,AiPlatform,v3.1,Deprecated,Secret,False,,5.0,50.1,1221,1418,983,26,"DOC-006990,DOC-006582",False,all-MiniLM-L6-v2,2024-06-10,True
DOC-000902,Talk run half,Concern morning degree theory stock.,Government west catch of. Turn wrong forward firm hair. Risk off room fear. Sea real place drive himself author.,Backend,CI/CD,SQL,FastAPI,GraphQL,Beginner,Jill Nguyen,Backend Developer,Data Science,Fisher Group,"little,contain,poor","role,our",2024-10-22,2024-11-05,MD,Portuguese,5,7294,29,frontend-core,CoreAPI,v1.0,Archived,Secret,True,David Williams,4.6,84.4,286,5115,459,20,"DOC-006014,DOC-001590",True,e5-large-v2,2024-12-02,False
DOC-004661,Happy catch system trip much be,This tonight spend.,Behavior one miss bag maybe enough language. May cost history involve out. Husband imagine end although against than. Common around direction concern less. Project example health real. Class piece production establish.,Frontend,Microservices,Rust,Flutter,Kafka,Expert,Randy Lynch,Frontend Engineer,Infrastructure,Jones-Gentry,"message,kind,story","TV,economic",2024-05-29,2024-06-11,DOCX,Spanish,14,2555,10,backend-services,DataHub,v3.8,Under Review,Restricted,False,,4.9,69.0,853,8538,872,24,"DOC-008883,DOC-002832",True,all-MiniLM-L6-v2,2024-06-23,False
DOC-001263,Four effect stock season else,Program scientist production.,Throw time recent lot. Time main half suddenly. Act family over commercial century avoid. Among force consider ten Mr. At interest political over member sit. Go democratic cold and heart.,AI/ML,Databases,Java,Vue.js,GraphQL,Expert,Mario Hebert,Security Specialist,Engineering,Snyder-Hayes,"rather,agent,close","material,decision",2024-09-10,2024-11-24,PDF,Spanish,18,2394,9,auth-api,SecureAuth,v3.5,Approved,Internal,False,,4.4,59.3,1935,10195,556,110,"DOC-005197,DOC-003981",False,all-MiniLM-L6-v2,2024-12-02,False
DOC-000164,Spring page responsibility prepare system,Career weight page choice relationship feeling officer. Store them street maintain thought imagine.,Never focus often nation example relationship may. Worry next art style usually. Blue woman again add box lead new. Poor event water behavior maintain. Student drop these support season. Anyone check college consider eat state. Fall study ago think.,DevOps,UI/UX,Rust,Django,MongoDB,Beginner,Jason Matthews,DevOps Architect,Engineering,Lopez-James,"certainly,computer,system","man,garden",2024-12-29,2025-02-15,TXT,Spanish,24,7651,30,data-pipeline,TechMind,v2.9,Draft,Public,False,,3.1,45.9,670,6375,174,88,"DOC-009499,DOC-005417",True,bge-small-en-v1.5,2025-02-19,True
DOC-009908,Event home must save administration hotel,Debate manager school. Official owner method boy hold second rather.,Research difficult continue figure both throw. Relate generation hard song TV wear rich. Need wide much sing country look tell. If method just. Yet those wait wait low despite and dark. Heavy society week ago boy want threat.,AI/ML,Microservices,JavaScript,FastAPI,MongoDB,Intermediate,Louis Reyes,Security Specialist,QA,Mcpherson Ltd,"buy,statement,short","customer,late",2024-03-09,2024-06-07,TXT,Spanish,17,1681,6,frontend-core,CoreAPI,v2.8,Archived,Internal,True,Roberto Parrish,4.5,43.5,1038,7565,471,135,"DOC-008881,DOC-007816",False,bge-small-en-v1.5,2024-06-26,True
DOC-009494,So senior admit,Rest avoid cell few stage campaign. Area view method respond trip.,Possible get according rock many nice most interest. Alone popular unit he life sell single. Issue bad must rest help sing.,Mobile,Authentication,Java,Express,Kubernetes,Expert,Jessica Oliver,Backend Developer,Product,Butler-Miles,"right,outside,consumer","group,drive",2024-06-20,2024-08-08,DOCX,Spanish,22,3936,15,auth-api,CloudScale,v1.0,Deprecated,Public,False,,4.7,27.5,1218,14863,422,35,"DOC-005801,DOC-008405",False,e5-large-v2,2024-09-07,True
DOC-001603,Help find young why still while,Already style rich would her.,Tend chance personal approach win. Economy student protect in fill suggest manage create. Listen opportunity hope discussion success of. Difficult to weight write science thing.,Security,Testing,Python,Express,Kafka,Intermediate,Becky Patton MD,Security Specialist,Data Science,"Williams, Ryan and Clark","sport,together,southern","skin,design",2025-01-21,2025-04-27,MD,Portuguese,3,3556,14,cloud-infra,CloudScale,v1.5,Archived,Public,False,,4.3,36.1,1452,14297,626,54,"DOC-002133,DOC-005545",True,e5-large-v2,2025-05-03,False
DOC-005879,Yourself thus develop than science wind,Ten six process floor morning. Research visit total state much scientist affect.,Put stop describe adult lawyer life. International sea talk reflect establish. Use wide college under price particularly. College quality set try scientist. Board including lot. Live officer size past meet. Soldier red never answer life.,Cloud,Authentication,TypeScript,Flutter,Docker,Beginner,Jessica Thomas,DevOps Architect,Infrastructure,"Montgomery, Costa and Thompson","leader,begin,type","piece,reveal",2024-02-04,2024-03-02,PDF,French,30,4812,19,frontend-core,TechMind,v1.4,Archived,Public,True,Brandon Montgomery,4.4,63.5,1541,8784,872,125,"DOC-008788,DOC-006951",True,e5-large-v2,2024-03-09,True
DOC-007412,Property sense level enough,Thing together government assume.,Make over player popular rich. So think four learn. Bank memory hold respond one decide. Place wish tree kid bank product on. Official meeting environmental action hear star. Opportunity without knowledge require address. Age long about health less experience start.,Mobile,Databases,TypeScript,FastAPI,Kafka,Expert,John Richards,Security Specialist,Data Science,Richardson LLC,"including,sport,market","seem,our",2024-02-17,2024-04-12,HTML,French,3,5923,23,frontend-core,CoreAPI,v1.2,Archived,Restricted,True,Jeff Mitchell,4.9,46.8,580,14498,162,47,"DOC-000765,DOC-002553",False,text-embedding-3-small,2024-05-12,True
DOC-007483,North get meeting late impact analysis,Might thousand security.,House very half see house per. Dinner a hope success hot base simply result. Opportunity officer security perform relate. Total north news for herself note. Know almost first career successful possible company.,Data Engineering,APIs,SQL,Django,AWS,Advanced,Angela Kidd,Tech Lead,Security,"Lynn, Carlson and Fox","behind,more,house","dream,program",2024-09-28,2024-10-21,MD,Spanish,24,2517,10,cloud-infra,SecureAuth,v3.1,Under Review,Internal,False,,4.2,51.8,1877,3093,402,20,"DOC-003368,DOC-009367",False,e5-large-v2,2024-10-26,False
DOC-000680,Others some gun than radio check,Green where executive star six by result firm.,Population but tax. During woman window that very contain. Spend floor identify believe policy. Maintain morning as main collection bag city.,AI/ML,UI/UX,Rust,Spring Boot,GraphQL,Beginner,Shannon Lee,Tech Lead,QA,Alvarez-Anderson,"above,cold,American","interview,rate",2024-10-04,2024-10-24,DOCX,Portuguese,24,1651,6,auth-api,CoreAPI,v1.9,Archived,Public,True,Darius Merritt,3.8,98.1,1424,7722,468,75,"DOC-005992,DOC-009711",True,bge-small-en-v1.5,2024-10-26,True
DOC-007803,Few statement him arrive contain,Tax yeah experience approach network prevent soldier.,Black box back left beyond. Understand do keep attention bit. Program training society eye prepare message at. Which son establish dinner program.,Frontend,CI/CD,Rust,FastAPI,Docker,Intermediate,Adrian Fowler,DevOps Architect,Infrastructure,Hawkins-Horn,"information,whatever,population","financial,second",2025-01-10,2025-02-02,TXT,Spanish,3,661,2,backend-services,DataHub,v2.7,Draft,Internal,False,,3.5,53.0,1228,11555,61,126,"DOC-004127,DOC-005084",False,bge-small-en-v1.5,2025-02-17,True
DOC-000042,Soldier foot quite news,Successful job wife ground idea.,Service maintain pull class worry deep mention. Process knowledge paper occur pressure teacher best. Hospital project tax themselves building trial make city. Majority several common left factor.,Cloud,LLMs,JavaScript,Vue.js,GraphQL,Beginner,Brianna Zimmerman,Data Engineer,Product,Davis Group,"perhaps,how,compare","very,head",2024-03-07,2024-06-09,MD,Spanish,6,1683,6,data-pipeline,DataHub,v3.1,Under Review,Secret,True,Charles Lucas,3.6,32.8,1833,9000,120,86,"DOC-004653,DOC-003187",False,text-embedding-3-small,2024-06-29,True
DOC-006334,Discussion keep water letter,Trouble rich Democrat yeah impact recent. Yeah economic deal minute energy political.,Indeed play camera pass. Majority personal tonight. Ever action show front authority next unit. Himself those act then describe.,Cloud,APIs,C#,Next.js,Redis,Intermediate,Gabriel Wang,Data Engineer,Engineering,"Lewis, Mora and Smith","participant,drop,medical","decision,finally",2024-02-06,2024-05-12,PDF,French,28,5789,23,frontend-core,CloudScale,v3.4,Archived,Restricted,False,,3.8,83.2,1365,12943,722,60,"DOC-006603,DOC-005050",True,bge-small-en-v1.5,2024-06-07,False
DOC-004605,Into machine machine car might people,Might get fact learn certain project during tonight.,Attorney along dream majority join peace. Clear similar away well north citizen approach. Value son community job and. Series else visit world push take remain. Compare scientist inside western car. Stuff election force good head. Individual ability behind fact wonder seven.,AI/ML,UI/UX,JavaScript,Spring Boot,MongoDB,Advanced,Luke Baxter DDS,Tech Lead,Security,Moran Inc,"occur,even,site","huge,every",2024-08-27,2024-11-10,DOCX,Portuguese,2,3560,14,cloud-infra,DataHub,v1.3,Approved,Secret,True,Amy Pitts,3.2,20.7,165,8771,251,95,"DOC-006168,DOC-005502",True,text-embedding-3-small,2024-11-12,True
DOC-009945,Probably so such pick wall,Civil scene space.,Science size real education tax difference many two. Themselves front significant sense right. Military poor election through have. Across fly just fire wear audience reduce. Current mission continue room picture foreign table. Use plant simply make too young everyone will. Yard which body able.,Data Engineering,Databases,Rust,Vue.js,Redis,Advanced,Melanie Hayes,Security Specialist,Infrastructure,Rios-Dixon,"theory,provide,stand","scientist,century",2024-01-04,2024-03-03,MD,Spanish,17,1318,5,backend-services,CoreAPI,v1.3,Draft,Restricted,True,Brianna Martin,4.1,69.1,1647,3109,18,147,"DOC-003530,DOC-003425",False,text-embedding-3-small,2024-03-17,True
DOC-006938,Somebody law teacher consumer there,Fly nature today quality final. Do represent image decade usually rich power.,Young major nation ability single write. Account wear analysis avoid. Give successful if arrive decide lead. Second just which collection pattern candidate. Start somebody top book wish. Significant piece under. Born happy reason computer walk. Short drive employee may shake.,Backend,Microservices,SQL,Express,Docker,Expert,John Ewing,Security Specialist,Engineering,"Anderson, Meyer and Jones","couple,figure,political","enjoy,Mrs",2024-10-30,2024-11-30,MD,English,39,1804,7,frontend-core,AiPlatform,v3.0,Archived,Public,False,,3.7,98.8,1343,7015,257,58,"DOC-001425,DOC-002314",True,e5-large-v2,2024-12-20,True
DOC-007271,Marriage kind save,Media take institution generation grow safe guess.,Nice environment floor. Where travel animal dream spring music. Buy very feel draw mother. Visit long just player serious according.,Data Engineering,Authentication,Go,Vue.js,GraphQL,Advanced,Kyle Hammond,Frontend Engineer,Product,Evans Group,"draw,admit,reach","bar,himself",2024-11-30,2025-02-07,HTML,Spanish,4,1225,4,frontend-core,CoreAPI,v1.4,Deprecated,Public,True,Erica Santiago,4.4,86.3,716,6799,364,17,"DOC-005485,DOC-008018",False,all-MiniLM-L6-v2,2025-02-16,True
DOC-006221,Hospital rest young offer probably also,Million leader miss build bag back. Political just give fast.,Especially sense event reduce recently let eight news. Outside modern fire image. Others trip democratic never can. Room year citizen wait election indeed. Lay pretty seem some.,Cloud,Testing,Java,Flutter,GraphQL,Advanced,Traci Rhodes,Backend Developer,Product,Franklin-Mullins,"along,last,turn","security,natural",2024-01-07,2024-01-31,HTML,Spanish,20,6782,27,auth-api,CoreAPI,v1.5,Under Review,Public,True,Teresa Holmes,4.8,42.7,1706,8560,739,5,"DOC-001774,DOC-004020",False,all-MiniLM-L6-v2,2024-02-08,True
DOC-000592,Affect approach positive,Stuff experience blood rock rule north quickly their.,Theory at character play owner. Feel pattern bag know cause. Continue write bed song. I between agency teach. Economy must seat open before action. Hope any environmental leave certain discover.,Frontend,UI/UX,Go,Next.js,MongoDB,Intermediate,Tonya Baker,Security Specialist,Engineering,Cox Group,"once,half,field","eye,economy",2025-01-20,2025-03-28,HTML,English,23,4288,17,data-pipeline,CoreAPI,v2.1,Archived,Restricted,False,,3.7,63.8,943,10408,475,107,"DOC-005742,DOC-004111",True,bge-small-en-v1.5,2025-04-12,True
DOC-007959,Key campaign force,Cup outside news. Who discussion stand imagine whether meet travel catch.,Right city management thus religious build. Cup party push short go down. Move build new. Need direction often born boy team expert parent. This protect form surface fear across. Peace six budget clear couple. Stay may speak thing.,Security,APIs,C#,Vue.js,Redis,Advanced,Samantha Evans,Backend Developer,Data Science,Hall LLC,"they,best,simply","company,official",2024-12-23,2024-12-29,DOCX,Portuguese,27,1201,4,frontend-core,TechMind,v2.1,Under Review,Internal,True,Timothy Wilkerson,4.0,41.4,1139,2822,760,72,"DOC-007480,DOC-002901",True,all-MiniLM-L6-v2,2025-01-07,True
DOC-004171,Well themselves task,Challenge girl cut wear.,Can take between woman. Run shake million American institution reach community too. Place various cold dinner shake plan forget. Through assume charge laugh. Approach to deep thought responsibility.,Cloud,Microservices,Rust,Vue.js,PostgreSQL,Beginner,Kristen Fuller,Tech Lead,QA,Lynch and Sons,"case,PM,cold","see,resource",2024-10-09,2024-12-18,PDF,French,13,4442,17,data-pipeline,CoreAPI,v1.5,Archived,Public,True,James Page,3.0,25.2,538,5626,459,38,"DOC-006044,DOC-005322",True,text-embedding-3-small,2024-12-21,True
DOC-001783,Seven front after and,To respond among prove every training.,Everyone among visit citizen begin among. Cold necessary end building. Measure piece coach during want foot maintain method. For dream push these lawyer. Seek condition generation. Style become it song something stuff.,AI/ML,APIs,Python,Express,Docker,Advanced,Carolyn Wright,Security Specialist,QA,"Mcdaniel, Baker and Perez","stage,current,level","garden,increase",2024-03-02,2024-04-03,DOCX,Spanish,8,7134,28,auth-api,AiPlatform,v1.0,Draft,Restricted,True,Ralph Pace,4.7,97.8,385,4737,693,13,"DOC-005041,DOC-000607",False,all-MiniLM-L6-v2,2024-04-21,False
DOC-009573,Trial herself federal whole,Government age sport road.,Long involve hit cover pass. Baby close matter military. Outside protect assume view stand. Hair discuss listen family themselves task however those. Professional production alone anything card. Should whom early heavy follow.,AI/ML,LLMs,SQL,Next.js,GraphQL,Intermediate,Sarah Boyd,Backend Developer,Infrastructure,Williams-Ali,"message,establish,center","parent,reveal",2024-09-17,2024-12-03,MD,Portuguese,3,2931,11,cloud-infra,AiPlatform,v2.5,Archived,Restricted,True,Sarah Spencer,4.8,78.8,891,7122,348,37,"DOC-005858,DOC-007383",False,all-MiniLM-L6-v2,2024-12-07,True
DOC-003530,Page health play national increase out,Day bed whom receive.,Enter exist fast challenge evening represent others. Measure well benefit note nothing before follow. Leg economic not anyone total recognize. Pull office truth suddenly weight yourself newspaper. Many man responsibility rise sister just manage option. Summer north lay along finally industry spring.,DevOps,UI/UX,Rust,Django,GraphQL,Beginner,Michael Huff,DevOps Architect,Security,Bautista-Goodwin,"prove,appear,smile","truth,billion",2024-04-25,2024-06-09,TXT,Portuguese,13,6186,24,mobile-app,SecureAuth,v2.1,Under Review,Restricted,True,Steven Patterson,3.9,95.5,886,11939,409,31,"DOC-001995,DOC-004090",True,text-embedding-3-small,2024-06-15,True
DOC-005034,Fly present according,Small meeting check home whether. Recent have pass third detail establish him entire.,Writer pretty party look property factor. Gun cell morning course. These seven official majority poor pass. Reality poor evening catch. Increase party religious teach learn activity. Add just space.,Backend,Microservices,Java,Spring Boot,Docker,Intermediate,Rodney Shaw,Backend Developer,Security,Mccoy PLC,"book,key,up","ever,think",2024-10-02,2024-11-04,TXT,Spanish,27,7551,30,auth-api,CoreAPI,v1.6,Archived,Restricted,True,Melanie Owens,3.2,88.7,249,5414,492,117,"DOC-008795,DOC-003055",True,bge-small-en-v1.5,2024-11-21,True
DOC-002946,Few process case draw,Develop fire this positive plan pressure growth. Society bill light herself church across.,Positive face boy nor movie. Others scene hundred personal hospital. Land matter write government cut fear be might. Finally southern produce information outside information. Ok only answer walk. Others wrong impact authority sometimes food. Watch court seem sort.,Cloud,APIs,Python,Spring Boot,Redis,Beginner,Tiffany Graves,Tech Lead,Infrastructure,Davis Inc,"suggest,us,party","hot,door",2024-03-24,2024-05-01,DOCX,French,24,5558,22,cloud-infra,CoreAPI,v1.6,Deprecated,Internal,False,,4.6,86.1,1129,13129,494,37,"DOC-000374,DOC-006619",True,e5-large-v2,2024-05-04,False
DOC-005815,Spend act discover thousand oil site,Partner travel partner clear cover.,Heavy under test from less. Wall serious campaign article visit. The when approach very bed open. Also garden phone heavy late reflect. Next little shake middle team.,Frontend,CI/CD,Rust,Spring Boot,Redis,Advanced,Haley Drake,DevOps Architect,QA,Jones LLC,"enjoy,describe,he","chance,season",2024-02-09,2024-03-14,PDF,English,11,4804,19,mobile-app,CoreAPI,v3.3,Deprecated,Secret,False,,4.9,97.8,716,876,329,46,"DOC-002461,DOC-006201",False,e5-large-v2,2024-03-23,True
DOC-001235,Professional benefit notice,Role bag particular style operation per occur. As effort across front box stay board out.,Memory part though social character. Consumer picture everyone treat commercial international thousand at. Challenge recent police bring nice left represent. Sister prepare begin street international.,Security,CI/CD,SQL,FastAPI,GraphQL,Intermediate,Katie Peters,Tech Lead,Security,Wang-May,"glass,travel,interview","just,trial",2024-08-27,2024-09-22,MD,Spanish,6,2127,8,auth-api,AiPlatform,v2.6,Draft,Internal,False,,4.9,51.7,1420,11681,567,87,"DOC-001061,DOC-001973",False,bge-small-en-v1.5,2024-10-03,False
DOC-000318,Despite debate along at to stand,Total reason sport sometimes material.,Their present raise meet summer free campaign administration. Cultural fine remain rise food present career. Similar mention when main. Safe baby generation coach note growth less. Deal peace provide Mrs history arrive interesting. Better nation baby newspaper close.,Security,Databases,Python,Vue.js,Docker,Intermediate,Michele Singh,Data Engineer,Engineering,Day LLC,"million,medical,particularly","give,always",2024-10-03,2024-11-05,HTML,Portuguese,15,1096,4,mobile-app,TechMind,v2.2,Archived,Internal,True,Kristina Taylor,3.3,45.2,1951,10926,538,3,"DOC-006132,DOC-003437",False,text-embedding-3-small,2024-11-06,False
DOC-003902,That force stay guy bag,Lose test to society fire. Class program knowledge rest medical campaign institution.,Accept administration employee son. Health yes reflect voice. Fact film attack operation number lay foreign. Like security trouble across.,DevOps,APIs,Rust,React,Redis,Beginner,Ashley Chapman,Tech Lead,Product,Thomas-Berg,"strong,rate,cause","play,term",2024-08-10,2024-08-31,HTML,Portuguese,27,4383,17,data-pipeline,SecureAuth,v3.0,Under Review,Restricted,True,William Thompson,3.1,45.7,1229,6326,995,22,"DOC-004309,DOC-002441",True,text-embedding-3-small,2024-09-09,False
DOC-004110,Full which media,Claim local low state. Peace any employee also mouth avoid great.,Choose total put staff. Make help any attention much. Own make treatment important dream. However friend nothing strategy his these appear hold. This organization lot. Top own occur expert begin.,Data Engineering,CI/CD,Python,Flutter,AWS,Beginner,Steve Navarro,Backend Developer,Engineering,White-Powell,"push,carry,day","happen,agree",2024-02-10,2024-04-20,DOCX,Portuguese,33,1893,7,auth-api,CoreAPI,v3.1,Approved,Public,False,,3.1,56.8,1307,12965,391,57,"DOC-000998,DOC-001836",True,e5-large-v2,2024-05-10,True
DOC-008598,Tell herself vote until bit chance,Trouble find around organization. Institution school a foreign experience prove effect.,Civil natural reveal provide occur. Find space early develop rather section. Religious alone political its often investment arm generation.,Backend,CI/CD,Rust,FastAPI,Redis,Expert,Karl Kelley,DevOps Architect,Data Science,Moore Inc,"project,nice,radio","religious,approach",2024-08-08,2024-11-01,DOCX,English,21,587,2,mobile-app,DataHub,v1.6,Approved,Restricted,True,Michael Harrison,3.2,38.9,628,14356,340,95,"DOC-009629,DOC-008666",True,text-embedding-3-small,2024-11-03,True
DOC-000620,Reason suddenly question meeting,Above trade before good personal give party. History type nice ahead.,Occur fly will person himself. Those myself listen us cultural before anything. Source management again lawyer anyone. College bit west. Material develop employee your. Until worry into gas discussion attention real.,Data Engineering,CI/CD,C#,Django,GraphQL,Beginner,Melissa Hunter,Data Engineer,QA,Collins-Cooley,"Democrat,thus,me","spring,view",2024-08-09,2024-08-24,HTML,Portuguese,39,3086,12,frontend-core,CloudScale,v1.5,Archived,Public,False,,4.5,71.6,641,9400,957,38,"DOC-003572,DOC-002294",False,text-embedding-3-small,2024-08-26,True
DOC-009445,Quite score laugh stay,Song until never she action him different worker. Maybe market agency when start still company.,Without around parent inside rate somebody. Responsibility home nice doctor support answer. Tough professor once. Mr trouble just also job body drive. Finally fall sport add list quite well. Prevent sell parent through pull situation no also. Even how machine night.,AI/ML,Testing,SQL,Flutter,AWS,Advanced,Donna Lee,Security Specialist,Data Science,Munoz-Carter,"size,end,institution","walk,business",2024-10-07,2024-11-04,HTML,Spanish,26,4513,18,auth-api,CoreAPI,v2.0,Archived,Secret,False,,3.0,27.1,1588,6887,345,32,"DOC-008980,DOC-003517",True,e5-large-v2,2024-11-28,False
DOC-000422,Growth concern I,Friend think soldier dog easy general.,Office want upon. Partner appear turn ok he less Mr. Quickly him make keep possible teacher. Design past since tell radio paper class. House tree rather section new if. Yourself study night evidence full charge. During fund accept manage meet. Congress top range respond effort.,AI/ML,UI/UX,Java,React,PostgreSQL,Intermediate,Andrew Walker,Frontend Engineer,Security,Kelley-Sanchez,"want,note,least","cultural,future",2025-01-22,2025-04-24,TXT,English,33,3850,15,cloud-infra,SecureAuth,v1.4,Deprecated,Public,True,Robert Young,3.2,84.0,551,1765,474,97,"DOC-004135,DOC-005186",True,text-embedding-3-small,2025-05-17,True
DOC-005002,Course Congress everybody federal student,Prepare material strong fight low. Condition dream campaign.,Statement strategy budget herself all investment reason. Represent others now. Cultural floor call direction. Church nice near management adult event. Raise kid black itself total college.,Data Engineering,UI/UX,SQL,Express,MongoDB,Beginner,Rebecca Cortez,Backend Developer,Engineering,Hart Inc,"manage,close,who","light,fund",2024-01-02,2024-03-01,HTML,English,25,1139,4,data-pipeline,CoreAPI,v1.8,Draft,Public,True,Jennifer Horne,3.2,84.6,1367,12428,89,45,"DOC-007676,DOC-001312",True,bge-small-en-v1.5,2024-03-31,True
DOC-006923,Store style book compare third,Manage somebody manager direction put how. Social cut although prevent sit off real.,It somebody store start. Simply series force church everybody. Live financial difference choice policy my listen. Since behind check ask. Edge father hold meet billion better. Fight apply approach so next thought image shoulder.,Backend,UI/UX,JavaScript,Flutter,AWS,Beginner,Ashley Miller,Frontend Engineer,QA,"Johnson, Young and Day","behavior,from,policy","early,act",2024-09-19,2024-10-30,DOCX,English,38,7992,31,backend-services,AiPlatform,v2.8,Deprecated,Public,False,,4.4,60.7,1394,14273,523,117,"DOC-001526,DOC-007553",True,all-MiniLM-L6-v2,2024-11-10,True
DOC-001972,Region eight others,Drop include turn majority there good.,Real meeting song former thus. Value hot see side including. Federal require girl cut affect reflect. White city for know consumer because arrive evening. Management floor space oil me. Speech five account not price. Attorney goal writer minute your exist fish. South yes get across animal animal few local.,DevOps,Testing,TypeScript,Flutter,PostgreSQL,Intermediate,Michael Williams,Tech Lead,Infrastructure,Stevens-Cole,"sure,fish,daughter","move,rock",2024-06-24,2024-08-11,TXT,Portuguese,24,7199,28,mobile-app,CloudScale,v3.9,Approved,Secret,False,,4.8,75.9,1751,1875,340,118,"DOC-005599,DOC-009289",False,all-MiniLM-L6-v2,2024-08-29,True
DOC-003018,Project step behind stock product girl,Religious instead least type yet movie life. Discuss not author decision similar ask.,Billion scene agent both particularly step son language. Official fund fear speak under personal education. Interest federal against question two consumer arrive. A or run hope whose if coach. Threat customer attorney get.,AI/ML,Microservices,C#,Flutter,GraphQL,Beginner,Gavin Jones,Tech Lead,Security,Hill Inc,"join,story,top","team,cultural",2024-01-24,2024-03-04,MD,Portuguese,13,3490,13,data-pipeline,CoreAPI,v3.0,Approved,Internal,True,Erin Sanchez,4.1,56.1,822,2546,226,90,"DOC-006564,DOC-004706",True,bge-small-en-v1.5,2024-03-08,True
DOC-004369,Common race imagine million,Already character end deep physical example. Contain detail change floor follow environmental executive.,Born face civil design enjoy way. Everything per beyond particular agent so. Manager truth debate place recent develop process. Air apply successful today. Well for side amount back pattern. Tough full too view bed must car. Page reduce movement city later article. Concern mind sit choice rock.,Mobile,UI/UX,Go,Django,MongoDB,Expert,Frank Barnes,Frontend Engineer,QA,Hernandez-Martin,"old,religious,full","can,him",2024-01-26,2024-05-05,DOCX,English,2,3927,15,cloud-infra,CloudScale,v3.8,Archived,Internal,True,Brandi Sanders,3.1,98.4,1307,12026,323,72,"DOC-004935,DOC-000514",False,e5-large-v2,2024-05-23,False
DOC-003388,Music plant class beyond,Property everyone allow. Pull easy although suffer.,She side three sport guy decision water. Look understand firm image matter simply. Staff fire court dog. Leg fight value away phone run win party. Against recently particular environment protect event. Reach early student response charge. Environmental through effort if do finally left.,DevOps,Microservices,JavaScript,React,Docker,Beginner,Gary Gonzalez,Backend Developer,Data Science,Whitehead Group,"seven,light,interview","institution,lead",2024-01-11,2024-02-07,TXT,English,20,7032,28,backend-services,TechMind,v3.9,Draft,Public,False,,3.3,51.6,1267,3849,143,110,"DOC-009113,DOC-007629",False,text-embedding-3-small,2024-03-05,True
DOC-007476,Voice institution opportunity keep,Know law however our maintain.,Owner computer art quality. Anything benefit wonder modern. Computer husband wear message still. Home young pick outside event establish evidence mean. Training usually policy option vote.,Backend,LLMs,Java,Flutter,PostgreSQL,Advanced,Richard Fisher,DevOps Architect,Engineering,"Rogers, Hunter and Barber","show,inside,bag","now,behavior",2024-12-20,2025-01-03,MD,French,38,4322,17,backend-services,AiPlatform,v2.7,Draft,Internal,False,,3.7,86.2,1241,2218,126,68,"DOC-007613,DOC-003692",True,text-embedding-3-small,2025-01-16,True
DOC-007255,Buy huge talk thousand,Own site film another relate mother. Increase movie again share sign.,Inside those allow moment born according. Player hour quickly near article number federal sound. Office find tough much pressure.,Mobile,Testing,C#,Express,MongoDB,Expert,Todd Bird,Security Specialist,Infrastructure,"Obrien, Sanford and Barajas","similar,population,rock","follow,notice",2024-12-31,2025-02-17,PDF,Portuguese,34,2568,10,data-pipeline,CloudScale,v1.8,Approved,Public,False,,3.1,36.3,302,10641,842,3,"DOC-008791,DOC-001619",False,text-embedding-3-small,2025-02-26,False
DOC-000255,Evening everybody include,Election audience stand decade.,Memory board indicate other. Dream bar when trade fall enter. Event long dog national apply. Best thing usually more us hotel. Lay well smile month movie already. Suddenly industry spend its high spend.,Data Engineering,APIs,TypeScript,Flutter,Docker,Intermediate,Steven Zuniga,Tech Lead,Security,Ellis and Sons,"east,entire,risk","size,this",2024-11-27,2025-03-07,PDF,English,27,3656,14,cloud-infra,DataHub,v1.1,Archived,Restricted,True,Kyle Gonzales,4.9,89.2,729,9258,784,4,"DOC-005273,DOC-001121",True,text-embedding-3-small,2025-03-09,False
DOC-006625,Third perform special with cell move,Series realize evening all security. Local minute be just.,Range performance trade. Walk result third about turn free model trade. Indeed onto else. Rise against stay black forget. Ability spend strategy read born. Once try without themselves main. Become teach I simple.,Frontend,CI/CD,SQL,Spring Boot,Kubernetes,Beginner,Catherine Carlson,Tech Lead,QA,Harris-Bailey,"give,nor,cut","find,social",2024-08-21,2024-11-02,MD,Portuguese,18,3345,13,backend-services,TechMind,v1.1,Approved,Internal,False,,4.2,39.3,845,1100,317,73,"DOC-007092,DOC-006796",False,bge-small-en-v1.5,2024-11-19,True
DOC-002597,Friend effort down consumer,Either ten energy operation security necessary.,Recent future resource child may ground. Hundred bank north do hit when. Debate development I why others. Everyone technology item trip. Still upon consumer population wonder finish. Water goal history whether bed live. Hope cover possible give decide. Benefit instead energy right try.,Frontend,UI/UX,Go,Flutter,AWS,Advanced,Katelyn Garcia,Tech Lead,QA,Williams-Bell,"audience,data,popular","free,imagine",2024-06-29,2024-08-18,MD,English,7,4334,17,auth-api,CloudScale,v3.7,Deprecated,Secret,True,Eric Brown,4.4,45.9,356,7696,822,137,"DOC-004880,DOC-001493",True,bge-small-en-v1.5,2024-09-12,False
DOC-000451,Try conference responsibility American positive,Outside research game art consider.,You result gun. Difficult thought big on everything role high. Man structure scene. Career food dark current effort interesting recently yet. Push professor security support best positive.,AI/ML,APIs,Java,Vue.js,PostgreSQL,Expert,Megan Bell,Frontend Engineer,Infrastructure,"Phillips, Burch and Johnson","he,for,set","describe,choose",2024-02-24,2024-03-15,HTML,English,12,5597,22,backend-services,CloudScale,v1.6,Deprecated,Secret,True,Julie Phillips,4.3,43.0,1719,12494,441,84,"DOC-004003,DOC-001504",False,bge-small-en-v1.5,2024-04-10,True
DOC-005970,History argue president nice,Assume cost explain share would within eight. Kitchen usually rise rate how board less finally.,Edge first hard car court. Their memory peace investment federal. Single itself ability old accept provide south.,Backend,Databases,Go,Spring Boot,Kafka,Expert,Mark Kelley,DevOps Architect,QA,Jones-Lewis,"fall,soldier,which","land,investment",2024-06-11,2024-08-17,MD,French,40,597,2,data-pipeline,TechMind,v1.2,Under Review,Internal,True,Alexis Mcguire,4.4,82.3,632,14255,310,58,"DOC-007243,DOC-009408",True,all-MiniLM-L6-v2,2024-09-08,True
DOC-000879,Center top defense morning central,Black institution forward every.,Never lot majority her strategy play practice. North raise right election control. Little key shoulder our follow interview. I arrive good next difficult. Practice sure whatever movie check exactly. Baby television finish point imagine thing. Item address toward outside exactly.,AI/ML,CI/CD,Rust,Django,Redis,Advanced,Suzanne White,Security Specialist,Infrastructure,Castro LLC,"guess,film,next","cup,be",2024-05-17,2024-08-02,HTML,English,33,2724,10,cloud-infra,TechMind,v2.9,Under Review,Internal,False,,4.0,33.0,1788,11607,311,54,"DOC-008173,DOC-005350",False,e5-large-v2,2024-08-31,True
DOC-009238,Six audience industry sister drive,You little control box road garden wait.,House skin crime. Teacher nothing product despite huge win performance. Peace issue raise. Should rule strategy.,Data Engineering,Microservices,JavaScript,Vue.js,PostgreSQL,Advanced,James Moore,Data Engineer,Engineering,"Sandoval, Mann and Simmons","base,better,whom","director,still",2024-09-14,2024-10-16,PDF,English,7,4167,16,mobile-app,TechMind,v2.2,Deprecated,Restricted,True,Teresa Hood,4.4,73.6,1301,9441,343,97,"DOC-004092,DOC-000470",True,e5-large-v2,2024-11-13,True
DOC-002525,Bar issue serious require bit,Move story into class evening possible. Pm federal manager list simple certainly.,Structure own full of east. Attack development half entire resource. Professor might gun month nature research identify store. Policy method cause space modern. Billion today account by former else. Indeed enjoy than majority approach blood pretty. Product dark agent story.,Mobile,Microservices,Python,Next.js,Redis,Beginner,Ruth Miller,Data Engineer,Engineering,Walker-Hester,"drop,opportunity,table","available,baby",2024-10-13,2024-10-14,TXT,English,22,7388,29,cloud-infra,AiPlatform,v2.7,Deprecated,Secret,False,,3.1,55.4,1288,12229,945,39,"DOC-007185,DOC-008267",True,bge-small-en-v1.5,2024-11-04,True
DOC-000188,Election area provide growth,Total building big article clear law forward stay. Also single leader later store pressure hear.,Across seven themselves go. Medical five he bring accept. Into lay wife significant chance. Follow page firm gun likely important even language. Expect current play stop.,Data Engineering,Testing,Python,Express,GraphQL,Expert,Jacob Fields MD,Backend Developer,Infrastructure,Mckee-Gutierrez,"explain,where,game","on,radio",2024-10-06,2024-10-09,TXT,French,15,7651,30,data-pipeline,AiPlatform,v3.1,Under Review,Secret,True,Kyle Stokes,4.3,96.0,1544,7867,839,9,"DOC-008064,DOC-002201",True,text-embedding-3-small,2024-10-17,True
DOC-002069,Need bill home whose,Wish animal exactly economy.,Ask institution soon house positive thank several determine. Buy finish oil quite fly tend. Might compare just follow. Full watch education sort wind. Congress ahead two agent political next care. Suddenly start hope officer middle.,Security,APIs,TypeScript,Next.js,Docker,Expert,Debra Andrews,Data Engineer,Engineering,Gonzalez-Wilson,"law,past,key","rule,clear",2024-12-05,2025-02-24,PDF,Portuguese,39,5170,20,mobile-app,CloudScale,v2.8,Approved,Internal,True,Jeffrey Davis,3.4,40.1,94,2533,817,38,"DOC-005190,DOC-007010",True,e5-large-v2,2025-03-18,True
DOC-003108,Successful very benefit training key development say,Especially avoid stuff impact too.,Anyone difficult either apply science quickly. Water program network doctor hope together. Big say computer. Yourself into card describe. Challenge surface meet economy white fine suddenly. Small task a add fall.,Backend,LLMs,TypeScript,FastAPI,Kafka,Expert,Mr. Philip Solomon MD,Data Engineer,Product,"Wilson, Barnes and Sexton","itself,pay,cold","carry,decade",2024-06-12,2024-08-15,HTML,Spanish,18,4970,19,cloud-infra,DataHub,v1.4,Approved,Public,True,Anita Parker,3.7,99.6,276,6254,771,140,"DOC-009281,DOC-001483",False,bge-small-en-v1.5,2024-08-29,False
DOC-001167,Scene much among red red,Six summer cell west. West range eye plan husband.,Much ask fly total. Style ask reach. Reflect plan this loss kitchen. Property former represent executive including we. Former member half campaign herself cut Mr agent. Election recent each picture five scientist.,DevOps,Databases,Python,Next.js,Docker,Beginner,Michelle Jones,Backend Developer,Infrastructure,Serrano-Johnson,"adult,piece,unit","summer,activity",2024-05-14,2024-07-19,TXT,Portuguese,22,7704,30,data-pipeline,SecureAuth,v1.4,Deprecated,Internal,False,,4.1,45.9,267,936,293,148,"DOC-001973,DOC-006190",False,bge-small-en-v1.5,2024-07-25,False
DOC-005018,Enter include avoid also,Best spring amount challenge task wind claim. Art respond place continue he.,Front know painting building believe provide site. Allow college hit short forward. Stop treatment so public until thus. Degree fire perform answer good ok.,Backend,Testing,SQL,React,Kafka,Advanced,Jessica Brock,Backend Developer,Security,"Clayton, Combs and Pennington","unit,senior,trade","such,always",2024-09-01,2024-11-16,MD,French,23,7893,31,data-pipeline,CoreAPI,v2.9,Under Review,Secret,True,Brittany Lucas,4.3,97.8,1917,10787,659,77,"DOC-004728,DOC-008371",False,text-embedding-3-small,2024-11-23,True
DOC-008902,Guess goal model affect,Herself rate Republican movie improve item tonight key. Reduce work effect economic.,Letter mission mission black simply subject wide. Natural improve knowledge instead line. Star marriage run really. Part ability sing Republican study news its. Fight work so other process brother.,DevOps,CI/CD,SQL,React,Docker,Advanced,Alyssa Roberts,Tech Lead,Security,Cook-Christensen,"opportunity,public,bank","if,produce",2024-08-03,2024-08-10,MD,English,24,7730,30,mobile-app,AiPlatform,v2.4,Under Review,Internal,True,Robert Pierce,4.2,82.6,1804,10265,863,109,"DOC-002133,DOC-008008",False,all-MiniLM-L6-v2,2024-08-20,False
DOC-001560,Theory network always,Describe before soldier sister discussion.,Window gas second off peace apply job. Camera our end something TV difference. Why too describe PM only trip experience development. Husband each mouth center ahead final impact. Tax less station item.,DevOps,Microservices,JavaScript,Flutter,MongoDB,Expert,Roger Hernandez,Frontend Engineer,Product,Thompson-Ortega,"morning,drug,environmental","change,give",2025-01-20,2025-02-17,PDF,Portuguese,7,2618,10,data-pipeline,SecureAuth,v1.2,Archived,Public,False,,4.4,75.5,189,6406,58,141,"DOC-003837,DOC-002235",False,e5-large-v2,2025-03-19,True
DOC-004565,Experience imagine meeting certainly stand their,Similar marriage one oil rule.,Friend power various price analysis discuss performance. Suffer color town activity myself but difficult. Significant meet measure lawyer increase scene. Practice whatever alone part. Care road finally network. Response their from reach. Leave discuss road front church.,Data Engineering,Microservices,Rust,Vue.js,PostgreSQL,Beginner,Maria Benson,Data Engineer,Infrastructure,"Blevins, Hopkins and Rogers","career,treatment,yard","soldier,discover",2024-04-18,2024-05-30,DOCX,French,31,819,3,backend-services,CloudScale,v3.1,Archived,Internal,True,Monica Vang,3.1,21.9,513,1103,267,65,"DOC-002567,DOC-002407",True,e5-large-v2,2024-06-13,True
DOC-008744,Team general approach almost society,Trouble teacher care serve every.,Top fill event grow specific go notice. Whatever discussion fire country fear. So off million teach production control case. Skill nearly vote time. Teach step son despite discussion meeting. Already bag him growth.,Mobile,Testing,Go,Flutter,AWS,Expert,Dennis Ellis,Frontend Engineer,Security,"Ward, Bowen and Baker","food,sing,professional","return,contain",2024-05-07,2024-06-12,TXT,Portuguese,10,1250,5,backend-services,SecureAuth,v2.3,Draft,Internal,True,Catherine Wilson,3.5,70.3,1231,13678,427,82,"DOC-009371,DOC-000769",True,text-embedding-3-small,2024-07-09,True
DOC-003305,Couple third hot worker,Body yourself organization they buy cup who. Guy story knowledge practice everyone human.,Society major industry red value open political. Strong say late affect more expert. Over thought news in government war option. Mean month east building a case imagine. Daughter to home fund identify book rate several.,Cloud,CI/CD,C#,Express,Docker,Beginner,William Rivas,Backend Developer,Data Science,George Ltd,"check,hit,card","study,student",2024-08-03,2024-10-01,HTML,Spanish,17,5153,20,mobile-app,TechMind,v2.6,Approved,Public,False,,4.3,85.5,999,10398,814,131,"DOC-003732,DOC-001981",False,e5-large-v2,2024-10-25,True
DOC-006888,This into heavy early,Avoid fish vote appear. Ground reason artist floor Democrat wall.,Risk off low store decade. Event manager contain watch week campaign state. Blood though throw side in miss meet. Several surface catch speak. World term send run foot exactly. Eight maintain your. Assume bed down school hotel expert ever. Look effect better his.,Mobile,Microservices,C#,Next.js,GraphQL,Beginner,Candice Richards,Security Specialist,Data Science,Robertson and Sons,"nothing,thousand,research","job,west",2024-11-16,2025-01-03,TXT,French,17,3925,15,cloud-infra,SecureAuth,v1.9,Deprecated,Internal,True,Mary Mccarty,4.7,96.9,818,8102,359,87,"DOC-004375,DOC-008321",False,all-MiniLM-L6-v2,2025-01-21,True
DOC-006452,Especially career paper style whole,Then authority top eight.,Fish employee town risk state. Long focus decision big blood system. Name realize may most wall. Traditional point popular hand. Company property difference space serve word American. What board third painting amount able finally house. Best bank figure. Traditional matter until.,Security,APIs,Python,Express,AWS,Intermediate,Michelle Stewart,Backend Developer,Data Science,"Wallace, Hall and Bell","say,new,family","social,perform",2024-05-29,2024-07-31,MD,Portuguese,9,3303,13,cloud-infra,TechMind,v1.3,Archived,Public,True,Jennifer Hopkins,3.7,56.4,34,4818,669,40,"DOC-002122,DOC-009526",False,bge-small-en-v1.5,2024-08-23,True
DOC-000665,Listen trip clearly,Third program suddenly citizen past. Movie indicate exist improve heavy.,Institution also stock which few. Message try together hour north. Smile image pull be. Fire can believe indicate shoulder season woman.,Cloud,Microservices,TypeScript,Flutter,MongoDB,Expert,Nicole Richard,DevOps Architect,Infrastructure,"Anderson, Peterson and Walker","successful,explain,student","establish,better",2024-05-23,2024-06-15,HTML,English,33,6335,25,backend-services,SecureAuth,v2.9,Approved,Secret,True,Kaitlyn Sullivan,3.5,51.0,717,2404,931,35,"DOC-006134,DOC-003786",False,all-MiniLM-L6-v2,2024-07-02,True
DOC-008064,Late really hot only PM place,International source play store admit. Score talk all base ok.,Though dream Mrs family arrive. Tax baby exactly beat guy standard start. Share until scene order science win. Stay somebody security toward let. Base order other. Individual line administration boy kitchen. Sometimes name director performance.,DevOps,UI/UX,SQL,Flutter,AWS,Expert,Stephanie Obrien,Frontend Engineer,QA,Brock-Roberts,"finally,adult,draw","section,player",2024-03-14,2024-05-05,HTML,English,14,7682,30,mobile-app,AiPlatform,v3.8,Under Review,Secret,False,,4.2,51.7,305,7274,154,36,"DOC-001373,DOC-008028",False,bge-small-en-v1.5,2024-06-02,True
DOC-001046,Range very into,Option protect color quickly organization above. Former more particular own difference whether.,Also between down worker property game week. South low administration mention five price news board. But daughter court along behind something truth. Join able voice break education keep. Account quickly man player push even. Same control rather stand place.,AI/ML,Testing,Java,Vue.js,Kubernetes,Intermediate,Sherri Cooke,Frontend Engineer,Engineering,Adams-Douglas,"off,similar,develop","scene,society",2024-06-06,2024-07-08,DOCX,French,8,3251,13,mobile-app,TechMind,v1.4,Draft,Restricted,False,,3.3,58.0,1764,1945,320,69,"DOC-007844,DOC-000250",False,text-embedding-3-small,2024-07-12,False
DOC-006146,Arm goal here campaign training,Their cover although ask fund. Training fund with detail produce than.,Able class allow final evening face. Next himself pattern box cut. Oil job out although husband. About first debate writer. Sea evening everyone design surface fight. Push strong herself treatment indeed decade prepare.,Cloud,Testing,SQL,Next.js,MongoDB,Expert,Brooke Melendez,Data Engineer,Infrastructure,"Simpson, Miller and Kelly","section,a,born","sister,professional",2024-12-21,2025-02-27,PDF,Spanish,30,7153,28,cloud-infra,TechMind,v1.5,Archived,Restricted,True,Tyler Ryan,4.1,33.2,1819,1120,717,142,"DOC-009387,DOC-002653",False,e5-large-v2,2025-03-29,True
DOC-009536,State analysis produce,Police positive certainly there write. Meet yet opportunity institution.,Final policy director since fill unit Democrat. Its defense imagine positive knowledge price sister. Result question above discuss entire should country. Item yet partner. Newspaper series left reason hear growth. Available form trip. Response fund front billion face.,Backend,Databases,SQL,Next.js,PostgreSQL,Intermediate,Lisa Wagner,Security Specialist,Infrastructure,Wheeler Group,"necessary,most,face","will,anything",2024-06-17,2024-08-13,HTML,English,16,2369,9,data-pipeline,CloudScale,v1.1,Draft,Restricted,True,Mrs. Jill Fisher,3.9,38.2,1224,3914,396,111,"DOC-000537,DOC-000606",False,all-MiniLM-L6-v2,2024-08-16,False
DOC-005731,Today fish fire should,Own child fill either.,Along water country small first shake share. Wind there require game. Card kind fly want say huge. Sometimes Democrat east maybe south. Subject all like beat course air ready community.,AI/ML,Testing,TypeScript,Express,PostgreSQL,Advanced,Jessica Hanson,DevOps Architect,Engineering,Massey-Anderson,"another,modern,provide","deep,run",2024-10-19,2024-10-30,DOCX,French,6,4121,16,data-pipeline,AiPlatform,v2.6,Approved,Internal,False,,3.1,46.3,123,7019,941,118,"DOC-004703,DOC-008412",False,bge-small-en-v1.5,2024-11-05,True
DOC-004176,Behind establish stand letter question,House water include tough call.,Often easy us dark glass anything administration use. Peace technology financial box condition. Drug according art. Market take she deep increase daughter. Stage strong well off life gun.,Cloud,Testing,Java,FastAPI,GraphQL,Beginner,Jennifer Myers,Data Engineer,Engineering,Griffin Inc,"few,director,kind","tough,nearly",2024-01-21,2024-02-05,HTML,Portuguese,23,3724,14,mobile-app,TechMind,v1.9,Under Review,Internal,True,Bianca Wilson,3.6,27.5,1182,9961,480,118,"DOC-008245,DOC-006578",False,e5-large-v2,2024-02-16,True
DOC-004832,Theory likely behavior more,Front prevent discuss save. Politics take leg once when.,Town table increase tax argue. Capital foot operation rate Democrat cut. Available lawyer free able his eat defense. Ability draw today most maybe.,Cloud,LLMs,C#,Vue.js,Redis,Beginner,Brandi Martin,DevOps Architect,Data Science,Johnson and Sons,"thought,fall,east","mission,reality",2024-02-26,2024-03-30,TXT,French,7,2374,9,cloud-infra,SecureAuth,v2.6,Deprecated,Public,False,,4.7,84.5,61,4877,893,76,"DOC-003356,DOC-006948",True,e5-large-v2,2024-04-23,True
DOC-004164,Professor recently magazine,Check cultural glass realize ahead someone leave. Easy measure popular seven meet argue drive.,Someone work then drop top pattern different. Simple in upon can let during. Back kid development season. Wrong condition anything thus treat usually. These laugh economy mention lead whether bar. Call design good agree family group policy. Area half box war we minute.,Security,Databases,Rust,Express,Docker,Advanced,Michael Boone,Security Specialist,Data Science,Allen-Kelly,"wait,way,visit","one,operation",2024-10-29,2024-11-30,PDF,Portuguese,20,7850,31,auth-api,CoreAPI,v2.9,Deprecated,Internal,False,,3.0,89.5,1772,3459,910,102,"DOC-007204,DOC-005637",True,e5-large-v2,2024-12-26,True
DOC-002170,Describe every seat join,Discussion not art knowledge much game couple meeting.,Develop her down health. Recent including medical apply fine. Animal right second heavy she.,Backend,Microservices,SQL,FastAPI,AWS,Expert,John Gonzalez,Security Specialist,Infrastructure,Tucker Inc,"capital,no,benefit","state,board",2024-05-09,2024-06-06,HTML,French,20,2970,11,auth-api,DataHub,v3.3,Draft,Public,False,,3.2,90.9,1003,13831,374,25,"DOC-005216,DOC-002611",False,e5-large-v2,2024-06-18,True
DOC-008376,Sea Republican product body,Garden international crime really get line catch. American authority and there others even.,Enough idea artist everyone chair institution similar. Company country former knowledge mention. Vote chair prevent task. Ground situation or reality person. Teach positive may talk. Other action like the. Beyond else difference hair cut. Possible Mr morning day discover name.,Backend,Microservices,Rust,Express,Docker,Advanced,Kathryn Rivera,Data Engineer,Security,"Orozco, Solis and Mcfarland","course,center,whatever","person,within",2024-04-11,2024-05-29,DOCX,English,38,3915,15,backend-services,CoreAPI,v1.4,Deprecated,Restricted,False,,4.1,35.9,1487,4998,100,27,"DOC-000180,DOC-005928",False,bge-small-en-v1.5,2024-06-16,True
DOC-005848,Citizen political Mrs could determine plant,Marriage suddenly Republican front.,Compare month wear more nation. Specific five seem high practice school old foreign. Open college station expect industry. Policy able if better score president. Them reach heart goal cold ever. Those shoulder reveal shoulder answer. Here single raise not.,Backend,Authentication,JavaScript,Next.js,Kubernetes,Advanced,Lori Stout,Security Specialist,Data Science,Levine LLC,"experience,usually,explain","term,represent",2024-10-10,2024-10-18,TXT,English,29,1529,6,backend-services,CoreAPI,v1.2,Under Review,Internal,False,,4.3,80.7,948,7529,575,61,"DOC-003707,DOC-005627",True,bge-small-en-v1.5,2024-10-26,True
DOC-001851,Drug fill throughout they event either,Chance catch them. Public spend establish good smile growth.,Maintain management agent. Health will site father student owner. Policy analysis part newspaper give condition. Century bad investment foreign.,Backend,UI/UX,JavaScript,Next.js,Redis,Intermediate,Mary Hughes,Security Specialist,Product,Roberts PLC,"training,time,know","within,hour",2024-02-20,2024-03-06,PDF,Portuguese,29,787,3,backend-services,DataHub,v1.8,Draft,Restricted,False,,4.3,50.0,914,6546,980,60,"DOC-005678,DOC-009117",True,all-MiniLM-L6-v2,2024-03-18,False
DOC-005724,Yard data sport floor cover message,On up evening animal skill trip. Seat third decade million of another.,Newspaper southern strong there laugh exist chair though. Receive majority stock. Describe few skill who benefit. Especially find but decade. Share choose trouble.,DevOps,LLMs,Go,React,AWS,Advanced,Joseph Brown,Tech Lead,Product,Alvarez-Moore,"left,common,agency","claim,assume",2024-01-24,2024-05-03,MD,Portuguese,15,963,3,cloud-infra,AiPlatform,v3.4,Approved,Restricted,False,,4.7,30.8,1292,9327,397,97,"DOC-007002,DOC-007468",True,all-MiniLM-L6-v2,2024-05-22,True
DOC-008510,Happy safe clear,Two audience unit kitchen one practice. Similar visit daughter memory adult artist.,Wear police president forward. Art worry pretty scientist. Bar small degree treat. Improve leg suddenly. Generation realize positive couple serious boy tonight.,Security,Databases,TypeScript,FastAPI,PostgreSQL,Beginner,Ashlee Phelps,Security Specialist,Infrastructure,Fields Group,"situation,seem,then","piece,state",2024-06-04,2024-08-15,MD,Spanish,39,3007,12,backend-services,SecureAuth,v2.6,Archived,Secret,True,Jaclyn Gomez,4.3,48.5,989,9453,169,52,"DOC-002666,DOC-005629",False,e5-large-v2,2024-08-18,False
DOC-003507,Respond face but,Story explain throw affect.,Government food course marriage. Still leader local standard go. Meet responsibility democratic anything Mr culture.,Backend,Databases,Go,Spring Boot,Docker,Expert,Christopher Richards,DevOps Architect,Data Science,Valdez LLC,"ability,action,become","form,improve",2024-05-16,2024-06-23,HTML,Portuguese,40,2788,11,data-pipeline,TechMind,v1.8,Approved,Internal,False,,3.9,57.7,222,14440,965,64,"DOC-001312,DOC-001665",True,text-embedding-3-small,2024-07-06,True
DOC-006520,Official trade daughter computer fly skin,Financial amount man green value control.,Course nice such participant evening finally structure. Once wife smile others. Character lot degree right agent off cold. Central area move. Professional song keep him scene training customer will. Money brother many learn support. Particularly guess hear sit data eat.,Cloud,Authentication,Rust,Spring Boot,Redis,Advanced,Christopher Herrera,Security Specialist,Product,"Miller, Mccoy and Oliver","wife,his,without","training,since",2024-12-01,2024-12-29,PDF,Portuguese,9,6019,24,auth-api,TechMind,v3.4,Under Review,Internal,True,David Higgins,4.0,20.9,1230,12905,513,98,"DOC-001390,DOC-004888",False,all-MiniLM-L6-v2,2025-01-25,True
DOC-001639,Project book rock occur agent,Site prove score magazine natural inside door. Federal firm over current different before.,Man eight stand cultural deep ok positive painting. Study subject director boy somebody. Trial south even school less. Area behind great art election.,Backend,Microservices,Python,React,Redis,Advanced,Raymond Fox,DevOps Architect,Infrastructure,Perez-Beck,"result,attention,turn","recently,talk",2024-03-22,2024-04-19,PDF,Portuguese,12,6313,25,cloud-infra,AiPlatform,v3.8,Draft,Restricted,False,,3.9,39.5,1481,10062,114,100,"DOC-009530,DOC-001409",False,text-embedding-3-small,2024-05-18,False
DOC-001485,Staff health reduce huge have,Already break important avoid.,Contain section bar just according. System measure court their. Inside weight according on. Week poor local tend marriage trouble.,DevOps,Microservices,JavaScript,Flutter,GraphQL,Advanced,Jennifer Stein,Tech Lead,QA,Larsen-Stewart,"man,past,campaign","blood,long",2024-03-31,2024-06-02,MD,English,30,3120,12,data-pipeline,SecureAuth,v3.0,Deprecated,Restricted,True,Wayne Silva,3.3,80.8,1723,12911,839,71,"DOC-006419,DOC-000505",False,all-MiniLM-L6-v2,2024-06-13,True
DOC-001710,Station whether usually,Public mouth safe wall might. Cultural bed us.,Piece remember life crime sit between fine best. Specific option responsibility article per clear. World apply radio speak. Fund back mention. Staff including late hand cover.,Mobile,UI/UX,SQL,Flutter,Redis,Intermediate,Michael Garrett,Frontend Engineer,Product,"Taylor, Griffin and Griffin","join,debate,technology","together,station",2024-04-17,2024-04-20,TXT,English,16,6506,26,auth-api,SecureAuth,v1.7,Under Review,Restricted,False,,3.9,56.6,173,9193,473,69,"DOC-007052,DOC-004897",True,e5-large-v2,2024-05-03,False
DOC-002939,Car picture maintain,None charge education prove new. Himself shake life site agree lawyer.,Opportunity language relate within data hot. Product road last seat weight rather. Operation doctor story interesting data hundred. Maintain reality put last letter notice capital meeting. Operation specific pick.,AI/ML,Microservices,Rust,Spring Boot,PostgreSQL,Intermediate,Tammy Melendez,Data Engineer,Data Science,Mueller-Owen,"in,parent,onto","entire,expect",2024-05-11,2024-07-04,TXT,Portuguese,21,4348,17,auth-api,CloudScale,v1.6,Archived,Internal,True,Jennifer Stewart,3.7,28.3,594,166,433,144,"DOC-004340,DOC-002341",False,all-MiniLM-L6-v2,2024-07-11,True
DOC-007217,If trip explain bit wall,Film follow particular doctor war front benefit soon. Watch use key story race.,Which how claim beautiful president be their yourself. Interesting listen money go. Central each send action work. Care daughter trade development middle life. Professional send cultural wait. Region contain leave seat cover perform. Church production discuss behind water activity.,Security,CI/CD,SQL,Next.js,AWS,Expert,Jeffrey Evans,Backend Developer,Security,Webb-Dickerson,"never,development,head","green,race",2024-07-29,2024-09-14,HTML,English,39,2604,10,cloud-infra,DataHub,v3.0,Approved,Restricted,False,,4.3,26.9,1018,12857,44,145,"DOC-003515,DOC-007064",False,bge-small-en-v1.5,2024-10-09,False
DOC-005455,Her until necessary father,Clearly summer industry rich result capital across. Leader cost room suggest participant.,Idea memory board fire education single bill. Have form yeah majority civil door. Produce it discussion fire say discover public media. Effect country drop lot travel investment. Interesting could question late writer.,Backend,Testing,C#,Vue.js,AWS,Expert,Jacob Nielsen,Tech Lead,QA,"Wright, Turner and Moreno","or,yet,out","assume,surface",2024-05-16,2024-08-05,MD,Portuguese,21,5581,22,data-pipeline,AiPlatform,v2.2,Approved,Internal,False,,4.0,80.6,598,13176,728,27,"DOC-007962,DOC-004350",True,e5-large-v2,2024-08-30,True
DOC-009936,Item two cut collection,Eye science two little good fill. Eye change meeting.,Find religious product reflect nature wife sort. Toward wife list west positive. Sea paper television what it record. Number better run economic new same. Quickly operation sell participant hotel western lead.,Security,APIs,Python,Spring Boot,PostgreSQL,Intermediate,Seth Long,Security Specialist,Security,Hill-Carlson,"leave,space,program","describe,never",2024-05-21,2024-06-19,PDF,French,18,6824,27,cloud-infra,SecureAuth,v2.3,Archived,Restricted,True,Amanda Yoder,4.9,80.2,554,13091,532,22,"DOC-005181,DOC-000209",False,text-embedding-3-small,2024-07-06,True
DOC-009229,Century out must,Current people recent government plant heavy federal. Evening environmental nothing politics growth.,Public magazine produce community state blood old. Food move attack career be reality finish. Face believe PM field. Exist economy popular attention knowledge what writer analysis. Window inside author Democrat source world loss. Student admit respond gas him long suddenly he.,DevOps,Authentication,SQL,Spring Boot,Kubernetes,Beginner,Daniel Young,DevOps Architect,Data Science,Bradley Ltd,"daughter,war,too","pick,upon",2024-09-06,2024-10-30,DOCX,Portuguese,13,3846,15,cloud-infra,TechMind,v3.9,Draft,Secret,False,,3.2,98.7,1397,13016,769,8,"DOC-001138,DOC-001045",False,bge-small-en-v1.5,2024-11-04,True
DOC-000749,Woman picture bit,Talk specific describe yeah about.,Discussion share third think have. Front because production line consider task. Full family position yourself executive lawyer idea away. Wrong involve something generation view. Treat American tell. Nature good animal arrive boy you begin. Feel budget determine kind argue.,Backend,CI/CD,C#,Next.js,Kafka,Advanced,Alexander Barker,Data Engineer,Engineering,Fitzgerald-Allen,"sense,finally,give","idea,create",2024-01-11,2024-02-18,PDF,French,29,2188,8,auth-api,SecureAuth,v3.4,Under Review,Public,False,,4.1,60.4,1440,6737,256,32,"DOC-007347,DOC-002072",True,all-MiniLM-L6-v2,2024-03-08,True
DOC-001785,Approach radio when game,There foot if Mr.,Area list color third many. Baby factor whom safe quite. Create baby work particularly. Series old thus specific north energy a. Eight room learn activity ahead out. The year dog open because.,Security,APIs,SQL,Flutter,Kubernetes,Beginner,Kathy Barton,DevOps Architect,Security,"Logan, Rodriguez and Wilson","describe,child,product","there,per",2024-08-05,2024-09-22,PDF,English,6,6425,25,data-pipeline,CloudScale,v3.1,Archived,Restricted,False,,3.4,82.0,1719,9450,520,82,"DOC-003315,DOC-008649",False,bge-small-en-v1.5,2024-10-01,True
DOC-007283,Every western process,Alone enjoy set age town.,Cut become attention east need this begin. Reason rise family although. Child catch system wall future appear hear. Nor ready today degree.,Cloud,CI/CD,JavaScript,Flutter,Redis,Expert,Clifford Ibarra,DevOps Architect,Data Science,Park Inc,"perform,occur,own","bank,final",2024-03-14,2024-03-16,PDF,Spanish,33,990,3,cloud-infra,DataHub,v2.2,Under Review,Secret,True,Kurt Walters,3.8,45.0,1962,9378,886,72,"DOC-005444,DOC-009824",False,all-MiniLM-L6-v2,2024-03-24,True
DOC-001040,Amount reality physical least serious quite,Ago yeah animal. Year trouble its whose.,Our memory money land range so radio shake. Where paper risk me. Arm rock push idea.,Cloud,Testing,Rust,FastAPI,AWS,Beginner,Robert Crawford,Backend Developer,Product,Crawford-Carlson,"close,break,particular","common,great",2024-09-24,2024-12-29,PDF,French,9,2168,8,data-pipeline,SecureAuth,v2.9,Draft,Public,False,,5.0,62.0,1329,13429,973,96,"DOC-008659,DOC-008825",False,e5-large-v2,2025-01-05,True
DOC-002426,Material music protect high involve,Cover two enter western senior. Recent expect mention they.,Me worry capital. Likely program our appear training. Cover often out firm. Girl appear change choose kitchen argue treat. Heavy newspaper wide especially.,Cloud,CI/CD,JavaScript,FastAPI,Docker,Intermediate,Bruce Johnston,Data Engineer,Security,Green-Sloan,"police,perform,scientist","it,act",2024-10-03,2024-12-03,DOCX,French,31,5037,20,backend-services,AiPlatform,v3.9,Draft,Internal,False,,3.1,99.4,1640,11620,496,98,"DOC-000067,DOC-004865",False,all-MiniLM-L6-v2,2024-12-25,True
DOC-009071,Believe myself Democrat analysis when month,Effort action million.,Statement capital research special seven spring policy. Charge alone by score. Admit our station sea born score together. Poor line whether wish realize them suffer. End teach toward young. Everyone trial card finally word.,AI/ML,Microservices,TypeScript,React,GraphQL,Advanced,Jacqueline Weeks,Frontend Engineer,Data Science,"King, Morris and Crosby","usually,help,defense","book,lose",2024-09-30,2024-12-05,PDF,English,26,5206,20,data-pipeline,AiPlatform,v1.0,Archived,Public,False,,4.4,77.7,1409,8412,569,63,"DOC-004515,DOC-009623",False,bge-small-en-v1.5,2025-01-02,True
DOC-007693,Loss tax should carry like,Bill morning person number.,All yeah himself something hundred technology they. Event piece culture manager. Exist forget scientist we current week everybody piece. Growth behind we PM brother edge us. Must good off from hair determine.,Security,APIs,Java,Next.js,MongoDB,Beginner,Vanessa Carter,Frontend Engineer,Infrastructure,Mack-Anderson,"leg,true,child","southern,likely",2024-04-01,2024-07-01,TXT,French,27,3610,14,frontend-core,AiPlatform,v3.3,Approved,Restricted,True,Rebecca Sims,3.8,66.2,574,8157,568,82,"DOC-007222,DOC-006885",False,text-embedding-3-small,2024-07-17,True
DOC-002002,Fish above while various size against agent,General service ask light continue old daughter. Choose pass visit camera.,Sort much second manage. Anyone sort old. Red suddenly near win. Despite local simply such sport well ahead American. Little happy western.,Security,LLMs,Python,React,Kubernetes,Expert,Mark Kelly,DevOps Architect,Infrastructure,Calhoun-Riggs,"success,writer,of","any,structure",2024-03-12,2024-06-09,TXT,French,5,1600,6,data-pipeline,CoreAPI,v3.2,Deprecated,Public,True,Helen Daugherty,3.1,20.6,1930,433,335,86,"DOC-004075,DOC-009753",False,all-MiniLM-L6-v2,2024-06-22,True
DOC-006350,Evening artist project prevent,Amount seat issue. Beautiful woman adult how sense close.,Challenge law occur despite strong main company some. Heart clear race total threat class. Do small ten may case. Stand protect few into. Yeah why figure. Success note song design and main positive here.,Mobile,UI/UX,Python,Vue.js,MongoDB,Beginner,Joseph Ramirez,Frontend Engineer,Security,Snyder LLC,"exactly,kind,treat","growth,seat",2024-10-18,2024-10-23,MD,English,36,5236,20,mobile-app,DataHub,v2.8,Draft,Public,True,Jeanne Berry,4.3,72.4,1479,7414,381,117,"DOC-009294,DOC-008504",False,text-embedding-3-small,2024-10-25,True
DOC-008076,Customer science wrong prove side increase,Stage role occur stuff career large.,Front federal peace miss keep. Treat court science staff. If forget watch specific pattern. Step including another sometimes. Civil know pattern third public.,Backend,CI/CD,JavaScript,Next.js,PostgreSQL,Advanced,Michael Smith,Frontend Engineer,Product,Lindsey PLC,"really,baby,voice","same,kitchen",2024-01-18,2024-03-21,MD,English,25,6097,24,mobile-app,CoreAPI,v1.5,Draft,Public,True,Mackenzie Maxwell,4.2,97.1,63,14249,845,43,"DOC-003178,DOC-005139",False,bge-small-en-v1.5,2024-03-27,False
DOC-005715,Adult field no,Left during career product knowledge. Area know room accept from use approach.,Religious reduce event above challenge theory. Enough where world million and street grow. Sure technology in pretty cover social. Guy protect student turn home think away. Improve civil space occur stay whom me. Again whole about. Player sign away worry network.,Data Engineering,LLMs,C#,Django,Docker,Advanced,Ashley Simpson,Frontend Engineer,Data Science,Walsh-Shepherd,"run,particular,short","rate,final",2024-07-03,2024-10-09,MD,English,25,4557,18,data-pipeline,DataHub,v2.6,Draft,Internal,False,,4.2,94.3,958,14804,382,61,"DOC-002536,DOC-008366",False,bge-small-en-v1.5,2024-11-01,True
DOC-008758,Because pattern vote serious,Measure human agency tough drug suggest maintain.,Believe foot pass despite ability maybe stuff. Join station enough product century food buy. Rise not speak evidence go skin over. Then figure particular speech than. Strong break individual national. Support economy character movement south without.,DevOps,CI/CD,Go,Django,Redis,Advanced,Rachel Lane,DevOps Architect,Product,Reynolds-Singleton,"way,author,travel","explain,floor",2024-11-01,2025-02-09,TXT,Spanish,29,1897,7,auth-api,SecureAuth,v2.3,Draft,Internal,False,,3.2,58.9,745,1848,561,45,"DOC-005315,DOC-004614",False,all-MiniLM-L6-v2,2025-02-13,True
DOC-004944,Congress notice soon remember,Stock when son. Loss like by parent north issue effort.,Ever capital policy reveal important. Machine school together country part. Age care leg own. Political reason too push sister its. Computer board opportunity amount describe majority. That improve audience instead four claim.,Frontend,Testing,Rust,Vue.js,Kubernetes,Expert,Adam Walker,Backend Developer,Engineering,Medina-Hernandez,"coach,enter,computer","student,current",2024-09-19,2024-09-30,DOCX,English,25,7579,30,mobile-app,TechMind,v1.8,Deprecated,Public,False,,3.3,62.7,853,8312,328,21,"DOC-000405,DOC-002385",True,all-MiniLM-L6-v2,2024-10-22,True
DOC-008674,All represent interest,Sure speech bar wrong.,Writer seat special then brother career yard cup. Board charge oil individual trip world study. Car agency each smile maintain money market here. Old matter key choose four price. Prepare alone herself such. Myself radio military image.,Security,Databases,TypeScript,React,MongoDB,Advanced,Brandon Torres DDS,Data Engineer,Data Science,Cook Inc,"deal,small,east","of,program",2024-11-11,2024-12-31,TXT,English,39,4620,18,backend-services,AiPlatform,v2.2,Archived,Restricted,False,,3.4,82.6,1856,850,427,127,"DOC-007728,DOC-004791",False,e5-large-v2,2025-01-06,False
DOC-002984,My expect character,Ahead provide do suggest. Explain star care ready leg democratic.,Last civil if lay tend. Family change use our network. Answer owner represent lay forget civil official. Identify strong design long agreement rule data. Time strong what before save system item. Argue perform girl buy discuss. Well partner politics staff laugh include whose.,Frontend,Databases,Java,Flutter,Kubernetes,Expert,Richard Reyes,Backend Developer,Engineering,Johnson PLC,"matter,cover,improve","tough,list",2024-03-01,2024-03-15,TXT,English,16,832,3,cloud-infra,SecureAuth,v3.4,Archived,Internal,False,,3.4,40.6,1423,3433,595,50,"DOC-004255,DOC-001034",False,bge-small-en-v1.5,2024-04-05,True
DOC-001191,Big someone continue only,One sense nice meeting together toward.,Service executive hotel bring how. Attention knowledge certainly control decision rich class. Politics care example protect structure read huge. Form painting meeting citizen member available good.,Mobile,UI/UX,C#,Vue.js,Kafka,Expert,Francisco Poole,Data Engineer,Engineering,Russell-Ramirez,"air,tree,discover","raise,someone",2024-01-25,2024-04-10,HTML,English,17,632,2,auth-api,CoreAPI,v1.5,Under Review,Internal,False,,3.4,78.4,845,10803,479,8,"DOC-000355,DOC-003432",False,all-MiniLM-L6-v2,2024-05-06,True
DOC-008943,Mean language court,Kid hand number development next maybe. Least occur factor scientist education style serious.,Race anyone although single since entire movement other. Bar to particular table television hold wonder way. Present bank compare available the me. History they job simply draw. Include training skin rate power. Member property end increase they bit movement then. Police play line according fish generation.,Mobile,LLMs,JavaScript,Express,MongoDB,Intermediate,Matthew Rasmussen,Tech Lead,Infrastructure,Smith-Kelley,"use,movement,thus","black,ready",2024-05-15,2024-08-02,MD,Portuguese,30,2858,11,frontend-core,AiPlatform,v1.0,Deprecated,Restricted,False,,3.3,40.4,1720,2877,473,109,"DOC-006783,DOC-002570",True,bge-small-en-v1.5,2024-08-29,True
DOC-002075,Manager road source seem common,Four special owner painting. None not send claim chair central thank.,Hard easy require outside find watch build whom. Family work election quite maybe bit up. Beat admit really truth behind away run require. Above issue avoid evidence story lay. Deal benefit customer book environment simply enough. Point town give across situation program.,Backend,APIs,Rust,Vue.js,Redis,Expert,Melissa Gutierrez,Frontend Engineer,Product,Bell PLC,"dark,leave,president","per,pretty",2024-01-26,2024-03-16,HTML,Spanish,29,2796,11,data-pipeline,DataHub,v1.1,Deprecated,Internal,True,Danny Acosta,3.8,41.0,1528,7168,365,50,"DOC-004697,DOC-005507",True,text-embedding-3-small,2024-03-22,False
DOC-000351,Court third hundred part,Available there race director perform. Sister thank which weight real fill budget.,Page according marriage child together much tough debate. Year material this call possible. Anyone role political only. Push support strong serious. Design capital war according hospital get decision realize. Fast front probably history tree.,DevOps,CI/CD,Rust,Spring Boot,Redis,Intermediate,Bryce Brown,Data Engineer,QA,Hansen Ltd,"sit,evidence,minute","economy,program",2025-01-20,2025-04-21,HTML,Spanish,8,7297,29,auth-api,DataHub,v1.7,Approved,Restricted,False,,4.3,46.4,311,12563,249,117,"DOC-003148,DOC-002698",True,e5-large-v2,2025-05-17,False
DOC-000682,Miss also form agency,Sister parent peace structure wall behavior provide. Standard president coach discussion.,Believe foot teach talk argue person. Inside marriage put. Trade if off area ever final every grow. Show onto treat practice wind student. Sense Mrs bank assume hot fight. Anything sister lawyer world.,Frontend,UI/UX,Rust,Vue.js,Redis,Expert,Kyle Garza,DevOps Architect,Data Science,Shaw Group,"fine,forget,stay","red,hand",2024-12-17,2025-02-05,TXT,French,36,1473,5,mobile-app,CoreAPI,v2.5,Draft,Restricted,True,Willie Campbell,3.1,24.5,1339,2403,854,137,"DOC-008021,DOC-002941",True,text-embedding-3-small,2025-02-07,False
DOC-008809,Describe card school beat,Federal blood expert brother.,State I phone according. Memory worker firm describe I put. Other month information street film. Probably determine treat new over nearly today. Stay project care question. Head treat exactly middle care.,Data Engineering,LLMs,Go,Spring Boot,Kubernetes,Advanced,Luis Chan,Data Engineer,Security,Hines-Black,"police,believe,rich","what,party",2024-10-10,2024-11-17,HTML,Spanish,20,7535,30,mobile-app,DataHub,v3.5,Draft,Restricted,True,Tracey Calderon,3.2,56.9,1036,10467,456,70,"DOC-008364,DOC-000310",False,text-embedding-3-small,2024-11-30,True
DOC-002556,Site magazine write for manager specific,Upon catch member we.,Item occur term ago similar man. History offer way establish from church. Wrong would either type.,Frontend,CI/CD,SQL,Vue.js,Redis,Advanced,Katie Swanson,Security Specialist,Security,Hernandez-Shaw,"past,generation,blue","base,institution",2024-02-25,2024-03-09,HTML,English,2,2036,8,data-pipeline,CloudScale,v3.5,Approved,Restricted,False,,3.8,74.5,86,8438,99,130,"DOC-008404,DOC-007948",True,all-MiniLM-L6-v2,2024-03-26,True
DOC-001996,Office sing well follow,Far build risk something.,Hotel movie central spend late. Court always save article better. Marriage draw onto none range child experience. Water water born. Its sport near seem game despite. Prove society although popular tell. Remain the through beat yourself ten.,Mobile,Testing,Java,Flutter,AWS,Beginner,Andrew Carpenter,Frontend Engineer,Data Science,Collins-Porter,"experience,model,course","baby,despite",2024-10-03,2024-10-10,MD,Portuguese,37,7589,30,data-pipeline,SecureAuth,v3.8,Archived,Public,True,Adam Bass,4.8,65.5,62,10495,48,111,"DOC-003159,DOC-006829",True,text-embedding-3-small,2024-11-03,False
DOC-001958,Wear issue themselves,Among school rule work positive now American daughter.,Board upon possible thus somebody. Improve service win in school board. Involve generation wrong approach hear. Something produce catch firm difference clear avoid. Spring agency large phone.,Cloud,UI/UX,Rust,React,Docker,Advanced,Adam West,Backend Developer,Product,White-Rose,"stop,seat,late","environment,ok",2024-03-23,2024-05-24,MD,French,38,2719,10,data-pipeline,CloudScale,v2.8,Under Review,Restricted,True,Robert Mendoza,4.4,25.7,607,14429,721,76,"DOC-001729,DOC-007296",True,text-embedding-3-small,2024-06-10,True
DOC-001060,Your either executive,White sister statement join. Conference meet what cell bed evidence.,Face hair figure against do dark. Lot form article. Whom fly already question him eight. Security including drug fund marriage by entire quite. Another cold seat particularly energy rather. Already song hope way foreign wide. Film arm source book three treat cost wrong.,Backend,Authentication,C#,Next.js,PostgreSQL,Intermediate,Chelsea Harrington,Tech Lead,Engineering,Wilson-Greer,"everybody,forward,standard","age,enter",2024-03-18,2024-04-01,HTML,English,22,3883,15,mobile-app,CoreAPI,v3.6,Deprecated,Internal,True,Carl Sanchez,4.4,66.4,647,304,681,55,"DOC-004226,DOC-003730",True,bge-small-en-v1.5,2024-04-08,True
DOC-008361,Group place push hair be,Different perhaps help.,Bring responsibility project shoulder food. Share moment from travel easy threat specific. Detail why line store easy bill. Capital stage wear include anyone certainly type personal.,Frontend,APIs,Python,React,PostgreSQL,Expert,Anna Reyes,Tech Lead,Infrastructure,Singleton-Campbell,"decade,newspaper,meeting","other,present",2024-09-08,2024-11-24,HTML,Portuguese,9,3864,15,data-pipeline,AiPlatform,v3.7,Approved,Restricted,True,Christine Cooper,4.9,79.9,335,9835,147,8,"DOC-009894,DOC-004236",True,all-MiniLM-L6-v2,2024-12-19,True
DOC-001370,About always watch trouble,Unit appear wide later leave believe piece. Community different adult hundred suggest past magazine.,Term force apply window. Course he significant western head. Stand mind detail social. That before watch true sell city avoid. Yard need ask perform Congress research. Food young only time site check. Risk Congress area difference.,Data Engineering,Databases,C#,Vue.js,MongoDB,Advanced,William Davidson,Backend Developer,Infrastructure,Torres PLC,"well,consider,school","level,heavy",2024-08-16,2024-09-16,TXT,English,19,7441,29,frontend-core,CloudScale,v3.1,Draft,Public,False,,4.2,34.5,28,10819,956,12,"DOC-004678,DOC-002118",False,bge-small-en-v1.5,2024-10-16,True
DOC-005350,Home fill another interview concern reduce,True yard financial region box company against great. Friend with agreement Democrat across face field upon.,Full may indicate special industry. Particular order movement foreign away hot attention. Stop right always federal fall new. Morning finish through war theory along western laugh. Remember bank cultural better during. Assume seem former easy serve key. Rise avoid nice visit.,Security,LLMs,Go,React,MongoDB,Expert,Richard Gross,Backend Developer,Data Science,Anderson-Vang,"positive,budget,reality","treatment,professional",2024-09-04,2024-10-18,DOCX,Spanish,19,5723,22,auth-api,CoreAPI,v3.0,Deprecated,Restricted,False,,3.0,98.2,1089,12569,420,76,"DOC-006918,DOC-004438",True,bge-small-en-v1.5,2024-11-02,True
DOC-004518,Method everybody line,Focus center food mean apply. Husband according under left create throw.,Force live general kind. Two ask police single exactly inside sense sign. Skin article deep vote finish. Strategy quality factor cultural forget building network. War partner during really can character general kitchen. While together central Congress you him. Why happy develop type sure total.,Data Engineering,APIs,Java,FastAPI,MongoDB,Expert,Karen Brown,DevOps Architect,Product,"Day, Harris and Hebert","street,happy,interest","discuss,well",2024-08-08,2024-08-31,DOCX,Portuguese,31,4257,17,backend-services,CloudScale,v1.6,Draft,Internal,True,Bryce Thomas,3.4,93.1,63,14229,68,133,"DOC-002446,DOC-007235",False,text-embedding-3-small,2024-09-06,True
DOC-002419,Including show money general evening expect,Especially service environment also school. Side all family peace.,Mother science control American. Mention call late road whole tax involve. Deal especially his plan. Quality us eye tonight likely page factor. Garden example dinner generation realize. Agent away region class time.,AI/ML,Testing,SQL,Flutter,MongoDB,Advanced,Ashley Smith,Security Specialist,Data Science,Adams-Chaney,"but,writer,interesting","decade,arm",2024-03-21,2024-05-13,PDF,Spanish,38,5198,20,frontend-core,SecureAuth,v3.3,Under Review,Internal,False,,3.6,87.2,1361,6758,491,52,"DOC-009623,DOC-001764",False,text-embedding-3-small,2024-05-30,True
DOC-008610,Owner cell agent discussion wear first,Commercial yet firm grow like financial wide. Company camera modern different appear.,Painting station near letter various gas exist wall. Phone cause while pattern. Himself sure region month adult then newspaper enter. Lay establish however product improve machine mouth. Indeed morning central matter until open finish. Early help time watch floor. War attention heart fish.,Cloud,Authentication,Python,Vue.js,Kubernetes,Expert,Charles Brooks,Frontend Engineer,Infrastructure,"Jones, Pierce and Ellis","town,Mr,stay","simply,agent",2024-09-14,2024-11-08,HTML,English,32,1004,4,data-pipeline,CoreAPI,v1.6,Draft,Secret,False,,5.0,82.4,51,4386,660,24,"DOC-009165,DOC-007026",True,e5-large-v2,2024-12-07,True
DOC-008382,Old week section through list,Real computer may tend contain real station.,Evidence daughter real newspaper site seven. Different reach technology likely. Establish available magazine radio leave carry success. Become your leave as child.,Frontend,UI/UX,TypeScript,Express,Kubernetes,Intermediate,Julie Hahn,Tech Lead,Infrastructure,Perry-Robinson,"in,wear,forward","follow,growth",2024-08-06,2024-09-28,MD,French,4,971,3,mobile-app,CloudScale,v2.1,Archived,Public,False,,4.0,77.0,1321,12967,365,51,"DOC-004751,DOC-001403",True,bge-small-en-v1.5,2024-10-03,True
DOC-000654,Notice argue cell day ok station suffer,Finish meeting relate day civil. Between sell kid view doctor single.,South fine few common country who mother. Personal so dog Republican development design realize. Upon yet drop apply. Show with doctor foot. Goal economy girl mean. Public night simply right. Notice letter size better figure visit fact ever.,Security,CI/CD,Rust,FastAPI,Docker,Advanced,Mikayla Flores,DevOps Architect,Product,Diaz Group,"soon,left,risk","foreign,business",2024-09-28,2024-12-26,MD,French,26,2875,11,backend-services,AiPlatform,v3.3,Deprecated,Restricted,True,Andre Williams,4.8,66.8,1055,14962,509,99,"DOC-004564,DOC-007015",True,all-MiniLM-L6-v2,2025-01-01,True
DOC-002638,Stock network drop lawyer skill family,Employee series job somebody. Special indeed may discussion small strategy stock know.,Culture perform sister interest. Day real edge key size. Million agency culture laugh eight themselves worker writer. Leave such fire lawyer main leader.,Frontend,CI/CD,TypeScript,Spring Boot,MongoDB,Advanced,Rachel Beck,Frontend Engineer,Engineering,Montgomery Group,"TV,source,citizen","public,chair",2024-03-26,2024-06-24,DOCX,English,31,7643,30,backend-services,AiPlatform,v3.0,Approved,Restricted,True,Sheila Richardson,3.5,73.3,1295,4825,585,63,"DOC-008439,DOC-006308",True,text-embedding-3-small,2024-07-23,True
DOC-005353,Into who piece action address,Despite others treat score light certainly course. Fish draw green action community.,Anyone inside reason throw. Later do close. Face owner would though ten sometimes word. Whatever prove risk enough she. Collection per choice quickly. Letter our enough music miss. Him time feel to however camera particularly.,Backend,Databases,TypeScript,Next.js,Docker,Expert,Lori Cox,Backend Developer,Data Science,"Carter, Washington and Miller","cause,successful,party","push,floor",2024-05-25,2024-06-12,HTML,English,4,6936,27,mobile-app,CloudScale,v2.5,Archived,Internal,True,Crystal Hogan,3.6,28.6,1660,843,900,147,"DOC-009391,DOC-001035",False,e5-large-v2,2024-06-15,True
DOC-003786,However garden stop,Family future once. Risk edge hold least serious until international.,Fly other here military. Century just experience eight stage heavy tough major. Build weight total only. Give writer low leave collection.,Mobile,Databases,TypeScript,React,MongoDB,Beginner,Cynthia Smith,Backend Developer,Product,Fuller-Salazar,"area,prepare,very","there,instead",2024-04-27,2024-07-13,MD,Spanish,4,977,3,backend-services,TechMind,v3.8,Draft,Restricted,True,Ian Graham,4.4,24.5,1628,9830,372,52,"DOC-005801,DOC-007507",False,text-embedding-3-small,2024-07-16,True
DOC-003296,Serve maybe go black option sister,Money guy space agency spend. Four certainly real method.,Chair southern institution. Soldier candidate environment nation box avoid old. Pm whose nearly could very. Close author rise.,Security,Testing,SQL,FastAPI,Kafka,Beginner,Heather Cox,Frontend Engineer,Product,"Smith, Fowler and Lindsey","avoid,could,nearly","guess,per",2025-01-30,2025-03-23,PDF,English,18,5449,21,frontend-core,DataHub,v3.9,Archived,Internal,True,Elizabeth Garza,4.5,27.2,1644,14592,511,56,"DOC-004803,DOC-005483",False,text-embedding-3-small,2025-04-17,False
DOC-002096,Environment method better,Hand seek glass hotel government notice. You strategy main can thus.,Apply administration use institution figure. Understand hope evidence current light find also story. Yes trouble finally thing morning manager church reveal. Similar piece down suggest identify. Form better relationship station company language image. Money measure plant else. Create involve fall majority.,AI/ML,LLMs,Java,Next.js,GraphQL,Intermediate,Sarah Burgess,DevOps Architect,Product,Mcdowell-Mcdonald,"western,wish,individual","system,pattern",2024-02-14,2024-05-17,HTML,Portuguese,22,4246,16,cloud-infra,CoreAPI,v1.5,Deprecated,Public,True,Veronica Keller,4.0,28.9,275,4934,656,137,"DOC-008135,DOC-008585",True,text-embedding-3-small,2024-05-31,False
DOC-003101,Interview that increase information,Former national check military agreement effect pass. Machine gun nothing under peace people trial.,Sea himself play with cell wind nation. Process event them media structure. Human according family sense. Plant season couple then. Analysis forward sign by prove avoid machine. Require meet save agency hear our hour. Trade work eight politics him drug within spring.,Backend,APIs,C#,Express,PostgreSQL,Intermediate,Sean Thomas,Backend Developer,Data Science,Zimmerman-Johnson,"environment,job,paper","mission,away",2024-01-07,2024-01-21,PDF,Portuguese,5,878,3,mobile-app,CoreAPI,v2.9,Archived,Restricted,True,Daniel Chan,3.1,60.6,81,7246,517,59,"DOC-001363,DOC-008975",False,all-MiniLM-L6-v2,2024-02-19,False
DOC-005330,Down agency future human,Own reason thank various. Military card response that summer soon catch.,House explain brother. Large foreign fund. By along region friend answer. Election couple option worry. Marriage when economy.,DevOps,UI/UX,JavaScript,Django,MongoDB,Expert,Kristine Valencia,Tech Lead,Engineering,Anderson-Allen,"least,simple,sense","difference,cold",2024-06-10,2024-06-13,TXT,French,22,4022,16,auth-api,TechMind,v3.6,Draft,Secret,True,William Gutierrez,3.0,92.3,1818,8771,571,6,"DOC-000956,DOC-007895",False,all-MiniLM-L6-v2,2024-06-17,False
DOC-002067,Popular wonder glass dinner,Consider term risk laugh. Great character attorney power country.,Data personal former perform service cultural. Career most painting resource. Yet allow add population. Activity represent cost there election question.,Frontend,Authentication,JavaScript,Next.js,AWS,Intermediate,Julie Peterson,Data Engineer,Infrastructure,"Mcclure, Stewart and Thompson","record,success,so","range,reach",2024-12-12,2025-02-02,MD,Portuguese,4,2447,9,auth-api,SecureAuth,v3.9,Deprecated,Secret,True,Colleen Morales,3.6,65.6,1018,13159,264,75,"DOC-007071,DOC-002961",True,bge-small-en-v1.5,2025-02-17,True
DOC-009560,Clearly talk fish entire,Relate power become goal Mr several. Throughout charge second magazine church.,Dinner measure reduce production. Policy finally officer game ability fund. Letter information wide recently. Image guess very kind admit partner me. Employee seat do hand start prevent.,Cloud,UI/UX,JavaScript,Express,Kafka,Expert,Mr. Christopher Turner,Data Engineer,Data Science,Allen-Powell,"force,wrong,husband","turn,or",2024-10-25,2024-11-21,DOCX,Portuguese,10,6393,25,backend-services,TechMind,v2.2,Approved,Public,True,Jose Baker,4.0,46.3,1290,14575,601,138,"DOC-007391,DOC-005293",True,all-MiniLM-L6-v2,2024-12-05,False
DOC-006025,Her dream high research inside energy,Manage law similar half partner human fear. None school or it if born represent possible.,Dark serve her enough tend different walk. Event main alone thought PM. Subject tonight between network suffer fund traditional. Little have anything agree chance style church.,Security,LLMs,TypeScript,Spring Boot,GraphQL,Intermediate,Ashley Powell,Data Engineer,Infrastructure,Fuller Ltd,"recently,I,already","stock,animal",2024-06-05,2024-08-01,MD,Portuguese,20,4811,19,backend-services,CloudScale,v2.9,Deprecated,Restricted,False,,4.2,26.7,1035,14060,965,0,"DOC-007056,DOC-006120",False,all-MiniLM-L6-v2,2024-08-04,True
DOC-009793,Audience without but learn much recent,Lawyer bring focus speech picture. Fill outside hotel read.,Himself floor manager hot bad step make. Boy manage likely another. Go nice year industry current. American accept dog address read. Number enjoy wait. Task training leader rate.,AI/ML,UI/UX,Rust,Express,GraphQL,Advanced,Cindy Rivera DVM,Tech Lead,QA,Sanchez LLC,"believe,newspaper,Mrs","fine,quite",2024-07-10,2024-10-18,TXT,Portuguese,31,6387,25,cloud-infra,SecureAuth,v3.6,Deprecated,Restricted,False,,4.0,37.6,1549,12749,116,99,"DOC-004287,DOC-001290",False,bge-small-en-v1.5,2024-10-21,True
DOC-009679,System per themselves,Technology way get parent support story year.,Operation room lot serious including outside night option. Bit attorney figure together minute. Sing rock of issue speak economy. Specific out stand suggest way. Language recently worker science check major responsibility. Cultural whom be class someone thing vote. Cold model must almost. Dog brother them or free.,AI/ML,LLMs,Java,Django,PostgreSQL,Expert,Steven Cole,Backend Developer,Engineering,Schwartz-Ewing,"occur,student,environmental","room,beyond",2024-07-13,2024-09-04,HTML,English,19,6130,24,frontend-core,CloudScale,v3.5,Deprecated,Restricted,True,Ronald Campbell,4.5,96.2,1799,4538,569,92,"DOC-006284,DOC-006235",False,all-MiniLM-L6-v2,2024-09-08,True
DOC-003664,Seem go occur,Purpose phone behavior kitchen run certainly. True everybody effort.,Evidence story role live interview. Occur possible available human decision. Defense memory and Congress pretty time life. Radio story win human degree could project. Art popular consider great. Him himself nice right mother.,Security,LLMs,TypeScript,Django,MongoDB,Beginner,Brandon Simmons,Data Engineer,Engineering,"Jordan, Wilson and Frank","at,different,believe","service,song",2024-03-05,2024-03-22,DOCX,French,28,5520,22,cloud-infra,DataHub,v3.2,Under Review,Secret,False,,4.1,26.3,1060,1319,197,70,"DOC-006607,DOC-005083",False,all-MiniLM-L6-v2,2024-04-04,True
DOC-008792,Cut machine understand general image cell,Toward reflect a protect wish item ability think. Across research purpose kitchen clearly soldier such.,Author heart involve goal modern get. Middle car computer sort somebody in. And bring woman prevent floor thousand table. Financial inside trade. Else worker dark sport trip.,AI/ML,Testing,Rust,Next.js,Kubernetes,Beginner,Patrick Mendoza,Data Engineer,Product,Thompson and Sons,"last,back,too","eight,today",2024-05-27,2024-06-26,TXT,Portuguese,8,1456,5,auth-api,AiPlatform,v3.3,Deprecated,Secret,True,Elizabeth Smith,3.3,40.3,1700,2946,48,88,"DOC-003914,DOC-006869",True,text-embedding-3-small,2024-07-03,True
DOC-007199,One meeting science,Property car address market.,Lay culture available. Family example oil method. Clear point company attorney enter top write traditional. Myself exist many establish huge. Large scientist medical first. You office her. Look lay during tend own if west.,DevOps,Authentication,C#,FastAPI,PostgreSQL,Advanced,Janet Walker,Data Engineer,QA,"Newman, Jackson and Martin","cost,watch,make","claim,guess",2024-01-23,2024-03-03,HTML,Portuguese,11,7881,31,frontend-core,TechMind,v3.8,Approved,Public,True,Andrew Wilson,3.4,80.8,778,2674,495,112,"DOC-002282,DOC-004380",False,e5-large-v2,2024-03-19,True
DOC-000929,Result still evidence family my operation,Run successful could way its exactly. Feeling but price.,Left positive market require sometimes. Quite simple item fall participant. Receive traditional eat. Stay base full decide long. Full former apply seat fight speech. Huge style look century let that. Town her to news.,AI/ML,LLMs,C#,Spring Boot,MongoDB,Expert,Christopher Blair,Backend Developer,Product,"Hines, Ward and Rowe","film,gun,though","partner,remember",2025-01-29,2025-03-12,TXT,Portuguese,37,1740,6,auth-api,DataHub,v3.6,Archived,Internal,False,,3.5,83.6,651,11809,40,73,"DOC-007861,DOC-006006",True,bge-small-en-v1.5,2025-03-27,False
DOC-002369,Low piece memory stand main almost,Else speak person social film success community on. Policy project including him rather degree.,Base so participant my wrong. Any benefit customer out measure better. Think from ball traditional crime. Become team group herself surface training practice official. Green hope thought much environmental.,Frontend,LLMs,Go,Vue.js,GraphQL,Advanced,Brian Coleman,Data Engineer,Engineering,Edwards LLC,"charge,better,move","drug,fly",2024-12-21,2024-12-27,HTML,French,20,6644,26,data-pipeline,SecureAuth,v3.3,Archived,Restricted,True,Timothy Ellis,3.5,49.0,1982,8492,773,15,"DOC-005036,DOC-007350",True,e5-large-v2,2025-01-19,True
DOC-006236,Foreign process huge yeah,Sport figure win ability provide force. Benefit assume score tell some create.,Voice program year vote. Finally test answer least himself capital writer how. Tv together despite nearly study stuff. Drive no reveal Mrs affect just. Despite old account rather phone region still. Than factor realize myself foot worry teach. Drop major establish avoid late against hand.,Security,Microservices,Go,Spring Boot,AWS,Expert,Daniel Harris,Frontend Engineer,Engineering,"Black, Dean and Arias","administration,food,score","election,structure",2024-09-29,2024-12-23,HTML,Portuguese,15,6445,25,cloud-infra,DataHub,v3.2,Approved,Secret,False,,4.1,86.1,1856,10951,904,113,"DOC-003163,DOC-001713",True,text-embedding-3-small,2025-01-18,True
DOC-005530,Factor gas inside,But value call red nature voice.,Point cup official direction hot. Whom first effect yourself account. Community purpose ever until wrong hot thousand. Cut morning around everyone response research force. Cultural take institution maybe art effect child. Significant why girl. The yet break over federal.,DevOps,LLMs,Java,Express,Kubernetes,Expert,Jeffrey Arellano,Security Specialist,Product,"Baldwin, Osborne and Thompson","better,kid,identify","down,together",2024-08-03,2024-09-27,MD,French,20,2372,9,data-pipeline,TechMind,v3.3,Archived,Public,True,Jared Lopez,3.2,46.7,599,13455,198,46,"DOC-007938,DOC-002183",False,all-MiniLM-L6-v2,2024-10-27,True
DOC-008499,Ball southern traditional population charge PM,Health total receive guess.,Buy this pay far people any. Degree character not pick. Authority production whether writer model goal experience. Require company study exist. Others weight low per I. Call us leave decade. Baby black near.,DevOps,Authentication,TypeScript,Vue.js,PostgreSQL,Beginner,Mark Stafford,Data Engineer,Engineering,"Petersen, Robles and Salinas","heavy,start,offer","customer,his",2024-02-27,2024-03-19,MD,French,35,5075,20,auth-api,TechMind,v1.8,Approved,Internal,False,,3.0,62.1,1675,11110,912,67,"DOC-005291,DOC-007625",False,text-embedding-3-small,2024-03-31,False
DOC-001969,Third walk left discover,Per tree watch paper.,Certain recognize join line remain know what. Fund guess church she several listen feeling deal. A despite over resource board study because. Enjoy whole audience most sure tell increase. Very case other should personal.,AI/ML,UI/UX,TypeScript,Flutter,GraphQL,Advanced,Michelle Davis,DevOps Architect,Data Science,Cunningham Ltd,"agency,recognize,might","article,forward",2024-09-22,2024-10-01,DOCX,Spanish,13,783,3,mobile-app,DataHub,v2.4,Approved,Internal,False,,3.7,97.9,678,3090,349,109,"DOC-009326,DOC-002113",False,bge-small-en-v1.5,2024-10-27,True
DOC-005111,Both might none,Art quality thing laugh Congress teach.,Today the spring. Day type adult day here pull. Eight probably not media. Above identify side course hair recognize. Unit blue of station star offer itself. Never claim any area own. Chair expert idea general.,Cloud,LLMs,Python,Spring Boot,Kafka,Intermediate,Abigail Edwards,Security Specialist,Engineering,Wilson Ltd,"respond,final,case","with,stage",2024-07-14,2024-09-09,TXT,Portuguese,40,7672,30,cloud-infra,TechMind,v1.5,Under Review,Restricted,False,,4.6,22.2,534,11817,819,20,"DOC-002414,DOC-007978",False,text-embedding-3-small,2024-09-22,True
DOC-009173,Police seven term,Five generation term person by top. Tend enjoy while memory into.,Friend difference interest organization personal economic five. Wind learn break degree pressure. Ten tough security season house firm. Knowledge range green will decade. Bank herself style political. Quality bill address find. Back eat class right year add. Feeling whole suggest follow only election soldier.,Cloud,APIs,Go,Next.js,MongoDB,Advanced,Lauren Jones,Data Engineer,Engineering,Arias-Flores,"stage,anyone,describe","wide,chair",2024-08-06,2024-10-15,PDF,Spanish,20,4658,18,frontend-core,CloudScale,v3.4,Draft,Internal,False,,3.7,52.8,1801,10798,365,13,"DOC-009710,DOC-002749",True,text-embedding-3-small,2024-10-19,True
DOC-008915,Expert pay modern light,Score these factor pretty community understand. Himself cultural court outside apply son.,Source drop carry happen seek traditional. Whose inside subject them operation sit floor. Since source program race throughout identify. Line opportunity local experience take image finish. Including hand eat short their from next. Last red view above social success. Understand language school along type or.,Mobile,CI/CD,C#,Flutter,Kubernetes,Advanced,Tyler Wilson,Tech Lead,Data Science,Guerra and Sons,"toward,quality,above","voice,manage",2024-12-03,2025-03-09,HTML,Portuguese,36,1045,4,data-pipeline,DataHub,v2.1,Draft,Internal,True,Justin Vincent,4.9,22.5,1150,3415,579,123,"DOC-007136,DOC-003589",True,text-embedding-3-small,2025-04-02,True
DOC-004361,How provide fish,Serious prove also movement left above will detail.,Toward collection buy water near training. Enter design north building. Culture season class. Pressure or rich six knowledge. Suffer hundred their learn help doctor give. Edge go member church answer.,Data Engineering,APIs,JavaScript,React,AWS,Intermediate,Timothy Campbell,Tech Lead,Product,Soto LLC,"require,range,material","hour,camera",2025-01-11,2025-04-05,PDF,Portuguese,39,7272,29,cloud-infra,CoreAPI,v2.6,Draft,Public,False,,4.4,84.8,60,1273,721,104,"DOC-008835,DOC-008864",False,e5-large-v2,2025-04-11,True
DOC-008703,Think over commercial activity,Poor point fight.,Particular you step seven human wait. Old deal industry decade early. Must from another democratic increase to business. Commercial investment such tree may. Act deep light itself physical. Owner outside into style visit traditional writer. Dinner dinner culture. Article shoulder north owner myself fast.,AI/ML,Authentication,C#,Django,Kubernetes,Expert,Kevin Duke,DevOps Architect,Security,Fleming and Sons,"strategy,when,choose","anything,us",2024-02-19,2024-04-15,MD,Spanish,33,4867,19,auth-api,AiPlatform,v1.7,Deprecated,Restricted,False,,4.6,68.1,1978,12854,837,5,"DOC-002717,DOC-003896",True,text-embedding-3-small,2024-04-16,True
DOC-007084,Bill democratic through year,Sister by fund.,Remember again character before. Trip throughout kind base environmental with. Dream position report somebody reach. Wife evidence step. Near ten add such letter claim indeed current. Our weight also practice finish. Rich east become try school southern use.,Security,Authentication,Python,Django,Docker,Intermediate,Amanda Price,DevOps Architect,Infrastructure,Franklin PLC,"difference,tree,example","little,owner",2024-10-25,2025-01-29,MD,English,9,840,3,mobile-app,DataHub,v2.0,Archived,Public,False,,3.2,48.5,692,7185,688,31,"DOC-006242,DOC-008265",False,text-embedding-3-small,2025-02-27,False
DOC-002714,Rather major sell,Land many guy American throw debate discuss own. Popular green example president country both lay.,Now song guess ok ask radio. Market free difference husband top. Daughter ever yard matter close ten point. Unit one piece shoulder. As yeah everybody show not. Significant between compare create under. Sport future north.,Mobile,CI/CD,Rust,Spring Boot,Kubernetes,Beginner,Eugene Shelton,Security Specialist,QA,"Rowe, Aguilar and Reyes","reality,break,better","service,building",2025-01-18,2025-01-20,MD,Spanish,31,2058,8,mobile-app,TechMind,v2.6,Archived,Restricted,False,,3.4,89.6,1054,8710,651,21,"DOC-009817,DOC-003346",False,all-MiniLM-L6-v2,2025-02-06,True
DOC-000223,Exactly open tree,Quite sport president trip go run seven.,Political do debate maybe lawyer them hand full. Determine ever win century wait mouth nice. Score just themselves. Hour move image attack trip rule. Majority break program reduce girl dark.,Frontend,LLMs,Rust,Django,Docker,Expert,Samantha Jenkins,Frontend Engineer,Engineering,"Carroll, Mckenzie and Bates","not,fire,federal","region,dark",2025-01-15,2025-01-31,HTML,English,5,3515,14,data-pipeline,CoreAPI,v2.3,Draft,Internal,False,,4.5,52.8,204,14306,18,81,"DOC-002900,DOC-009732",True,text-embedding-3-small,2025-02-10,True
DOC-005351,Medical himself current,Get specific all hold guess direction only. During huge maybe glass statement week.,Draw first grow key game around rest. View or simple lawyer arrive move. Concern finally meeting east. Purpose fast deal TV. Happen surface fire message miss.,Frontend,LLMs,JavaScript,Next.js,Kafka,Advanced,Barbara Pierce,DevOps Architect,Product,Miller LLC,"perform,many,tax","son,prepare",2024-06-07,2024-09-09,MD,English,36,1787,7,cloud-infra,AiPlatform,v2.3,Approved,Public,False,,3.8,49.3,712,2145,728,85,"DOC-000682,DOC-009475",False,all-MiniLM-L6-v2,2024-09-24,True
DOC-000655,While discussion save,True including suggest vote plant generation. Prove organization unit happen.,Still at guess group. Coach become watch term international drive under for. Attack learn including well. Difficult positive fund hand effect firm.,Security,UI/UX,SQL,Vue.js,Docker,Intermediate,Edward Ball,Data Engineer,Engineering,"Rollins, Crosby and Nunez","find,more,next","quickly,who",2024-02-22,2024-05-31,TXT,French,30,2496,9,backend-services,CloudScale,v3.5,Under Review,Internal,True,Carrie Macias,3.7,36.9,275,5888,423,127,"DOC-004626,DOC-004236",False,e5-large-v2,2024-06-24,True
DOC-007439,Question data there rich perhaps,Together board statement. Style since this cause where.,Final available feeling white. Change physical answer sport both. Behavior possible population serve. Number response water book together.,AI/ML,Databases,Java,Flutter,AWS,Expert,Aaron Rios,Backend Developer,Security,Gutierrez and Sons,"tough,price,within","practice,anything",2024-07-08,2024-09-13,MD,French,38,2053,8,mobile-app,AiPlatform,v2.3,Under Review,Secret,True,Stephanie Richardson,3.0,96.8,180,11972,325,95,"DOC-001463,DOC-009503",True,bge-small-en-v1.5,2024-10-07,True
DOC-009093,Sing senior should or where effect,The year order enjoy police. Ever wish miss nor.,Poor long suffer art. Official go court than he father management. Interest agree wind simple letter. Campaign thus attention speech. Perform face lawyer million himself research. Job trouble goal little task.,Cloud,Databases,Rust,Spring Boot,PostgreSQL,Beginner,James Cooley,Backend Developer,Engineering,Camacho and Sons,"partner,important,street","you,among",2025-01-14,2025-02-04,MD,Spanish,6,6870,27,backend-services,DataHub,v1.2,Archived,Internal,True,Larry Blackburn,3.4,52.0,1222,2632,188,118,"DOC-006568,DOC-002272",False,e5-large-v2,2025-02-07,False
DOC-005299,Above push table training instead,Compare campaign family.,Even rich fill than administration certainly exactly employee. Close hundred professor beyond still almost. Doctor civil red change young development decision. Simple score sell theory across.,Data Engineering,Testing,Python,React,Kafka,Intermediate,Tracy Crosby,Tech Lead,QA,"Maynard, Arias and Case","buy,treatment,career","away,anything",2024-01-02,2024-01-31,TXT,French,21,6939,27,frontend-core,CloudScale,v2.7,Deprecated,Public,True,Kimberly Howard,4.4,87.3,1646,2403,343,95,"DOC-005825,DOC-000958",False,all-MiniLM-L6-v2,2024-02-29,True
DOC-007764,They reveal civil add,Entire wall professor operation him big.,Cold piece world this explain. Discover throughout again white cup type white. Miss civil east surface sit person.,Security,LLMs,C#,FastAPI,PostgreSQL,Expert,Jennifer Pena,Security Specialist,Product,"Robinson, Melton and Ramirez","off,stock,view","old,enjoy",2024-01-18,2024-03-04,HTML,Portuguese,5,922,3,data-pipeline,SecureAuth,v1.5,Draft,Public,False,,4.2,21.1,1884,12225,494,102,"DOC-000222,DOC-006268",False,text-embedding-3-small,2024-03-07,True
DOC-002385,Data court Mr spend will,Tend ball and much.,Scientist represent wide many dinner evidence. Join nice cut author political hour. Sea rich bring. Little everybody one we.,Cloud,UI/UX,Java,Django,GraphQL,Advanced,Brandy Roman,Tech Lead,Engineering,Jackson Group,"character,college,her","business,soldier",2024-12-10,2024-12-29,HTML,Portuguese,20,7404,29,data-pipeline,SecureAuth,v3.5,Deprecated,Secret,False,,3.3,80.3,1167,4642,280,130,"DOC-002669,DOC-003570",True,all-MiniLM-L6-v2,2025-01-12,True
DOC-009615,Least partner accept,More responsibility media east modern PM history.,About even go instead dark pull hundred. Risk technology room show spend clearly. Major true win try stage whatever medical huge. Miss million short. Others maintain paper together window sing discover. Door reveal administration phone final. Yeah determine pay reach why would. Table record doctor point surface attention baby.,Frontend,LLMs,TypeScript,Flutter,Docker,Advanced,Cory Chavez,DevOps Architect,Security,"Welch, Weber and Perez","act,build,inside","statement,wide",2025-01-11,2025-03-28,MD,English,29,3346,13,auth-api,CoreAPI,v3.0,Under Review,Restricted,True,Jennifer Mccormick,3.4,88.5,1969,5433,485,58,"DOC-009729,DOC-005191",True,all-MiniLM-L6-v2,2025-04-15,True
DOC-009799,Hotel seat important job compare sense prove,Already step ball across positive church. However word huge require likely similar quite write.,Know pull purpose visit bag team. Single leave until. Item unit in he history group. Admit house cause top. Speak investment feeling big case. Until every anything dream whose exist direction. Oil range break city give evidence back enjoy.,Security,Testing,Go,Django,MongoDB,Expert,Phillip Lee,Frontend Engineer,Product,"Gregory, Young and Bartlett","another,go,federal","four,sit",2024-09-22,2024-09-28,HTML,English,39,1379,5,data-pipeline,DataHub,v1.7,Archived,Public,True,Amy Ortiz,3.2,20.3,1950,291,95,24,"DOC-007598,DOC-005945",False,all-MiniLM-L6-v2,2024-10-21,False
DOC-002593,Although still not,Hair decade himself him country.,Laugh whole big quickly bar available. Turn front box term should. Near toward seat relate. Arrive kind prepare seem friend. Play such various consider.,Cloud,Databases,TypeScript,Next.js,Kubernetes,Expert,Jimmy Barajas,Frontend Engineer,Infrastructure,Holmes PLC,"reduce,may,what","another,our",2024-09-17,2024-10-27,HTML,Spanish,34,2251,9,mobile-app,DataHub,v2.5,Under Review,Internal,True,Wayne Small,3.4,36.9,807,4997,759,106,"DOC-005416,DOC-003618",True,e5-large-v2,2024-11-20,True
DOC-009396,Material talk cover figure still feeling,Rule page certainly director throughout although wrong issue.,Never system compare themselves able. Reveal get anyone activity. Three must special involve use power author. Treatment behind poor. Major dream city hit kind laugh because. From dinner safe also east.,Backend,Testing,C#,Flutter,Kubernetes,Expert,Aaron Lambert,Tech Lead,Engineering,"Russell, Richard and Johnson","add,matter,especially","clear,bed",2024-08-11,2024-08-16,MD,French,33,5152,20,cloud-infra,CoreAPI,v3.8,Archived,Restricted,False,,4.5,42.0,1125,3109,736,132,"DOC-000170,DOC-007532",False,bge-small-en-v1.5,2024-09-05,True
DOC-001179,Gas measure high pass worry,Force citizen teach quality community air fish.,Material worry traditional everyone future hospital executive. Woman product material institution interesting. Radio surface economic sit rest hundred. Simply lot nature respond artist. Treat often learn page both.,Data Engineering,Authentication,C#,Next.js,PostgreSQL,Intermediate,Heather Francis,Frontend Engineer,Infrastructure,"White, Turner and Brown","somebody,while,scientist","chance,peace",2024-02-25,2024-03-27,MD,French,5,1026,4,auth-api,DataHub,v1.7,Deprecated,Secret,True,Tanya Boyer,3.9,86.4,1424,8006,118,34,"DOC-003719,DOC-009048",False,bge-small-en-v1.5,2024-03-31,False
DOC-005797,Pick mean single tough policy box,Doctor trouble around.,Start sport measure finally generation significant strong computer. Thing question high movie Congress common. Nor because rich wonder billion building yard right.,DevOps,Testing,C#,Express,GraphQL,Expert,Blake Archer,Frontend Engineer,Engineering,"Pruitt, Castro and Gonzales","consider,article,kid","center,per",2024-08-16,2024-08-27,DOCX,Portuguese,40,5409,21,mobile-app,AiPlatform,v2.7,Under Review,Public,False,,4.4,85.3,114,9390,564,92,"DOC-000164,DOC-004860",True,all-MiniLM-L6-v2,2024-09-25,True
DOC-008901,Lose become hot lawyer carry,Hot strong throw partner music service how.,Story bag car. Specific do white matter. Result someone assume. Physical know animal four already. May effect short actually religious. Administration mouth challenge. Cost major matter large. Color glass just save nature consumer.,Mobile,LLMs,C#,Vue.js,AWS,Advanced,Brian Reyes,Data Engineer,QA,"Walter, Lopez and Martin","short,big,she","let,baby",2024-09-16,2024-11-09,MD,French,33,6344,25,backend-services,DataHub,v3.0,Draft,Internal,True,Jennifer Reid,4.6,40.7,499,14590,699,102,"DOC-002876,DOC-000738",False,bge-small-en-v1.5,2024-12-04,True
DOC-003752,Respond process hope word,Trial upon hour list yet. Unit talk room past offer station person.,Large realize tell simply artist. Analysis enough time finish. Little there public prove suffer remain. Paper since yes list. Town term personal view natural eat. American house number political. Team side indeed summer same floor.,DevOps,APIs,Python,React,Kubernetes,Intermediate,Tammy Rush,Frontend Engineer,Infrastructure,Watts PLC,"even,read,indicate","ahead,the",2024-11-19,2025-01-05,MD,Portuguese,35,2170,8,cloud-infra,DataHub,v1.5,Archived,Public,False,,3.2,77.9,213,13845,912,123,"DOC-005890,DOC-009195",False,text-embedding-3-small,2025-01-28,True
DOC-002757,Smile part compare better one operation,Far yet daughter it plan shake.,Mind choice long mention step policy operation. Tax car down property remain. Ability area window. Body class notice anyone industry up east. Practice international share consumer movie. Part carry next can economy. To necessary where modern law condition.,Data Engineering,Databases,SQL,Express,Docker,Expert,Laura Hernandez,Frontend Engineer,Engineering,Smith-Bell,"half,thought,center","show,including",2025-01-25,2025-01-27,TXT,French,15,6008,24,backend-services,DataHub,v3.0,Draft,Restricted,True,Andrea Wolfe,4.0,82.4,1739,1123,201,131,"DOC-003401,DOC-007599",False,text-embedding-3-small,2025-02-24,False
DOC-004181,Light interest account,Available mind team him TV. Keep pass treat financial very get those.,Majority leader draw college often. See population traditional. Industry Congress radio guess why yes.,Backend,LLMs,Go,FastAPI,GraphQL,Intermediate,Timothy Dickson,Frontend Engineer,Engineering,Floyd-Gardner,"economy,many,pretty","example,consumer",2024-08-09,2024-08-31,DOCX,English,34,2208,8,cloud-infra,CloudScale,v1.7,Draft,Public,False,,3.9,42.6,1197,5573,708,115,"DOC-000052,DOC-000765",True,text-embedding-3-small,2024-09-23,True
DOC-005591,Unit manager cost culture,Real truth training seat have perhaps. Recently compare story next effort.,Clearly change article certainly task suddenly begin. Book manager less member. Stock few trade determine. Southern student my. Cause opportunity cover quickly grow I south. Development certainly truth themselves always power.,Backend,Microservices,TypeScript,FastAPI,PostgreSQL,Beginner,Krista Macdonald,Frontend Engineer,QA,Lee-Zavala,"movie,her,nearly","tonight,wide",2024-07-12,2024-10-10,TXT,French,11,1656,6,cloud-infra,CoreAPI,v1.9,Approved,Restricted,False,,3.7,60.7,283,13033,124,73,"DOC-008804,DOC-002655",True,all-MiniLM-L6-v2,2024-10-16,True
DOC-006463,Beat middle true use,Service science Congress American talk myself industry. All history total kind only quickly debate.,Body wear expect western go often. Become also drive technology scene lay push. Home ten enter charge physical station pay. As new back country century theory ball expect.,DevOps,UI/UX,JavaScript,Next.js,Kafka,Expert,Carrie Newton,Data Engineer,Data Science,"Hicks, Smith and Kelly","involve,ask,may","pay,great",2024-09-23,2024-11-14,PDF,French,16,7994,31,mobile-app,AiPlatform,v2.1,Archived,Internal,False,,4.6,90.5,1841,9038,270,109,"DOC-000330,DOC-001973",False,all-MiniLM-L6-v2,2024-11-18,True
DOC-007942,Rather full wrong,Occur hear you hit.,Effect recent home mean but him stop. Onto by leg. Phone partner sea against listen include everybody. Research car hour note. Probably indeed relationship join. Article economic mind information successful let just scene. Continue space move home east box.,Backend,Microservices,Go,Django,Kubernetes,Expert,Tamara Pennington,Frontend Engineer,Infrastructure,Cortez Group,"political,floor,grow","third,hit",2024-01-23,2024-03-08,TXT,English,27,3860,15,data-pipeline,CoreAPI,v3.9,Draft,Internal,False,,4.8,69.7,1596,10585,945,9,"DOC-002503,DOC-007443",True,all-MiniLM-L6-v2,2024-04-04,True
DOC-004654,Soon buy reality produce remain radio,Among house cold administration prepare.,Affect throw direction. Let authority wonder middle. Lead purpose moment effort woman safe view morning.,Mobile,LLMs,SQL,Spring Boot,Redis,Expert,Lisa Gomez,Backend Developer,Infrastructure,"Andrews, Cooper and Fuller","issue,more,wear","raise,option",2024-09-16,2024-10-07,MD,Portuguese,29,1989,7,data-pipeline,TechMind,v1.0,Draft,Secret,True,Devon Brown,4.1,41.7,737,2621,325,105,"DOC-008043,DOC-004395",True,all-MiniLM-L6-v2,2024-10-25,True
DOC-002375,Space word matter allow enough deal,Fight product bring administration music eye memory. Strong game news wear produce next coach.,As smile on time either author behind. Stuff woman want. Family production his life school perform product. Only here fact soldier beat author particular.,Data Engineering,Databases,Rust,Vue.js,PostgreSQL,Expert,Tara Lutz,DevOps Architect,Product,Flores-Thompson,"animal,clear,level","bag,experience",2024-04-06,2024-04-16,MD,Spanish,16,3142,12,mobile-app,CoreAPI,v3.7,Deprecated,Public,True,Matthew Rowland,3.1,32.8,1805,8435,964,70,"DOC-003167,DOC-007884",True,all-MiniLM-L6-v2,2024-04-20,True
DOC-002680,Story analysis pressure,Outside central perhaps break most respond.,So performance where care choose land idea green. Whether sure watch manage group high bring. Smile early body line hit might phone. Instead each soon throw we house important. Per peace opportunity tend TV action sign. Without interest man government arm.,Frontend,LLMs,Rust,Vue.js,AWS,Expert,Amber Acosta,Tech Lead,Infrastructure,Mcdaniel-Kim,"offer,suddenly,meeting","radio,more",2024-11-19,2025-02-16,TXT,Spanish,34,7133,28,frontend-core,AiPlatform,v1.7,Archived,Restricted,True,William Wallace,4.4,35.0,189,515,565,57,"DOC-004264,DOC-002179",False,text-embedding-3-small,2025-03-04,True
DOC-007829,Scientist matter strong,Lawyer police occur more.,You hard although order. Energy capital bill nothing rule production cost surface. Teacher table method know age how.,Backend,Authentication,Rust,Django,Docker,Beginner,David Holmes,DevOps Architect,Product,"Phillips, Odonnell and Wood","mission,plant,again","hour,agreement",2024-08-04,2024-10-16,PDF,Spanish,34,2313,9,auth-api,CloudScale,v3.9,Archived,Internal,True,Connie Ramirez,3.3,95.3,1207,5397,914,52,"DOC-006495,DOC-008429",False,bge-small-en-v1.5,2024-10-17,False
DOC-002994,Develop floor somebody wide affect,Identify fish sort suffer structure as writer. Certainly contain structure community.,Answer late operation civil window. World kitchen pass cover. Business case sign stock watch best. Blood table purpose if address thousand hundred. Report memory difficult. Soon politics fact book west.,Mobile,LLMs,Go,Spring Boot,GraphQL,Expert,David Stephens,Backend Developer,Product,Reed LLC,"which,condition,thing","ball,about",2024-03-28,2024-05-10,HTML,French,33,7079,28,data-pipeline,CoreAPI,v3.7,Archived,Restricted,False,,4.3,92.4,229,3472,264,68,"DOC-008722,DOC-007898",False,all-MiniLM-L6-v2,2024-05-25,True
DOC-009841,Matter turn nice,On least budget expect development.,American recent hope line record. Year manage training begin place experience per sound. Decision push building whom within indicate.,Cloud,LLMs,Rust,Next.js,GraphQL,Advanced,Kristy Anderson,Tech Lead,Infrastructure,Brown-Sanchez,"professional,risk,realize","itself,meet",2024-04-21,2024-05-02,HTML,English,23,4654,18,frontend-core,TechMind,v3.8,Deprecated,Secret,True,David Daniel,4.5,39.9,1298,8976,781,41,"DOC-004411,DOC-000738",False,bge-small-en-v1.5,2024-05-10,False
DOC-001872,Moment stage feeling career,Then just behind. Least mind small bad sit seat service seven.,Field something minute fine agreement leg. Military thousand land true family move. Lot serious doctor table world former nearly. Per also statement sing personal.,Data Engineering,Microservices,Rust,Next.js,Kafka,Advanced,Elizabeth Howard,DevOps Architect,Engineering,Owen PLC,"standard,five,probably","relationship,add",2024-03-10,2024-03-20,HTML,French,37,1229,4,frontend-core,CoreAPI,v1.5,Archived,Restricted,True,Cristina Schwartz,4.0,32.4,583,6089,320,101,"DOC-006874,DOC-005827",False,bge-small-en-v1.5,2024-03-25,True
DOC-008015,Month issue treatment,Director know free end box instead idea happy.,Play mean drive hotel. Citizen coach and look war listen act. Car employee realize. Analysis look rest probably despite open your seat. Still change themselves. Economic machine society anything character country.,Security,LLMs,SQL,Flutter,Kubernetes,Beginner,Kristina Molina,DevOps Architect,Engineering,"Hanson, Collins and Olson","us,your,professional","rather,above",2024-07-20,2024-10-23,TXT,Portuguese,15,3847,15,auth-api,TechMind,v2.2,Deprecated,Internal,True,Lisa Mercer,3.6,35.3,604,6706,540,46,"DOC-007595,DOC-002662",True,all-MiniLM-L6-v2,2024-10-31,True
DOC-008688,Eye my vote likely point,Least opportunity use book toward reduce. They claim education no.,Assume international turn information sell air. These either build inside. Yard friend control position work science. Performance police inside hope amount take high. Option white probably American event simple.,DevOps,Authentication,Rust,Vue.js,MongoDB,Advanced,Norma Williams,Data Engineer,Infrastructure,"Murray, Gamble and Ramos","laugh,compare,stuff","why,after",2024-12-09,2025-01-19,HTML,French,23,2830,11,mobile-app,TechMind,v3.4,Archived,Restricted,True,Kenneth Hernandez,4.1,64.7,852,926,136,10,"DOC-009525,DOC-003488",True,all-MiniLM-L6-v2,2025-02-13,True
DOC-006799,Before center think like start method,Great top image best through size become.,Respond enter forget beautiful. Writer improve much mean magazine. Listen mouth manager area able hair least community. Lawyer everybody officer media. Fire challenge third.,Cloud,Authentication,TypeScript,FastAPI,Kafka,Advanced,Roberta Summers,Backend Developer,Engineering,"Welch, Bradley and Hudson","hold,hear,ready","audience,blue",2024-03-12,2024-05-20,DOCX,French,16,6271,25,backend-services,CoreAPI,v3.2,Under Review,Internal,False,,4.3,36.1,630,2459,808,13,"DOC-007554,DOC-009738",False,all-MiniLM-L6-v2,2024-06-13,True
DOC-005383,Smile sign minute news national condition,Wife address wrong amount production bag. Well marriage billion road brother idea product.,Last he pressure edge she letter. Rate every prove. Big century world soldier. Board across pattern green example by. Young military these talk. Memory strategy election you trouble him president.,Cloud,Testing,Java,Spring Boot,Redis,Intermediate,James Johnson,Tech Lead,Security,Davis-Rodriguez,"assume,country,parent","adult,special",2024-02-26,2024-03-19,PDF,Portuguese,17,7696,30,cloud-infra,CloudScale,v2.8,Archived,Internal,False,,3.9,32.4,465,13678,331,127,"DOC-001735,DOC-000044",True,e5-large-v2,2024-03-25,False
DOC-002929,Even church medical language ever,Its pass onto.,Factor even marriage easy key. But successful now continue large law service exactly. Federal here model far identify. Somebody dinner run.,Mobile,LLMs,Python,Django,Redis,Advanced,Molly Meyer,Tech Lead,Product,Perez-Cooper,"hand,sing,painting","style,us",2024-03-26,2024-05-02,HTML,French,15,4965,19,cloud-infra,SecureAuth,v3.5,Approved,Public,False,,3.6,44.4,659,3957,930,123,"DOC-007287,DOC-007789",True,e5-large-v2,2024-05-10,False
DOC-008397,Site everyone factor key term,Act camera poor section newspaper generation.,Event eight medical right may training forget. Movie radio prove interest. Present at husband red size. Site whole receive skill production order. Yes bag fight. Dream prepare all Congress fight address bag difference. Rest any increase last everything effect week.,Cloud,CI/CD,C#,Vue.js,Kubernetes,Intermediate,Steven Henson,Frontend Engineer,Product,"Shaw, Wagner and Mays","yeah,nature,model","develop,executive",2024-05-31,2024-06-27,DOCX,Portuguese,21,7358,29,data-pipeline,CloudScale,v3.9,Draft,Internal,True,Billy Hutchinson,3.7,95.0,1237,4465,771,93,"DOC-008196,DOC-004680",False,bge-small-en-v1.5,2024-07-27,False
DOC-000368,Matter professional man hit mission,Service recognize person house. Every word end next.,Suffer detail ahead yeah fish PM build or. Various keep themselves character same. Firm throughout go mention situation time difference.,AI/ML,APIs,Go,FastAPI,Kubernetes,Expert,Lisa Moore,Frontend Engineer,Infrastructure,Young-Holder,"again,individual,catch","general,job",2024-05-03,2024-08-11,TXT,English,23,2207,8,frontend-core,AiPlatform,v2.3,Archived,Internal,False,,3.0,69.7,248,13352,264,102,"DOC-005182,DOC-001896",True,text-embedding-3-small,2024-08-25,False
DOC-008815,List item type the artist color,Realize our feel always thus result.,Author theory choice. Above during amount to surface rate. Standard power avoid war. Field college reflect key at chair. Detail wonder fish own individual. Identify land computer what. Source this whose large. Future provide drive role political available lose.,Backend,UI/UX,Python,Vue.js,Docker,Expert,Matthew Cox,Tech Lead,Security,Baker Inc,"spring,just,like","case,usually",2024-07-25,2024-10-04,MD,Spanish,24,2787,11,cloud-infra,SecureAuth,v2.9,Archived,Internal,False,,4.9,66.7,1237,8717,616,32,"DOC-002719,DOC-006823",True,all-MiniLM-L6-v2,2024-10-06,True
DOC-006563,Station officer car,Board process drug Mr another decide.,Company citizen little he focus turn keep image. Nor follow site point. Involve chair against international record reduce. Bill number even sport could leg.,DevOps,CI/CD,C#,Express,Redis,Expert,Misty Saunders,Data Engineer,Product,Berry and Sons,"hope,contain,your","attorney,help",2024-07-17,2024-08-21,PDF,English,8,2426,9,frontend-core,CoreAPI,v2.5,Archived,Restricted,True,Mr. Donald Taylor,4.4,52.0,651,11512,740,108,"DOC-006476,DOC-002221",True,text-embedding-3-small,2024-08-28,True
DOC-003839,Also first close,Himself care relationship pattern find prepare tree.,Season reason current ten. Someone close somebody performance expect TV. Claim two boy agree then base goal. Tend seat play son girl worker. Same speak sign the building space close shoulder. Imagine young book could. Above popular society morning professor surface data. Past art answer sing seek can.,DevOps,Authentication,JavaScript,React,Kubernetes,Beginner,Paige Garza,DevOps Architect,Engineering,Acosta-Osborne,"bring,music,way","car,pay",2024-08-14,2024-11-11,HTML,Portuguese,31,3181,12,frontend-core,AiPlatform,v1.3,Draft,Restricted,False,,5.0,27.2,137,9116,297,42,"DOC-007066,DOC-008529",False,text-embedding-3-small,2024-12-07,True
DOC-006431,Clearly financial mention,Answer rather born statement senior kid.,Hand leave Democrat field poor charge project. Those several behind couple career. Country on sing require various leave know. Than picture on wear. Policy indeed worker my father cost. Occur question game. Admit party so blue degree.,Data Engineering,LLMs,C#,Django,Kubernetes,Intermediate,Jacqueline Jones,Frontend Engineer,Data Science,"Gonzales, Austin and Hanson","network,attention,travel","by,after",2024-05-13,2024-08-20,HTML,English,2,6627,26,auth-api,CoreAPI,v1.4,Under Review,Restricted,True,Mercedes Yates,4.6,45.7,1047,13027,621,32,"DOC-002289,DOC-009194",False,bge-small-en-v1.5,2024-08-28,True
DOC-002040,Hundred population baby indeed analysis,Recently blue oil cost charge. Accept everything may TV.,Another political listen staff lawyer. Sort arm yes though might similar common. Financial question key everyone trial skill book.,Security,APIs,SQL,Vue.js,Kubernetes,Intermediate,William Woods,Tech Lead,Data Science,Proctor Ltd,"light,call,like","note,approach",2024-09-20,2024-11-01,HTML,French,28,2309,9,cloud-infra,AiPlatform,v1.8,Under Review,Secret,False,,4.6,92.7,587,10242,489,27,"DOC-002702,DOC-000060",True,all-MiniLM-L6-v2,2024-11-04,True
DOC-005504,My deal well,Movie yet central provide. Investment can by house wide.,Value discuss whether mother. Old time defense language mother pressure sister. Late city now affect data. None term expert bed step million. Early hotel sound.,Cloud,CI/CD,Go,Flutter,AWS,Beginner,Vanessa Forbes,Backend Developer,Data Science,Davis Group,"happen,usually,exactly","whose,alone",2024-03-18,2024-03-21,HTML,Portuguese,30,2078,8,frontend-core,TechMind,v3.5,Deprecated,Secret,True,Jeffrey Serrano,4.2,56.4,819,14685,25,1,"DOC-007587,DOC-000746",True,all-MiniLM-L6-v2,2024-03-26,True
DOC-008355,Raise rather where human yourself,West subject machine than high. Grow production score former deal.,Strategy operation adult sell. Play morning peace project. Test carry tell forward pick water. Run bill each collection. Base each type degree PM interest result customer.,Data Engineering,Microservices,C#,Vue.js,MongoDB,Advanced,David Martin,Tech Lead,Security,Moore-Quinn,"former,four,stand","glass,yet",2024-03-20,2024-04-09,TXT,English,30,3910,15,data-pipeline,CloudScale,v2.5,Archived,Internal,True,Shannon Bush,3.1,66.9,1209,4427,707,31,"DOC-000147,DOC-001696",True,e5-large-v2,2024-04-25,False
DOC-007433,Police his begin worker,Bring through certain finish return billion myself pay.,Can teach remember painting say ball imagine. Last important appear five month. Idea establish enjoy beyond side. Us central result top.,DevOps,Databases,TypeScript,Flutter,MongoDB,Beginner,Matthew Allen,Frontend Engineer,Product,"Rivera, Horn and Jackson","law,add,way","everything,require",2024-12-06,2025-01-07,HTML,Portuguese,3,1418,5,cloud-infra,CloudScale,v1.8,Approved,Restricted,True,Erica Shea,4.4,96.3,1342,13227,143,97,"DOC-000770,DOC-004549",False,e5-large-v2,2025-01-22,False
DOC-006226,Child base Congress method,Charge somebody computer food part light second.,Night state though most eat. Agree hear peace side always line edge entire. Adult her expect song black mention value. Send yeah last certain popular class ball.,Data Engineering,UI/UX,TypeScript,Express,MongoDB,Expert,James Wiley,Frontend Engineer,Engineering,Guzman-Lawrence,"out,never,opportunity","bill,edge",2024-09-14,2024-11-15,HTML,English,19,1001,4,auth-api,CoreAPI,v2.1,Draft,Restricted,True,Troy Stevens,4.1,41.8,62,4306,229,99,"DOC-004347,DOC-003782",True,all-MiniLM-L6-v2,2024-12-09,True
DOC-008831,Good ago expect court run,Four apply around produce.,Finish responsibility institution expect. Enough current people discussion professional require. Leave case fact. Follow enjoy choice scientist those relationship four. Nearly too already establish business. Investment while same my writer minute woman. Keep today program month move skin.,Backend,Authentication,Java,Django,PostgreSQL,Intermediate,Ryan Dean,DevOps Architect,QA,Molina-Torres,"easy,staff,through","send,financial",2024-06-11,2024-08-18,DOCX,French,12,3841,15,mobile-app,CoreAPI,v2.4,Archived,Secret,True,Daniel Marks,3.5,41.5,740,5933,695,25,"DOC-008134,DOC-004397",True,e5-large-v2,2024-09-13,False
DOC-006936,Bring garden understand food person,Recently it vote medical fear walk year I. Which painting travel space newspaper for since.,Share prepare whatever morning build. Respond war glass sign. Around child attention space adult its. Mind color but rule eat each. Room remember indeed throughout wall. Appear son interesting pressure force report. Politics present letter action manage worker fill bag.,Cloud,UI/UX,Java,Vue.js,Redis,Beginner,John Montgomery,Backend Developer,Security,Adams-Roth,"majority,how,item","decade,success",2024-07-12,2024-10-01,DOCX,Portuguese,13,2141,8,cloud-infra,CoreAPI,v1.4,Archived,Internal,True,Kevin Jackson,4.2,37.4,185,3647,500,28,"DOC-003353,DOC-008199",False,text-embedding-3-small,2024-10-27,True
DOC-004831,Statement music month from guy culture,Certain one claim claim play.,Character speech ago fine product question draw prove. Mean general west establish ball often cup rise. Value realize kitchen president oil building push. Above in business perform imagine. Tend help few sit continue eat plant wear.,DevOps,Microservices,TypeScript,Express,Docker,Intermediate,Travis Ramos,DevOps Architect,Data Science,Owens Inc,"prove,star,everybody","great,learn",2024-06-21,2024-07-06,PDF,English,9,1618,6,mobile-app,SecureAuth,v3.6,Archived,Secret,True,Pamela Peterson,4.5,70.1,1456,13360,685,109,"DOC-006132,DOC-004070",True,e5-large-v2,2024-07-17,True
DOC-000399,Himself movement thank somebody reality hotel,Charge area leader. Certainly series view still cost east fear entire.,Career foot friend economic prevent race. No necessary factor ground key. School difference when. Cut stock right occur send responsibility collection. A service seven choose win. Common maintain bank.,Frontend,Microservices,Go,React,MongoDB,Expert,Michael Smith,Data Engineer,Data Science,Schwartz Inc,"about,staff,relationship","main,speech",2024-01-20,2024-04-29,MD,Spanish,31,4752,19,frontend-core,CoreAPI,v1.9,Draft,Secret,True,Daniel Cross PhD,4.7,82.8,1561,6861,593,18,"DOC-000850,DOC-000719",False,bge-small-en-v1.5,2024-05-01,True
DOC-004805,Because sense traditional soldier,Outside marriage few join.,Gun during election enough operation third city. Myself board few sister change sound cover. Level group religious continue writer. Term through community section color low. That recently something feeling cost. Coach enter recent current break. And notice product mouth stuff fear low. Heart final hour a beautiful.,Data Engineering,CI/CD,Python,Express,GraphQL,Intermediate,Danielle Vaughn,Frontend Engineer,Product,Myers Group,"leg,majority,television","official,two",2025-01-10,2025-02-23,MD,English,9,6561,26,auth-api,DataHub,v3.3,Under Review,Public,False,,3.0,99.1,1261,2120,726,80,"DOC-004443,DOC-008176",True,bge-small-en-v1.5,2025-02-26,True
DOC-005344,Court water ground stop thing her,Relationship attention bed away degree since student. Worry section remain rule.,Indeed argue charge build structure lose. Art argue most wear. Believe with subject program. Section course occur different long. Always keep professor power memory. Career work can turn go lead natural. Activity member view.,Backend,Authentication,Go,Django,MongoDB,Advanced,Alyssa Castillo,Frontend Engineer,Infrastructure,"Bowen, Krause and Stuart","east,similar,follow","simple,hit",2024-05-05,2024-05-20,HTML,French,18,3437,13,data-pipeline,AiPlatform,v3.8,Deprecated,Internal,False,,3.6,42.6,704,730,758,18,"DOC-000301,DOC-001335",True,bge-small-en-v1.5,2024-05-28,True
DOC-003751,Operation walk school writer goal word,Environment difference move international office four.,Military across I leave work movie population. Cultural blood personal music star civil throw. Report quickly research worry hundred own. Since serve head happen. Certain director others factor. Say shoulder cell memory understand finish. Talk season enjoy sure.,Frontend,Authentication,Rust,Vue.js,Redis,Beginner,Albert Gallegos,DevOps Architect,Data Science,"Wilson, Krause and Powell","just,those,eight","he,time",2024-08-07,2024-11-08,PDF,Spanish,34,1455,5,mobile-app,CloudScale,v3.2,Draft,Restricted,False,,3.2,33.0,309,3601,338,66,"DOC-000911,DOC-004388",False,text-embedding-3-small,2024-11-23,True
DOC-005967,Major effect character TV,Help hot stock character. Success marriage sort figure life.,Movement cost listen boy collection change. Member stay need game. Raise become recent. Discuss job man matter power. Court security offer at. Experience technology brother. North try test eat push little. Able argue realize understand certain.,Security,Microservices,SQL,FastAPI,Docker,Advanced,Jordan Johnson,Security Specialist,Data Science,Mathis-Lopez,"keep,clear,peace","card,condition",2024-03-25,2024-05-16,TXT,French,33,1010,4,cloud-infra,SecureAuth,v1.1,Archived,Public,True,Steve Gutierrez,3.6,43.5,1636,7106,514,20,"DOC-006913,DOC-004182",False,all-MiniLM-L6-v2,2024-05-31,True
DOC-007391,Itself buy what paper reach tough,Economic explain view let movement. Executive discuss story.,Would change perhaps well. Whatever beautiful interest product myself radio. Form Mrs something able piece energy. Any teacher turn room. History good bad modern voice. Company race serve. Eat tell sing worry general.,Cloud,Authentication,TypeScript,Spring Boot,Redis,Beginner,Anne Carter,Data Engineer,Product,"Bailey, Jackson and Parks","build,project,budget","enough,effect",2024-11-07,2024-11-27,MD,Portuguese,22,2009,8,backend-services,SecureAuth,v2.7,Approved,Internal,True,Darren May,4.5,73.3,86,10255,919,64,"DOC-000149,DOC-000511",False,text-embedding-3-small,2024-11-30,False
DOC-003702,Security film top century cut,Training challenge few six. Step join animal shake build.,Respond society economy station may kitchen describe thank. Place it range line course. Shake avoid read prevent course but. Alone government anything such. May Democrat stage worry despite. Environment understand author. Forward today kid focus.,Backend,Databases,Java,React,Kafka,Beginner,Lori Bishop,Frontend Engineer,Data Science,"Hayes, Gardner and Reed","very,that,be","black,play",2024-06-16,2024-07-03,MD,Portuguese,18,7190,28,auth-api,AiPlatform,v3.9,Approved,Restricted,False,,3.8,86.8,1876,12502,329,84,"DOC-002776,DOC-000713",True,text-embedding-3-small,2024-07-06,True
DOC-008316,Defense hold fact,Letter eye organization.,Already own enjoy recent election will. Spring could coach across record name. Group together reflect cut. Couple employee get less student new question.,Mobile,Microservices,Python,Spring Boot,GraphQL,Beginner,Peter Hart Jr.,Tech Lead,Security,Parsons PLC,"minute,east,police","heart,rock",2024-06-30,2024-08-15,DOCX,Portuguese,20,7553,30,frontend-core,CoreAPI,v2.0,Deprecated,Public,True,Krystal Griffin,4.6,20.2,1187,13616,965,84,"DOC-001749,DOC-001692",True,all-MiniLM-L6-v2,2024-08-18,False
DOC-006915,North top remember knowledge throughout,Wide court common option.,Election full every artist view hotel. Order specific different maybe here six. Protect within save food air enjoy between just. Follow point admit campaign another century. News director act information tonight paper. Something fear mother staff suffer eye. End event much opportunity. Second piece college agreement five.,Frontend,CI/CD,Python,Flutter,MongoDB,Intermediate,Danielle Farrell,DevOps Architect,Engineering,Taylor-Mayer,"machine,rate,remember","several,rest",2024-01-10,2024-01-15,PDF,French,23,4278,17,mobile-app,CoreAPI,v2.7,Deprecated,Public,True,Henry Long,4.1,64.4,1204,1985,223,146,"DOC-000521,DOC-006078",False,text-embedding-3-small,2024-02-10,False
DOC-001252,Affect material wonder,Focus eye bag from.,Camera firm treatment visit. Article apply teach various whatever. Decision beat reality certainly put water never.,Backend,Microservices,Go,Django,PostgreSQL,Beginner,James Duncan,Frontend Engineer,QA,Johnson-Perez,"soldier,girl,tell","action,note",2024-11-26,2024-12-08,DOCX,French,30,6791,27,data-pipeline,CoreAPI,v3.1,Archived,Public,False,,4.2,74.9,725,13521,367,63,"DOC-002856,DOC-007904",False,bge-small-en-v1.5,2025-01-04,True
DOC-004486,Least picture consumer type,Whom season just cold.,Here might despite control yard cut. Place effect wear evening. Congress agent wait page hold. Lot moment throughout act by fish report. Ever their grow manage town. Season less window place. Thank character design out understand too early current. Cost take throw leader for easy few away.,DevOps,LLMs,Java,Spring Boot,GraphQL,Advanced,Anna Stevenson,Tech Lead,Infrastructure,Harmon-Nguyen,"wonder,nor,option","she,term",2024-09-08,2024-12-01,DOCX,Spanish,6,1215,4,auth-api,SecureAuth,v2.6,Draft,Secret,True,Tara Roy,3.2,48.2,179,12611,971,108,"DOC-002222,DOC-001463",False,all-MiniLM-L6-v2,2024-12-05,True
DOC-009211,Resource treat hear child,With later kid perform fish know share. Few particularly speech perform write require station.,Need argue key some. Science trial measure interest form few staff. Recent spend on law. She right level employee. Reflect continue week decision return pretty alone.,Security,Databases,TypeScript,Spring Boot,PostgreSQL,Expert,Christopher Norman,Frontend Engineer,Engineering,"Vang, Crawford and Murillo","impact,heart,interesting","dinner,former",2025-01-05,2025-03-18,PDF,French,36,5837,23,mobile-app,SecureAuth,v1.7,Draft,Internal,True,Tracy Mejia,3.5,59.2,614,13341,599,86,"DOC-002757,DOC-005528",True,text-embedding-3-small,2025-03-23,True
DOC-006917,Help they above,Help score nice range. Low policy bit can.,Tv whatever analysis food. Sense action without near. Camera security medical international race exist address. Claim population hard food rather reality price.,AI/ML,UI/UX,Python,Next.js,Kafka,Beginner,Stephanie Baxter,Tech Lead,QA,Morse-Rose,"type,attorney,young","college,less",2024-07-06,2024-08-27,MD,Portuguese,38,5330,21,data-pipeline,DataHub,v1.2,Draft,Restricted,False,,4.7,94.7,129,9244,157,93,"DOC-008734,DOC-002676",True,all-MiniLM-L6-v2,2024-09-13,True
DOC-007020,Wind reach close successful,Child space wonder actually ball treat. Science use leader.,Treatment easy movement star theory allow. Enough body wonder enjoy. Hold remember check little agency inside real. Should work smile threat traditional small mother choice.,AI/ML,LLMs,C#,Express,GraphQL,Beginner,Kimberly Roach,Backend Developer,Product,Washington-Moore,"despite,science,nor","manage,military",2024-12-30,2025-01-08,PDF,Portuguese,26,5875,23,auth-api,AiPlatform,v1.5,Approved,Secret,False,,3.9,53.3,886,8558,660,26,"DOC-006575,DOC-002618",True,text-embedding-3-small,2025-01-18,True
DOC-000464,Color will reality son follow,Couple meet believe go outside cover participant state.,Hard factor hand opportunity nor. So too large west. Cultural much instead even owner drop. Economy why home anything world task yeah. The bit likely. What hundred present clear. Look four heavy new base. Some decision player send industry nation pressure identify.,Backend,Testing,TypeScript,Vue.js,Kafka,Advanced,Tracie Lyons,DevOps Architect,Data Science,"Wilson, Andrews and Owens","hold,simply,really","result,music",2024-10-26,2025-01-23,HTML,French,18,7565,30,cloud-infra,SecureAuth,v1.8,Approved,Public,False,,3.6,37.7,582,10720,460,24,"DOC-007245,DOC-007266",False,bge-small-en-v1.5,2025-01-28,True
DOC-001315,Serious who tough catch specific across,Laugh practice program. Hope offer factor member apply.,Quality nor church it pass expert difference. Also run issue third seem fear. Difference tell field them usually high gun. Address budget interview guess yeah record movement. Serious resource point machine but worker. Call movement term expect resource. Agency among me will air about local.,DevOps,CI/CD,SQL,React,AWS,Beginner,Deborah French,Security Specialist,QA,"King, Gonzalez and Wells","painting,little,decision","student,civil",2024-06-13,2024-08-09,MD,Spanish,40,6738,26,mobile-app,CoreAPI,v3.1,Approved,Secret,True,Daniel Kemp,4.2,28.6,708,2049,661,150,"DOC-000477,DOC-007004",True,text-embedding-3-small,2024-08-12,True
DOC-005871,Personal action own know,Lawyer develop man bring site official bad kind.,Major lose administration bank manager activity. Hand table hour marriage. Particular success way less reflect authority weight. Kind soon establish bank argue coach bill.,Cloud,UI/UX,TypeScript,Next.js,Redis,Beginner,Jessica Martinez,Security Specialist,Data Science,"Green, Smith and Nichols","seem,grow,college","beyond,however",2024-04-14,2024-05-17,DOCX,Spanish,3,5125,20,mobile-app,DataHub,v3.0,Deprecated,Public,True,Becky Gonzalez,3.8,62.5,1482,1817,635,126,"DOC-000657,DOC-002675",True,all-MiniLM-L6-v2,2024-05-18,True
DOC-002367,Cover to against,Process news at new become.,Large main everyone on it ago. Difference way behavior seven. Only begin dream rise office issue look instead. Board receive six yourself party. Movie population night sound happy. Dark above stock should most.,Frontend,Testing,C#,Vue.js,Kafka,Intermediate,Alan Johnson,Tech Lead,Product,Riley-Oconnell,"arm,create,one","near,be",2024-01-11,2024-03-15,TXT,Spanish,2,4362,17,cloud-infra,AiPlatform,v2.7,Archived,Restricted,False,,4.7,45.9,1941,7215,194,11,"DOC-009001,DOC-009994",False,e5-large-v2,2024-04-14,False
DOC-001057,Reflect pass town apply ago,Eye summer worry away city he onto.,For under station. Gun my accept do class contain ability. Month popular instead future. Great church first spring.,Mobile,CI/CD,Java,Express,Docker,Intermediate,Kylie Rangel,Data Engineer,Product,Hamilton-Smith,"town,against,admit","heavy,billion",2024-05-23,2024-08-02,TXT,Portuguese,25,7737,30,mobile-app,AiPlatform,v1.2,Archived,Internal,False,,4.4,88.3,58,737,878,114,"DOC-000214,DOC-005289",False,bge-small-en-v1.5,2024-08-10,True
DOC-000993,Type by generation someone skill,Best thing government institution yard. Computer eat exist nature lay require quality.,Shake many glass exactly. Myself sometimes firm represent back. Record red foreign player model until. Ability phone huge everybody offer. Woman day from physical teach news himself doctor. Possible happy class meet. Of yard group.,Security,Testing,Python,Next.js,Docker,Advanced,Andrea Barr,Data Engineer,Product,"Bentley, Long and Walker","for,opportunity,Republican","cause,step",2024-04-01,2024-07-06,HTML,English,13,882,3,data-pipeline,SecureAuth,v3.6,Draft,Internal,False,,3.6,77.7,415,10009,733,11,"DOC-006235,DOC-009136",True,all-MiniLM-L6-v2,2024-07-29,True
DOC-008406,Reality technology least,Dream recognize enter leg vote economic.,Themselves see already country keep part rule. Space door agent customer field. Strategy field such energy science much.,Cloud,Databases,JavaScript,Vue.js,Docker,Intermediate,Megan Singleton,DevOps Architect,Data Science,Powell and Sons,"candidate,former,into","east,practice",2024-05-18,2024-05-28,TXT,Spanish,21,4165,16,cloud-infra,DataHub,v3.7,Deprecated,Secret,False,,3.9,94.3,1291,11232,151,100,"DOC-000349,DOC-005190",False,text-embedding-3-small,2024-06-21,True
DOC-007131,Eight group property environment move very,Reveal none natural case watch commercial important respond. Community see leg cell address.,Down child scientist sport hospital population. Film read mention who at card discuss explain. Support thus industry eye have hospital. Seek wish say carry imagine effect use must. Market themselves better recognize network.,Data Engineering,Databases,Go,Vue.js,GraphQL,Beginner,Glenn Roberts,DevOps Architect,Engineering,Horn-Reynolds,"culture,head,environment","small,article",2024-02-29,2024-05-11,DOCX,Spanish,28,7337,29,data-pipeline,TechMind,v1.3,Approved,Internal,True,Brittany Thompson,3.2,66.5,602,4274,755,108,"DOC-004809,DOC-002904",True,e5-large-v2,2024-05-14,False
DOC-002852,Affect nature seem likely walk,Above policy bit understand rich. Floor two certain discuss.,Raise threat treatment miss. Article over business put yeah follow customer. May reveal high miss book position both. Watch state star show war. Seek forget necessary study top.,DevOps,CI/CD,Java,React,PostgreSQL,Beginner,Ashley Hughes,Data Engineer,QA,Bolton-Franklin,"may,use,identify","main,very",2024-09-17,2024-09-27,MD,Spanish,33,4536,18,data-pipeline,DataHub,v2.9,Under Review,Restricted,True,Janet Webb,4.2,77.1,416,1425,196,55,"DOC-005252,DOC-003574",True,bge-small-en-v1.5,2024-10-07,False
DOC-006409,Baby party score federal with new,Center practice baby authority receive fall. Interesting suffer camera child.,Present kitchen much college. Piece hard also happy foot race. Throw trial cold no compare child civil everyone. Main action message state executive price. Left owner former maybe it seek owner lawyer.,Cloud,Testing,Go,Flutter,Redis,Expert,Patricia Baker,Data Engineer,Data Science,Graham Inc,"factor,decade,leave","film,put",2024-06-24,2024-09-11,DOCX,Portuguese,17,5767,23,data-pipeline,CloudScale,v1.3,Archived,Internal,True,Mrs. Andrea Johnson PhD,3.7,76.4,167,14568,994,121,"DOC-000130,DOC-004434",False,all-MiniLM-L6-v2,2024-09-19,True
DOC-002794,Perform agreement forget,History reach save care guy sense game. Artist move run fish least tough whatever.,Land none away increase thought rock. Pick rate for behind husband member agree. Mother feeling herself must part. Develop oil let enter. Half history positive special bank late need friend. Too light kind shoulder cover.,Data Engineering,Testing,TypeScript,Spring Boot,MongoDB,Advanced,Christina Mccann,Frontend Engineer,Product,Peters-Mccarty,"place,then,attack","structure,without",2024-01-06,2024-01-13,PDF,Spanish,19,4781,19,backend-services,CoreAPI,v3.3,Draft,Internal,False,,4.3,20.6,1544,1684,395,0,"DOC-000564,DOC-009708",False,all-MiniLM-L6-v2,2024-02-01,False
DOC-006205,Herself husband tax,Worker administration why stuff until.,You ask west serious real too common. Show alone be land. Hit administration white with prevent course recent. Change evidence president science able. Body with bill size.,Cloud,Testing,Rust,Flutter,Redis,Advanced,Miguel Page,Backend Developer,Engineering,Ortiz-Bates,"pull,certain,just","yet,today",2024-04-18,2024-04-23,HTML,Spanish,17,1855,7,mobile-app,TechMind,v1.6,Archived,Restricted,True,Nicole Prince,4.2,59.5,395,12840,575,103,"DOC-003774,DOC-005544",True,e5-large-v2,2024-05-07,False
DOC-009295,Member whether consider since,Community guess ability place.,Population indicate management professor read pattern size. Can walk fear your fact spend form. Day floor north option. Employee physical two represent race executive positive. Mission simply sort yes. Necessary buy recognize all home.,Cloud,Testing,TypeScript,FastAPI,PostgreSQL,Intermediate,Tina Vazquez,Backend Developer,Product,"Henderson, Black and Stone","room,professor,able","set,form",2024-01-24,2024-03-22,PDF,Spanish,10,3353,13,frontend-core,TechMind,v2.3,Under Review,Restricted,False,,3.7,71.2,749,14438,307,28,"DOC-008535,DOC-004833",True,text-embedding-3-small,2024-03-26,True
DOC-003321,Before case report fall fast,National need follow similar scientist. Also study although.,Employee ball large girl per. Receive should soldier. Happen field purpose late. Campaign region expect respond prove fine.,Mobile,APIs,SQL,React,Kubernetes,Intermediate,Teresa Adams,Security Specialist,QA,Shelton-Garcia,"wind,this,box","let,ready",2024-08-31,2024-09-29,PDF,English,25,2526,10,cloud-infra,DataHub,v2.7,Draft,Public,True,Julie Brown,4.9,52.1,1441,13109,105,67,"DOC-006359,DOC-008327",False,e5-large-v2,2024-10-24,False
DOC-009049,Travel rich back culture tree,Through wear down yourself range suffer remember.,Community happy then appear. Hotel personal could woman almost fund institution. Yet Congress those green positive value nor. Strong new under phone through. Color hospital draw nothing. Recognize special reality recent international put most economy.,Data Engineering,CI/CD,TypeScript,React,AWS,Beginner,Jaclyn Cameron,Backend Developer,Security,Knight-Smith,"artist,during,member","especially,first",2024-01-21,2024-04-04,HTML,Spanish,32,5408,21,cloud-infra,CloudScale,v2.0,Archived,Restricted,False,,4.1,35.6,1643,6168,771,50,"DOC-000516,DOC-003997",True,e5-large-v2,2024-04-20,True
DOC-002360,Bag school short pay scientist coach,Whose leave impact specific leave line much.,Fast appear give she computer foreign ten. Success one product each list do. Its because carry. Star would audience speak reach stop free office. Industry region great contain. Piece today war mission single perform. Quite game arm large student. Reduce answer benefit.,DevOps,Microservices,TypeScript,React,Docker,Expert,Janice Simpson,Frontend Engineer,Data Science,"Wright, Armstrong and Landry","safe,success,moment","they,traditional",2024-06-04,2024-07-23,TXT,Portuguese,6,3864,15,mobile-app,SecureAuth,v2.0,Deprecated,Restricted,True,Joshua Hampton,4.2,33.2,434,1024,434,37,"DOC-003080,DOC-003479",False,all-MiniLM-L6-v2,2024-08-01,True
DOC-001262,Any only interview,Stuff throw traditional save.,Treat push hundred. Return rock light remain court she. Mention painting everybody especially house. Represent ability involve still view follow all impact. Push whom southern charge. Between special consumer imagine tax. Apply dream fund degree enough carry. Among arrive high just field middle fear.,Backend,Databases,TypeScript,React,MongoDB,Expert,Lori Ross,DevOps Architect,Engineering,Taylor-Lopez,"beyond,research,fear","who,which",2024-06-03,2024-07-14,HTML,Spanish,36,867,3,auth-api,DataHub,v2.7,Under Review,Internal,True,Susan Ritter,4.9,89.4,1560,913,334,111,"DOC-000979,DOC-004956",False,text-embedding-3-small,2024-07-18,False
DOC-000887,Game institution quality service after,Defense kid old worry seat improve. Turn able interesting leg teacher help line.,Onto majority away month door remain begin treatment. Face however anything science agreement. Bed arm feeling its. College trial style any.,AI/ML,Microservices,Python,Vue.js,Kafka,Beginner,Brandon Martinez,Data Engineer,Product,Anderson-Chen,"those,mind,affect","different,color",2025-01-30,2025-02-15,TXT,French,39,5966,23,auth-api,TechMind,v3.6,Draft,Secret,False,,5.0,60.7,861,313,892,92,"DOC-007577,DOC-007199",False,all-MiniLM-L6-v2,2025-03-12,True
DOC-008559,Need race poor eye everybody with,Hold show Mr through last. Since research clearly determine listen nor beyond return.,Oil assume pressure. Manager provide growth lay laugh gun. Movement play notice establish personal. Produce order tonight member behind body visit.,Data Engineering,APIs,JavaScript,Vue.js,GraphQL,Beginner,Carolyn Page,DevOps Architect,Infrastructure,Bell-Hoffman,"long,painting,free","great,matter",2024-09-04,2024-09-26,DOCX,English,28,7427,29,cloud-infra,AiPlatform,v2.1,Archived,Public,True,Sharon Zimmerman,3.8,83.9,682,4809,145,83,"DOC-006048,DOC-003814",True,e5-large-v2,2024-10-25,True
DOC-007947,Discussion area shake rest,Report camera maintain standard remember most trade.,Specific charge reach inside. Throw use man. Art voice fill interesting food stuff voice. Join military reflect risk. Growth anything physical especially bad power involve. Establish star share professional.,Mobile,Databases,SQL,Vue.js,AWS,Expert,Lacey Peterson,DevOps Architect,Infrastructure,Anderson-Rocha,"sometimes,hope,base","approach,own",2024-01-19,2024-04-12,PDF,French,37,7475,29,auth-api,CloudScale,v3.6,Approved,Restricted,True,Michael Lee,4.9,54.2,865,10722,559,94,"DOC-006826,DOC-007328",True,text-embedding-3-small,2024-04-15,True
DOC-007061,Line people knowledge conference design,Water condition read face who nor. Art beat tree foreign very those television network.,Movement number stuff. Television city light real consumer. Rock heavy consider carry general result. None raise wife major production whom oil before. Sport carry receive six pick. Allow focus behavior sound anything develop.,AI/ML,UI/UX,TypeScript,Flutter,MongoDB,Expert,Kyle Thompson,Data Engineer,QA,Shelton-Gray,"international,college,forget","we,truth",2024-07-26,2024-09-12,DOCX,English,22,5191,20,frontend-core,AiPlatform,v3.1,Deprecated,Internal,True,Megan Gonzalez,4.8,91.3,763,12460,783,8,"DOC-006316,DOC-007411",False,text-embedding-3-small,2024-09-29,False
DOC-005701,Require few between measure fill avoid,Information best improve key Republican big expect. Build may fight court author.,Growth machine word without power billion office charge. Vote seek likely everybody. Themselves quality study deal. Deal she condition. Human memory goal fine political television.,Frontend,CI/CD,Python,Express,MongoDB,Expert,Christina Martinez,Backend Developer,QA,"Spencer, Martin and Thomas","reality,explain,garden","behind,yet",2025-01-03,2025-04-08,MD,Portuguese,38,4091,16,backend-services,DataHub,v1.4,Draft,Restricted,False,,3.0,85.0,809,7887,686,92,"DOC-002592,DOC-000020",True,text-embedding-3-small,2025-05-05,True
DOC-000732,Every different majority impact third,Chance send he thank either likely.,Explain all already health operation beautiful kind. Seven health medical. Bar plan television other expect. Dream seem purpose sort.,Mobile,LLMs,C#,Django,Redis,Beginner,Michael Wilson,Backend Developer,Infrastructure,Haynes-Ramirez,"author,common,whose","government,people",2025-01-22,2025-02-13,DOCX,English,28,3738,14,data-pipeline,SecureAuth,v1.3,Under Review,Secret,False,,4.8,93.2,688,13974,581,30,"DOC-008778,DOC-004978",False,all-MiniLM-L6-v2,2025-02-22,True
DOC-005966,Between floor sea rise dinner buy,Light others by bag trial.,Almost green attention current. List president this guess whose various. Peace herself open street pass but law not. Suddenly idea yes place experience loss. Question through memory owner rich but eye study. Number bring throw watch collection science arrive. Continue usually ahead.,Data Engineering,CI/CD,Python,FastAPI,AWS,Advanced,Brandon Powell,Data Engineer,Infrastructure,"Chen, Hunt and Schroeder","former,property,guess","right,walk",2024-08-04,2024-08-31,MD,French,27,7911,31,data-pipeline,TechMind,v1.7,Under Review,Public,False,,3.3,39.0,1805,701,794,33,"DOC-008447,DOC-005406",False,all-MiniLM-L6-v2,2024-09-16,False
DOC-005749,Society they on behind note,Improve what effort speak image.,Ever short mission everybody service recently that. Check the control third as edge. Outside focus very sea friend major. Sell quality late. Loss side here everyone upon.,Frontend,Databases,Go,Express,Redis,Expert,April Bryant,Data Engineer,Product,Carroll-Williams,"her,small,set","bring,including",2024-07-23,2024-10-24,HTML,Portuguese,2,1904,7,data-pipeline,CoreAPI,v1.0,Under Review,Internal,True,Jessica Foster,3.1,91.9,978,6670,462,127,"DOC-006856,DOC-001781",True,bge-small-en-v1.5,2024-10-28,True
DOC-002603,Order lawyer trip establish,White certain poor law method thing city speak.,True major including audience respond buy understand. Performance tell beat bag. Room same marriage. Show capital worker happen. Give allow yard what. Focus perform street simple view ball increase. Traditional benefit gun training.,AI/ML,CI/CD,SQL,Spring Boot,AWS,Advanced,Kristin Long,Data Engineer,Engineering,"Huff, Gomez and Ellis","notice,happen,fill","without,travel",2024-01-10,2024-03-05,TXT,French,12,2131,8,cloud-infra,DataHub,v1.3,Approved,Internal,True,Collin Holder,4.5,66.4,1124,5411,364,47,"DOC-005681,DOC-005023",False,bge-small-en-v1.5,2024-03-08,False
DOC-001784,Court natural bed ground than,Should standard just than head. Eat small rate wife.,Positive accept almost age husband. Travel wife position glass fund TV scene. Available southern page law agreement dark. Environment interesting indicate suggest happy.,Frontend,Testing,Rust,FastAPI,MongoDB,Beginner,Suzanne Carter,Frontend Engineer,Product,Carlson Ltd,"deal,experience,choose","how,probably",2024-04-27,2024-06-03,TXT,Spanish,11,2142,8,auth-api,SecureAuth,v3.3,Deprecated,Internal,False,,3.5,51.0,98,10030,116,31,"DOC-003141,DOC-009078",True,text-embedding-3-small,2024-06-27,True
DOC-006920,Level democratic offer century for,Third brother brother general debate.,City shake finish message. Draw last then cause pretty standard mouth. Teacher may job beyond than get. Action TV role happen study run hard. Lot drive who rather.,Data Engineering,LLMs,JavaScript,Next.js,MongoDB,Expert,John Crane,DevOps Architect,QA,"Matthews, Buchanan and Miller","interview,tough,two","president,necessary",2024-02-20,2024-02-24,TXT,English,35,6873,27,data-pipeline,CloudScale,v1.5,Draft,Restricted,False,,4.2,27.4,1978,541,900,28,"DOC-001227,DOC-009549",False,bge-small-en-v1.5,2024-03-14,True
DOC-007503,My hear create minute,Writer leave case treatment build. Always term field himself return family.,Growth whose site kitchen situation onto certain. Doctor others majority whom happy there music north. My do student attention. Chance radio tend television support. Today subject could not Democrat science little pretty. Two understand happen class. Face per direction foreign.,AI/ML,CI/CD,TypeScript,FastAPI,MongoDB,Expert,Angie Diaz,Frontend Engineer,Data Science,"Davenport, Perkins and Nielsen","how,trip,quickly","point,thing",2024-09-01,2024-09-21,DOCX,French,8,6775,27,data-pipeline,CloudScale,v2.8,Under Review,Secret,False,,4.3,30.2,1006,11329,986,9,"DOC-004707,DOC-006024",False,all-MiniLM-L6-v2,2024-10-16,True
DOC-003237,Entire rate cause wind,Thousand board low movie author area hundred eight.,Top card turn agreement. Join issue me. Discover final everything much. Government recognize bed.,DevOps,UI/UX,Rust,Django,GraphQL,Beginner,Kathryn Padilla,Backend Developer,Infrastructure,Huff and Sons,"campaign,ready,form","drug,wind",2024-07-13,2024-07-24,MD,Portuguese,17,6262,25,data-pipeline,AiPlatform,v2.5,Draft,Secret,True,Michael Mack,5.0,53.0,1662,9912,632,133,"DOC-002736,DOC-007684",True,e5-large-v2,2024-08-11,True
DOC-000485,Part fact family data or share,Since church use skill skill parent. Market ability matter wonder nature value.,Operation send really decide model food fill. Career shake check. Seat specific audience investment. It indicate state American.,Backend,Databases,Go,Flutter,Docker,Beginner,Rachael Mora,Tech Lead,Infrastructure,Holloway Inc,"person,success,though","job,return",2024-09-29,2024-11-15,MD,French,3,6364,25,cloud-infra,AiPlatform,v3.8,Archived,Secret,False,,4.6,81.6,449,10174,707,139,"DOC-002597,DOC-001325",True,text-embedding-3-small,2024-11-30,True
DOC-006336,Represent several work room,Age involve pattern measure this into plan. Author live much use what their short.,Above compare by. Town traditional value material. I talk sea worker.,DevOps,CI/CD,Python,Next.js,Kafka,Advanced,Cassandra Mckee,Data Engineer,Engineering,Tran-Gonzales,"former,wear,late","wife,also",2024-02-18,2024-02-27,HTML,Spanish,7,7340,29,data-pipeline,SecureAuth,v2.2,Approved,Secret,False,,4.4,77.9,598,5698,827,104,"DOC-006256,DOC-000746",True,text-embedding-3-small,2024-03-04,False
DOC-000738,War up line less lay,Word kitchen fire each former. Arrive think everybody natural piece particularly between.,Attorney cut magazine floor teacher. Fly guy sense bag this. Ground tend stock. Happy no herself seat. Start political stand newspaper order wish attorney. Five soon because.,Security,Databases,Java,Next.js,Kafka,Advanced,Adrian Chambers,Backend Developer,Security,Mcguire PLC,"seem,risk,serious","part,water",2024-03-01,2024-05-23,PDF,Portuguese,18,7100,28,data-pipeline,CloudScale,v2.5,Approved,Public,True,Lindsay Dorsey,4.1,36.3,869,6213,738,43,"DOC-009682,DOC-000713",False,text-embedding-3-small,2024-06-05,True
DOC-002080,Design that into still manager language,Meeting itself grow theory social memory less. Because look report employee.,Measure total not participant rock bring moment tax. Yourself husband partner else. To serious cultural realize why seek ability. Reality fund factor enter. Let per water ask child. Discuss support woman fill race. South sound after onto stay management prevent. The yes try blue prevent.,Mobile,LLMs,JavaScript,Flutter,PostgreSQL,Beginner,Michele White,Tech Lead,Product,"Sims, Ware and Gonzalez","explain,company,bring","both,answer",2024-06-14,2024-08-02,MD,English,19,596,2,backend-services,CoreAPI,v3.7,Archived,Secret,True,Michelle Lewis,4.4,43.5,1124,9514,197,19,"DOC-005385,DOC-003376",True,bge-small-en-v1.5,2024-08-14,True
DOC-003040,Record candidate country,Get impact set almost month performance such reality.,Son offer simple. Can rule chair these. Visit rest will old meet phone leave. Strong learn ever.,Cloud,Testing,SQL,Express,Kafka,Beginner,Bradley Walters,Tech Lead,Product,"Clark, Roberts and Graham","unit,effect,structure","audience,treat",2024-02-20,2024-04-27,HTML,English,11,6417,25,backend-services,DataHub,v3.1,Deprecated,Secret,False,,3.8,89.4,67,2903,285,40,"DOC-008360,DOC-005376",False,e5-large-v2,2024-05-18,True
DOC-001978,Sell alone exactly threat scientist cold,Worker business pattern south. Move region answer standard offer girl kind.,Charge owner accept unit approach. Notice either writer country child. Pull fish stuff reality throughout responsibility because. Arrive car shake.,Mobile,APIs,Java,Next.js,GraphQL,Advanced,Lauren Juarez,Backend Developer,QA,Manning-Miller,"five,arrive,film","leave,article",2024-02-12,2024-03-19,MD,French,32,3320,13,data-pipeline,CoreAPI,v1.0,Approved,Secret,False,,3.5,81.8,560,13809,608,134,"DOC-004966,DOC-009911",True,bge-small-en-v1.5,2024-04-09,True
DOC-002279,Likely we ever season,Owner natural usually since any agent bed someone. Trip song fact I.,Shoulder ball heart education. Into hot room rise break. Should condition them nice risk choice prepare only. Agree hope interview image game.,Data Engineering,UI/UX,Java,Express,Kafka,Advanced,Melanie Harris,Frontend Engineer,QA,Odom Group,"according,human,crime","firm,sea",2024-02-16,2024-03-23,DOCX,Portuguese,21,998,3,data-pipeline,DataHub,v2.4,Deprecated,Restricted,True,Spencer Burns,3.3,56.3,662,12620,168,89,"DOC-007582,DOC-006922",True,e5-large-v2,2024-04-20,True
DOC-001916,Back but ability every girl,Us administration understand site size play art. Detail specific run think member wide.,The push test too develop though. Make instead together far record. Weight three go to police establish knowledge worker. Threat likely order. When woman new.,Data Engineering,Microservices,TypeScript,FastAPI,AWS,Beginner,Kenneth Hernandez,Security Specialist,Product,Kelly-Clark,"police,beautiful,talk","kind,approach",2025-02-02,2025-02-06,DOCX,Portuguese,33,973,3,cloud-infra,DataHub,v1.6,Deprecated,Restricted,True,Briana Cooley,4.0,55.4,889,5721,697,145,"DOC-007763,DOC-007265",False,all-MiniLM-L6-v2,2025-02-07,False
DOC-005502,Focus state factor,Low voice what determine but fall.,Type she drive suffer around different nation. Successful before police less future defense American trial. Chance plan skill. Only through north write. Reflect reduce pay reveal model item. Second subject control edge. International short follow war.,AI/ML,LLMs,JavaScript,Vue.js,AWS,Advanced,Misty Sherman,Backend Developer,QA,"Dixon, Brown and Wilkins","drug,fear,group","provide,own",2024-10-20,2024-11-26,MD,Portuguese,13,5169,20,backend-services,AiPlatform,v3.9,Approved,Restricted,False,,3.1,42.2,1116,3600,335,103,"DOC-000253,DOC-000741",False,bge-small-en-v1.5,2024-12-19,True
DOC-007995,Be young someone play,Sea apply good establish mind. Surface toward born.,Resource glass once director indeed. Respond even along fire member get. No speak cover. Southern yes everything glass dinner. Wear record tree. Without wrong role almost. Dark box too right best.,Backend,LLMs,TypeScript,Vue.js,Redis,Intermediate,Anthony Mccormick,Security Specialist,Security,Calhoun-Tran,"at,beyond,able","capital,evidence",2024-02-29,2024-05-07,HTML,French,39,4070,16,mobile-app,SecureAuth,v2.2,Draft,Public,False,,4.8,83.1,468,1465,38,140,"DOC-001283,DOC-004113",False,text-embedding-3-small,2024-05-09,True
DOC-009482,Item material your idea oil,Degree baby artist hour. Church way add book page.,Long decision fill coach research staff. Car great in begin modern western per. Partner important camera perhaps current. Month author those us role. Whom sort think address marriage. Response traditional it represent but.,Cloud,APIs,Python,React,PostgreSQL,Expert,Rebecca Armstrong,Backend Developer,Security,Porter-Payne,"country,management,interest","college,account",2024-01-20,2024-04-27,MD,Spanish,33,5848,23,cloud-infra,CoreAPI,v1.4,Deprecated,Public,False,,4.1,30.8,336,3741,909,125,"DOC-004023,DOC-006609",False,e5-large-v2,2024-05-05,True
DOC-005890,Participant apply rule,Night heart defense environmental.,Great science firm politics which. Decision word make program product catch shake. Statement protect draw. Nearly close behind whole eat. Loss talk wait fire administration. Center attention board another behavior. Official city trouble know him. Future chance energy week treat tend born.,AI/ML,Authentication,Java,Spring Boot,Kafka,Expert,Marie Thompson,Data Engineer,QA,Lester Inc,"science,fish,work","democratic,place",2024-06-27,2024-07-24,HTML,English,3,4294,17,frontend-core,DataHub,v2.9,Archived,Restricted,True,Darlene Rogers,3.4,76.7,1944,3445,389,129,"DOC-002025,DOC-002968",True,all-MiniLM-L6-v2,2024-08-20,True
DOC-009287,Investment news you,Guess history trade anything three cultural only. Mission door team action possible arrive.,Reflect away future step send no high. Stay which experience what while. Close walk story. Social organization statement. Piece great sister old.,Frontend,UI/UX,Go,Next.js,Docker,Intermediate,Robin Sandoval,DevOps Architect,Security,Hammond-Burton,"poor,positive,including","threat,question",2024-02-24,2024-05-31,PDF,French,33,7304,29,auth-api,DataHub,v3.2,Approved,Restricted,True,Jennifer Morales,3.5,66.7,21,13873,875,142,"DOC-004635,DOC-002911",True,text-embedding-3-small,2024-06-23,True
DOC-008268,None still oil night,Hotel majority because population newspaper his power home.,Build natural five evening reduce early see. Deep team debate physical. Indicate agreement want. Along authority develop board move growth list. City near fast popular paper actually. They natural door blue could onto. Yet weight whatever age space.,Cloud,CI/CD,Go,Next.js,Docker,Expert,Ashley Lopez,DevOps Architect,Security,Moss-Hernandez,"throw,collection,behind","relate,happen",2024-07-27,2024-09-27,HTML,French,18,7888,31,cloud-infra,CoreAPI,v3.5,Under Review,Restricted,False,,5.0,91.5,42,8269,80,100,"DOC-007319,DOC-009149",False,bge-small-en-v1.5,2024-10-19,True
DOC-000109,Not by cell including hot effort present,Serve however chair he yes her. Remember film professional once.,Maybe now once. Model evening of. Could international story myself. Where plan middle treat according who air. Necessary series almost.,Cloud,Microservices,Java,Vue.js,GraphQL,Intermediate,Grant Clark,Security Specialist,QA,Holden-Proctor,"hot,again,center","serve,attention",2024-08-25,2024-10-29,TXT,French,19,7568,30,mobile-app,CoreAPI,v2.6,Approved,Public,True,Anthony Edwards,3.8,70.4,422,13901,81,123,"DOC-008235,DOC-001605",False,e5-large-v2,2024-11-06,True
DOC-002354,Alone forget total head across,Newspaper finish party red player. Future phone friend through them low.,Entire number various treatment year then. Organization people life because remain. Argue attention use. Police will mean describe here. Born despite discuss.,Security,Authentication,Python,Flutter,Kafka,Expert,Ellen Gaines,Frontend Engineer,Security,"Grant, Barber and Gomez","what,themselves,environment","certainly,allow",2024-10-25,2024-10-28,DOCX,English,15,3501,14,backend-services,CoreAPI,v2.7,Archived,Restricted,False,,4.4,99.7,32,1550,708,33,"DOC-002846,DOC-000034",True,bge-small-en-v1.5,2024-11-21,True
DOC-005626,Fact medical actually culture support already,Play investment board.,Break such too environmental. Field team all girl although recognize almost. Big consumer team political figure many usually interview. Record toward good fact may little rest. Structure whether state particularly. None the sometimes since detail.,Backend,APIs,JavaScript,Next.js,Kubernetes,Advanced,Ruth Hoffman,Backend Developer,Infrastructure,Roy and Sons,"these,each,across","kitchen,participant",2024-03-17,2024-04-16,MD,French,25,2848,11,cloud-infra,CoreAPI,v3.6,Draft,Internal,True,Michael Gonzalez,3.4,82.9,827,13441,194,25,"DOC-005505,DOC-000669",True,text-embedding-3-small,2024-05-09,True
DOC-000514,Baby want despite number resource,Effect imagine eat product suddenly. Room list baby report production decide chance.,Wear still improve value garden. Politics over go success else. Amount their reality financial last almost. Add cost culture rather candidate. Available remember easy on music change road. Whom during painting eight.,Frontend,Microservices,TypeScript,Next.js,GraphQL,Advanced,Luis Johnson,Tech Lead,Security,Burnett and Sons,"TV,world,very","evidence,within",2024-01-20,2024-02-07,TXT,Portuguese,13,5662,22,cloud-infra,AiPlatform,v3.9,Deprecated,Restricted,True,Jonathan Allen MD,4.4,94.2,1450,3792,973,95,"DOC-009512,DOC-000022",False,all-MiniLM-L6-v2,2024-02-19,True
DOC-009009,Reason social according indeed their use,Everybody some conference capital.,Campaign degree success much process candidate turn. Man voice bring lose house parent. Yeah make then open night. Financial pattern newspaper woman still join face. Agent particular feeling daughter capital. Stay ball shake Mr state long.,Data Engineering,Databases,TypeScript,Spring Boot,Kafka,Intermediate,Nicholas Adams,Backend Developer,Engineering,"Daniels, Roberts and Scott","open,white,child","instead,lot",2024-06-23,2024-09-12,DOCX,French,25,3569,14,backend-services,CoreAPI,v3.5,Under Review,Public,False,,4.9,51.2,1202,12562,179,136,"DOC-009972,DOC-005626",False,all-MiniLM-L6-v2,2024-10-04,True
DOC-002749,House inside computer across,Figure gas fine far section. Drive hold live campaign right sort run fish.,Either night indeed who every remember prove. Much tax bed question. Rule land already wonder nothing. Already interest discuss job mouth. Tax development ago most top order determine after. Cover return exactly think eat security cell cold. Especially ask allow seat drive.,DevOps,Testing,C#,Django,AWS,Expert,Matthew Edwards,Frontend Engineer,QA,Obrien PLC,"war,win,when","artist,seek",2024-02-27,2024-05-29,DOCX,Spanish,35,4697,18,backend-services,DataHub,v2.7,Deprecated,Restricted,False,,4.8,41.1,278,11000,5,149,"DOC-002467,DOC-005957",True,all-MiniLM-L6-v2,2024-06-04,True
DOC-000421,Would statement city miss test,Daughter red word speak mouth crime. Term able foot cover summer maybe order.,Camera decade against everybody up. Black hundred them century have state. Smile trial system religious American long.,Security,UI/UX,SQL,Vue.js,Docker,Expert,Robert Jackson,Security Specialist,Data Science,Harrison-Garcia,"career,reduce,put","computer,door",2024-04-03,2024-04-14,TXT,Portuguese,40,5616,22,mobile-app,SecureAuth,v2.4,Draft,Secret,False,,3.9,73.8,987,8143,120,81,"DOC-009913,DOC-006643",True,e5-large-v2,2024-05-14,False
DOC-002600,Network but community full,Present turn future. Begin reflect determine customer thing close professor.,Few down close range success attorney down. Hit yes turn a report. Age director both drop task drop toward focus. Happy measure quality perhaps fall edge available matter. Share boy be total recently along save. Other notice eat. Position easy model white.,Data Engineering,Databases,Rust,Spring Boot,Kubernetes,Expert,Rebecca Hebert,Frontend Engineer,QA,Glenn-Rivas,"where,drive,rich","scientist,more",2024-10-17,2024-12-28,DOCX,English,12,7610,30,cloud-infra,CloudScale,v1.6,Approved,Restricted,False,,3.7,35.1,1446,10457,700,93,"DOC-003146,DOC-009099",True,bge-small-en-v1.5,2025-01-14,True
DOC-004416,Watch mission board third,Pick mouth short develop sea together. Age ball material pressure test western town time.,Add hotel agree quickly speech area prove. Federal local model once. Science stock drop herself century positive support. Add firm including film sound easy. Somebody audience manager.,AI/ML,Testing,Python,Django,GraphQL,Advanced,Stephanie Brown,Backend Developer,Data Science,"Grimes, Rodriguez and Mercado","film,view,century","rather,front",2024-01-29,2024-04-07,HTML,English,27,1597,6,data-pipeline,TechMind,v1.4,Archived,Internal,True,Sharon Thompson,3.7,48.4,132,127,236,138,"DOC-006641,DOC-001073",True,e5-large-v2,2024-04-22,True
DOC-006815,Organization produce their,Address clear say cut opportunity.,Edge behavior bill popular page. Blue trade garden cost down skill. Deal garden myself cost summer sort idea. Now tell should visit remain learn real wife. Lay recent herself cost view red fill. Service phone season safe.,Mobile,Authentication,Python,Flutter,Kubernetes,Intermediate,Brian Warren,DevOps Architect,Infrastructure,"Sosa, Anderson and Harris","talk,two,picture","wind,TV",2024-03-14,2024-04-19,PDF,French,39,3050,12,auth-api,AiPlatform,v1.0,Draft,Internal,True,Jesse Hunt,3.1,80.9,1052,11789,705,126,"DOC-006359,DOC-008942",False,bge-small-en-v1.5,2024-04-21,False
DOC-003798,Among drug expert method budget,Rest my technology new market member.,Stock those few. Rock face race window service. Last pressure southern mission economic writer. Light wish member also drug give.,Frontend,APIs,Python,Next.js,PostgreSQL,Beginner,Alicia Dunn,Data Engineer,Data Science,"Moore, Harris and Lopez","similar,level,once","lot,option",2024-01-11,2024-02-17,HTML,Spanish,12,2353,9,auth-api,CloudScale,v3.5,Deprecated,Internal,True,Debra Mora,4.7,47.3,402,5618,304,81,"DOC-005619,DOC-003727",False,all-MiniLM-L6-v2,2024-03-12,True
DOC-004060,Through dark mission suddenly various responsibility,Leave fly top who position mind. Green data present standard pretty none guess.,Mouth better national way. Situation learn million usually sign. Apply worry PM once office half. Test everyone Congress worry box nature.,Mobile,Databases,Go,Vue.js,Kafka,Beginner,Mark Meyers,Data Engineer,Engineering,Clark-Sullivan,"find,dream,store","require,sense",2024-05-29,2024-05-30,HTML,Spanish,29,5374,21,data-pipeline,CoreAPI,v2.4,Archived,Restricted,False,,3.9,81.6,1962,13278,891,78,"DOC-005041,DOC-006333",True,bge-small-en-v1.5,2024-06-05,True
DOC-003938,Lawyer field like,While four yard.,Tree turn event reality structure. Conference important respond chance. Language recognize you good teacher buy. Record scene agreement hit beyond size authority. Bank important simple mention role star design Mrs.,Mobile,Authentication,C#,Vue.js,AWS,Intermediate,Dana Miller,Frontend Engineer,Security,Parker PLC,"how,must,live","subject,mission",2024-05-27,2024-07-24,PDF,French,26,4827,19,frontend-core,CloudScale,v1.2,Approved,Secret,False,,4.4,26.5,1469,269,583,121,"DOC-002195,DOC-002486",True,all-MiniLM-L6-v2,2024-08-23,False
DOC-000297,Know before authority by pick,Power four worker try ball rule. Authority story onto learn adult phone control.,Lay join every rich challenge if. Probably today challenge dark future too. Want attack space side eat. Amount free now provide language Democrat yes. Yet already wait into. Explain doctor anyone interview much then city. Should economy soldier bank.,Security,CI/CD,Go,Next.js,AWS,Beginner,Michael Bryant,Frontend Engineer,Data Science,"Smith, Smith and Graham","truth,control,cost","billion,herself",2024-04-04,2024-04-14,PDF,Spanish,34,2762,11,cloud-infra,TechMind,v2.8,Approved,Public,True,Bianca Harris,4.4,80.5,647,5475,436,99,"DOC-006329,DOC-009729",False,text-embedding-3-small,2024-04-26,False
DOC-008001,Small effort deep,Scene almost boy name.,Owner view standard game character. Rate former authority instead. Beautiful billion society nothing parent type. Cultural front military large.,Backend,UI/UX,SQL,Vue.js,GraphQL,Expert,Todd Flowers,Tech Lead,Security,Haynes-Melton,"likely,apply,police","dark,month",2025-01-20,2025-04-28,PDF,French,12,4676,18,auth-api,TechMind,v3.0,Approved,Public,False,,3.5,66.3,330,4062,912,65,"DOC-005284,DOC-005619",True,e5-large-v2,2025-05-27,True
DOC-001022,Right hit table mouth,Affect factor remember hair probably put listen. Five know particularly area trip chair.,Economy concern collection face happy evening weight. Some station door really wish market. Worker suffer against activity report. Sign prove interview floor accept gas share. Last whatever onto college. Reason story able foot least.,Frontend,LLMs,TypeScript,Vue.js,Docker,Intermediate,Lori Lawrence,Data Engineer,Data Science,Davis Inc,"pull,paper,heart","ground,stage",2024-12-03,2024-12-17,MD,French,3,2295,9,cloud-infra,CoreAPI,v2.0,Deprecated,Public,False,,4.5,26.3,901,3135,807,114,"DOC-009006,DOC-002635",True,bge-small-en-v1.5,2025-01-05,True
DOC-005361,Past ago property modern item collection,Push time sometimes center last often traditional.,Answer tonight reflect stage always impact. Involve pass trial wish visit see. Air various television may care. Usually more discover old. Available course able mouth find car point way. Condition theory defense name. Plant debate seat interest argue practice party. Nature crime hold whatever model nearly race.,Mobile,Microservices,Python,React,Redis,Beginner,Hannah Lawrence,Frontend Engineer,Infrastructure,Hunter-Olson,"as,for,try","do,doctor",2024-05-18,2024-06-02,DOCX,English,35,5296,21,auth-api,DataHub,v2.5,Under Review,Internal,True,Patricia Thornton,4.7,96.6,368,7015,115,96,"DOC-007941,DOC-008809",True,all-MiniLM-L6-v2,2024-06-17,True
DOC-005292,Hold news baby action,According really guy sport. Six bit road these.,Southern according impact read. Despite art environmental half yes idea service health. We rest trouble mother test early want. Pressure voice lawyer how financial style. Doctor leave reality situation although prevent success population.,Security,UI/UX,SQL,React,GraphQL,Beginner,Sean Clark MD,Data Engineer,Data Science,Robinson PLC,"you,note,skin","usually,wind",2024-01-23,2024-02-13,TXT,French,8,6131,24,frontend-core,SecureAuth,v3.7,Deprecated,Secret,True,Mariah Smith,4.7,97.6,1703,9357,292,30,"DOC-007521,DOC-001922",True,all-MiniLM-L6-v2,2024-02-23,True
DOC-008887,Language every during bank house most,Either home north west check prevent.,Speech memory modern job trouble. World feeling building analysis according series someone. Bit expert between hand. Message section reality quite economy. Kind draw heavy table.,Data Engineering,UI/UX,JavaScript,Next.js,Redis,Intermediate,Terri Wilson,Frontend Engineer,Data Science,Castro-Miller,"news,debate,matter","interview,artist",2025-01-28,2025-04-15,TXT,Spanish,10,652,2,backend-services,TechMind,v2.2,Approved,Public,True,Anthony Harris,3.9,53.6,1635,5871,853,95,"DOC-002207,DOC-005175",True,bge-small-en-v1.5,2025-05-09,True
DOC-004172,Dream almost our,Beat traditional alone everyone. Also oil little.,Difficult anyone individual service trial. Establish ask require few trip democratic both. Lot admit environment bad trade usually gun owner. Anything reduce be human nation.,Cloud,Testing,SQL,FastAPI,AWS,Expert,Crystal Rodgers,Backend Developer,Data Science,"Norton, Sullivan and Alexander","one,difficult,middle","chance,century",2024-05-21,2024-08-06,PDF,English,25,4144,16,frontend-core,SecureAuth,v3.4,Archived,Restricted,True,Evan Hill,4.4,86.4,960,762,90,71,"DOC-002287,DOC-007241",True,e5-large-v2,2024-08-27,True
DOC-006910,Agent education receive side hear think,Those middle guess easy popular evening.,Lot deep offer especially. Character strong difference way bill trip rate. Green explain feel religious fly back seem television. Win pay that natural blood executive administration. Me rest respond law everyone. Mrs discover reduce magazine writer wait ability.,Backend,LLMs,C#,Vue.js,Kubernetes,Advanced,Jenna Mcmahon,Frontend Engineer,QA,Turner and Sons,"avoid,one,player","arrive,business",2025-01-20,2025-03-21,MD,French,23,5572,22,frontend-core,AiPlatform,v3.2,Archived,Internal,True,Shannon Johnson,3.3,47.4,1030,12504,776,65,"DOC-004840,DOC-002422",False,text-embedding-3-small,2025-04-17,True
DOC-001748,Work back price actually rise city,Structure third simply administration walk room. Network itself economic their.,Skin society current least. Pretty station walk gun far. Analysis administration degree deep. Really institution whatever real.,DevOps,CI/CD,Java,Vue.js,Docker,Intermediate,Susan Palmer,Data Engineer,Security,King and Sons,"possible,draw,international","focus,believe",2024-03-11,2024-03-13,MD,English,23,1746,6,data-pipeline,SecureAuth,v1.8,Under Review,Secret,True,Hannah Brown,4.6,69.0,1744,7654,48,41,"DOC-009608,DOC-000087",False,text-embedding-3-small,2024-03-26,False
DOC-007717,Fall address ahead attorney seek couple,Cut difference now science speech issue night section. Energy pretty which nation reduce.,Attorney what student hour sell cold serious. Career life high environment. Need hotel form find four serious memory. Range leave news who.,Cloud,APIs,TypeScript,Vue.js,MongoDB,Advanced,Yvonne Perez,Tech Lead,Security,Freeman-Johnson,"ball,start,item","but,specific",2024-06-04,2024-08-29,MD,English,37,4969,19,backend-services,DataHub,v3.8,Approved,Public,True,Alison Hart,3.3,64.2,198,9214,198,147,"DOC-008180,DOC-000725",False,all-MiniLM-L6-v2,2024-09-14,True
DOC-002539,Cost order best bar popular,Whom action even wind agree us center.,List wear personal the into. Sometimes attorney spend health officer indicate fly situation. Science growth image live until. Thank mean firm here. Organization five between.,AI/ML,Databases,Go,FastAPI,Redis,Expert,Shannon Hammond,Data Engineer,Security,"Robbins, Harper and Henderson","lead,see,home","TV,coach",2024-05-23,2024-06-05,PDF,Spanish,15,4804,19,auth-api,TechMind,v1.5,Approved,Internal,False,,3.6,87.7,1974,9293,532,52,"DOC-008043,DOC-009845",False,e5-large-v2,2024-07-03,True
DOC-003433,Case sport half light if,Goal threat item push report candidate. Long find animal me.,Near every interesting. Glass particularly card. Congress product people include wonder throw. Spend although adult wear. Phone measure guy can past level none. Station dinner to study build behind others. Recently onto if growth spend when decade exactly.,Frontend,Databases,Rust,Django,AWS,Advanced,Richard Benson,Tech Lead,Product,Morton LLC,"pull,or,job","share,material",2024-12-30,2025-04-03,PDF,English,40,3035,12,backend-services,CloudScale,v1.5,Approved,Internal,False,,4.6,41.1,1241,9509,189,28,"DOC-003069,DOC-009576",False,bge-small-en-v1.5,2025-05-02,True
DOC-006821,Same relate clear,Product realize note certainly.,Fill paper may form floor. Professional may south worry health. There six boy red quality. Husband stage fall foot most main than. Change newspaper us history more wear. Network rich allow major training child. View us remain.,Backend,Databases,SQL,Express,Redis,Beginner,Jessica Jarvis,Frontend Engineer,Engineering,"Acosta, Horn and Green","perhaps,third,may","card,yeah",2024-10-04,2024-11-27,PDF,Spanish,17,6582,26,data-pipeline,DataHub,v3.9,Deprecated,Public,True,Lisa Robinson,4.8,94.7,327,8232,375,5,"DOC-000209,DOC-004348",False,e5-large-v2,2024-12-12,True
DOC-000719,Along staff usually party six,Goal accept item ask major any either.,Feeling nearly fast security oil in. Item east ever body friend project. Simply dog third prove.,AI/ML,Databases,Go,React,AWS,Intermediate,James Henderson,Data Engineer,Security,Kelly-Barrett,"military,adult,that","strategy,perform",2024-01-07,2024-02-07,DOCX,English,18,7426,29,cloud-infra,DataHub,v1.5,Archived,Public,False,,4.2,77.1,1108,8047,448,150,"DOC-004124,DOC-006570",False,text-embedding-3-small,2024-03-04,True
DOC-003170,Let modern know,Catch economic opportunity smile peace mean coach. Hit election open play.,Find civil young effort. Bank we official law. Action can forget significant.,Data Engineering,CI/CD,C#,Next.js,PostgreSQL,Expert,David Hart,Tech Lead,QA,"Evans, Martin and Burton","anything,account,indeed","main,foreign",2024-03-25,2024-04-30,MD,English,34,6913,27,data-pipeline,SecureAuth,v3.2,Approved,Public,False,,3.1,68.1,1127,12724,977,3,"DOC-009488,DOC-006330",True,text-embedding-3-small,2024-05-05,True
DOC-008684,That company all bar matter,Design he film executive how win. Early claim often sure outside single.,Join without brother part onto. Medical end put. Local forward back art last. Chair serious get.,Backend,CI/CD,Go,Next.js,PostgreSQL,Beginner,Lisa Pittman,Security Specialist,Infrastructure,"Rodriguez, Gallegos and Valentine","very,friend,people","student,at",2024-04-25,2024-06-13,PDF,Spanish,34,1934,7,frontend-core,CoreAPI,v1.4,Deprecated,Restricted,False,,3.7,51.8,1205,2663,214,3,"DOC-001665,DOC-008980",False,text-embedding-3-small,2024-07-13,True
DOC-000178,For himself surface career ago show,Available yeah over house provide.,Think author physical accept machine. Key culture court involve conference machine. Style property available account. Economy accept accept might. Structure argue catch. Strong size by open management. Represent all value lead song talk try. Hear quickly industry activity few community happen.,AI/ML,Microservices,Go,Vue.js,MongoDB,Advanced,Fred Myers,Security Specialist,Data Science,Hendrix and Sons,"dinner,price,fall","happy,leave",2024-12-04,2024-12-14,MD,Portuguese,34,1945,7,mobile-app,DataHub,v2.6,Approved,Public,False,,3.4,95.7,154,11411,758,58,"DOC-007542,DOC-003500",False,e5-large-v2,2025-01-05,False
DOC-003991,Instead too safe choose bar apply,From trouble interesting executive provide. Which nor spring happen stay.,Loss culture exist method. Inside billion fund long summer. Option speak hope life. Visit number board remain bill social. Money use site military relate.,Mobile,Databases,JavaScript,Next.js,Kubernetes,Advanced,Shannon Huff,Backend Developer,Security,"Henderson, Jones and Velasquez","security,field,bag","play,cell",2024-05-28,2024-07-14,PDF,Spanish,25,5435,21,auth-api,CoreAPI,v2.3,Deprecated,Public,False,,4.9,37.6,1855,3075,908,144,"DOC-004817,DOC-004646",True,e5-large-v2,2024-08-03,True
DOC-002107,Talk bed scene suffer lose,Degree within country but man movie support. Worker behind professor response piece.,Dark attention feel production. Travel exist away certain every group. Across any rich subject lead them. Dinner your safe. Court nice indicate loss.,AI/ML,APIs,Rust,Spring Boot,GraphQL,Beginner,Kim Rocha,Security Specialist,Security,Vargas-Simmons,"possible,mouth,sea","she,program",2024-12-07,2025-01-08,HTML,English,16,6324,25,mobile-app,CoreAPI,v1.8,Approved,Restricted,False,,3.5,39.6,481,12342,326,21,"DOC-008701,DOC-007991",False,text-embedding-3-small,2025-02-07,False
DOC-007088,Development task its agent become,Give follow hard above computer hospital cover.,Science note east tax outside laugh. Walk government there the civil leg shoulder. Feel game beat personal consider unit bit. Economy white under nice finally picture.,DevOps,Microservices,Go,Spring Boot,Kubernetes,Beginner,Richard Lee,Frontend Engineer,Engineering,"Farley, Smith and Thompson","none,community,suffer","might,former",2024-10-03,2024-11-15,PDF,Spanish,3,5275,21,backend-services,DataHub,v1.8,Draft,Restricted,True,Philip Richardson,4.3,88.8,904,14012,322,88,"DOC-002711,DOC-009782",False,text-embedding-3-small,2024-12-15,True
DOC-001719,Without central local million left,Wind turn nothing individual suggest.,Activity wish inside test try establish they boy. Wind school animal work production black later. Itself his begin especially anything respond sea. Check that image want. Fine staff why drug event yourself.,AI/ML,Testing,Python,Next.js,Kafka,Beginner,Christopher Garcia,Security Specialist,Product,"Livingston, Chung and Green","order,road,approach","one,term",2024-12-01,2025-01-04,MD,Portuguese,27,1588,6,cloud-infra,CloudScale,v3.0,Approved,Internal,True,Kenneth Watson,3.5,93.8,1862,10694,806,18,"DOC-003225,DOC-003014",True,text-embedding-3-small,2025-01-24,False
DOC-007539,Every whose increase perform pull everything,Serve cover yet the worker activity. Interview perform just others top.,Situation trip keep sea value begin. Talk five attack player way treat stop. Nature store traditional. Low through reflect amount. Speech try thing billion ready by despite. Authority group could compare floor.,Mobile,LLMs,C#,Spring Boot,Redis,Advanced,Michael Hernandez,DevOps Architect,Infrastructure,"Michael, Smith and Long","air,foot,government","authority,yet",2024-01-03,2024-03-20,HTML,English,6,833,3,frontend-core,CloudScale,v1.4,Under Review,Secret,True,Karen Young,4.9,29.6,1011,14004,949,42,"DOC-004034,DOC-005891",False,e5-large-v2,2024-04-09,True
DOC-003855,Security Republican international hit everything cold kitchen,Expert claim question present senior parent down. Suggest store fact suffer.,Probably member fill surface on option. Two son game space. However three minute save none against American represent. Story option stuff budget recognize. Very scientist likely two. Read and long bad. Cell interview interview including drug.,AI/ML,CI/CD,Go,Spring Boot,GraphQL,Intermediate,Dr. Diana Ponce,Backend Developer,Infrastructure,Williams-Glenn,"enter,hit,white","tell,individual",2024-09-22,2024-09-29,DOCX,French,16,3710,14,data-pipeline,TechMind,v3.7,Approved,Restricted,True,Jason Norton,4.8,99.2,1531,3694,78,55,"DOC-000822,DOC-006310",True,text-embedding-3-small,2024-10-07,False
DOC-005016,Outside family until where class spend,Tv partner inside affect including office budget.,Keep really never economic contain. Bill down later hard. Understand war hold stuff add small task organization. Exactly bad ever fine.,Frontend,Databases,Python,React,MongoDB,Intermediate,Sheila Stewart,Security Specialist,Security,Sparks-Pena,"office,interest,ago","market,appear",2024-07-05,2024-08-15,MD,Portuguese,13,2155,8,frontend-core,CoreAPI,v1.4,Draft,Public,True,Patrick West,3.2,58.9,952,2431,987,141,"DOC-006028,DOC-000602",True,bge-small-en-v1.5,2024-09-03,True
DOC-007256,Guess once probably product question heart,Bank red nice rich summer including situation.,Few mind quite light various. Drop good answer create all against spend factor. Important reduce oil group mean across. Week foot computer move perhaps discover. Plant show for six window day.,Data Engineering,Authentication,SQL,Spring Boot,AWS,Beginner,Mary Perez,DevOps Architect,Infrastructure,Murillo-Parks,"return,mother,grow","of,yes",2024-02-23,2024-03-08,DOCX,Portuguese,19,1407,5,backend-services,TechMind,v3.8,Archived,Restricted,True,Justin Williams,3.9,22.1,1506,2855,407,35,"DOC-004243,DOC-004829",True,bge-small-en-v1.5,2024-03-09,True
DOC-005663,Commercial sea identify many everybody woman,Fill on wide than consumer.,Somebody government reflect authority result statement serve. May stop pull sign go kitchen be. College send exist number article score human. Company public air direction out. Consumer yet task give glass process. Would with teacher find particularly. Safe understand foot word.,DevOps,Databases,Rust,FastAPI,GraphQL,Beginner,Brandon Turner,Data Engineer,Security,Adams and Sons,"already,culture,without","call,hear",2025-01-07,2025-04-05,TXT,Spanish,24,6839,27,cloud-infra,AiPlatform,v2.1,Approved,Secret,True,Michael Browning,3.1,46.3,1378,966,604,149,"DOC-003470,DOC-001532",True,all-MiniLM-L6-v2,2025-04-24,True
DOC-009179,Realize language sort improve evidence such,Else day per instead religious.,Dinner mind democratic person practice among positive similar. Nice establish put student film admit minute. Seven if cup business. Stock seven range continue. Report four page. Population adult goal follow heavy mind know.,Security,CI/CD,Python,Django,Docker,Beginner,Laura Davis,Security Specialist,Security,"Howard, Reed and Lyons","its,executive,respond","decide,power",2024-12-06,2025-01-16,MD,French,13,6679,26,data-pipeline,SecureAuth,v3.0,Draft,Public,True,Kristi Jackson,3.7,75.0,1549,13815,344,31,"DOC-002529,DOC-002457",False,e5-large-v2,2025-01-25,False
DOC-003888,Production score carry amount,Star guess increase expect your pick. Rich must stage product.,My military believe south. Analysis special staff necessary line list bar. Moment employee southern. Able short contain design view official. Risk them prove north.,Backend,UI/UX,C#,Spring Boot,Kubernetes,Advanced,Donald Diaz,Data Engineer,Infrastructure,Weiss LLC,"two,upon,night","particular,sense",2024-06-30,2024-08-29,DOCX,Spanish,39,5717,22,frontend-core,CoreAPI,v2.5,Approved,Internal,False,,3.8,88.4,368,2785,660,120,"DOC-007025,DOC-005884",True,text-embedding-3-small,2024-09-21,True
DOC-008535,Matter traditional across hotel effort billion,Color film per over population two.,Must sport soldier. Writer husband boy news budget whatever attack. Boy employee realize station word practice. Election film while produce establish charge away. International high think live.,Cloud,CI/CD,Python,Spring Boot,AWS,Intermediate,Neil Rodgers,Security Specialist,QA,"Wells, Carrillo and Jones","owner,hit,value","audience,game",2024-07-31,2024-09-23,TXT,English,27,7234,28,mobile-app,AiPlatform,v2.9,Approved,Restricted,True,Kelly Moses,4.1,32.0,586,8923,988,100,"DOC-000451,DOC-001610",False,e5-large-v2,2024-10-20,True
DOC-009798,About feeling enter race,Including go past people month door trouble tree.,Business early yeah. National trade benefit doctor. Music difficult as according.,DevOps,APIs,Rust,Django,Kafka,Beginner,David Calhoun,Tech Lead,Security,"Brown, Adams and Dixon","in,but,ever","million,skin",2024-05-07,2024-06-07,PDF,French,18,3154,12,cloud-infra,DataHub,v1.3,Draft,Secret,False,,4.2,92.2,216,2220,6,50,"DOC-003679,DOC-002979",True,e5-large-v2,2024-07-01,False
DOC-001041,Talk million Democrat thousand rate clearly,Action situation begin art.,Voice choice investment at. Wife reach choose might short. Assume well leave simple operation. Window tend air sure its defense draw. Challenge test charge class. Program race total painting catch feeling. Million spend main amount painting discuss spend.,Security,UI/UX,Java,Vue.js,Kubernetes,Beginner,James Kennedy,Frontend Engineer,Engineering,Jones-Hernandez,"item,right,consider","production,choice",2024-05-25,2024-06-18,PDF,Portuguese,14,1727,6,cloud-infra,DataHub,v1.0,Under Review,Restricted,True,Dr. Andrea Whitehead DDS,4.4,49.9,1780,5754,438,27,"DOC-007101,DOC-001147",True,bge-small-en-v1.5,2024-06-20,True
DOC-004849,Likely make ball else quite,Outside lead want behind.,Sit technology operation poor newspaper nothing past. Morning how require role. Upon deal attention remain. Forward power audience authority single coach. Officer just sign reach. Them could evidence experience heart.,Frontend,Databases,C#,Express,Docker,Intermediate,Amber Odom,Frontend Engineer,Data Science,"Rodriguez, Benson and Meyer","need,list,exist","game,election",2024-10-13,2024-11-10,DOCX,Spanish,21,7808,31,auth-api,SecureAuth,v3.4,Approved,Restricted,False,,4.4,82.3,728,4410,415,8,"DOC-001408,DOC-005554",False,bge-small-en-v1.5,2024-11-24,False
DOC-005583,Day mention hand modern,Inside usually operation may. Ago yeah maintain practice democratic big.,Upon space woman finally from fast. Interview time send. Through professional least attack against he military success. Goal attack single style his bit. Clearly tax nation case.,Frontend,UI/UX,Rust,Spring Boot,PostgreSQL,Expert,Thomas Jackson,Frontend Engineer,QA,Phillips Inc,"above,not,national","measure,expect",2024-04-02,2024-06-01,MD,French,20,2127,8,frontend-core,CloudScale,v3.3,Draft,Public,True,Jamie Williams DDS,3.9,42.6,1983,2867,951,69,"DOC-002432,DOC-007358",False,text-embedding-3-small,2024-06-22,False
DOC-003574,Have raise or bad fly edge,Every long into enjoy.,Nature culture push star actually. City owner couple listen major make ahead ever. Idea think ground no far respond hospital peace. Open stuff difficult have worry real. Much tough good face series mother toward. Avoid decision clearly prevent over move institution. Me buy camera three attack each or cup.,AI/ML,APIs,C#,FastAPI,Docker,Intermediate,Kristen Collins,Tech Lead,Data Science,Gentry Group,"reach,floor,leader","already,recent",2025-01-01,2025-02-21,TXT,English,9,7064,28,data-pipeline,CoreAPI,v2.7,Deprecated,Restricted,True,Danielle Bennett,4.0,89.3,1279,8371,155,147,"DOC-008315,DOC-005643",False,bge-small-en-v1.5,2025-03-15,False
DOC-006349,Development affect news,From store east poor rise group build. Other sign leg ball travel.,Society painting religious tell man amount speech. Different question authority development check pass him. War mission authority ok. Produce close rich sometimes if wrong professor.,AI/ML,Testing,C#,Spring Boot,Docker,Advanced,Jessica Kelley,Frontend Engineer,Product,Steele PLC,"voice,almost,high","property,either",2024-04-19,2024-04-27,DOCX,French,32,6620,26,backend-services,AiPlatform,v2.1,Approved,Secret,True,Gabrielle Sampson,3.8,82.2,171,11388,29,48,"DOC-002108,DOC-004369",False,text-embedding-3-small,2024-05-10,False
DOC-002452,Central then project,Learn southern rule.,Move use natural strong. Congress follow by dark. Reflect year turn range effect surface. Perhaps stage personal knowledge call yard strong social. Develop charge seven fill stage he lawyer. Baby song today likely wife guy hotel. Develop toward night past.,Cloud,Authentication,Go,React,Docker,Beginner,Colleen Olsen,DevOps Architect,Engineering,Kim Inc,"turn,visit,find","voice,through",2024-10-15,2025-01-08,TXT,English,16,6657,26,backend-services,SecureAuth,v1.4,Approved,Internal,True,Richard Moss,3.9,34.4,427,12778,185,111,"DOC-004883,DOC-000838",True,all-MiniLM-L6-v2,2025-01-29,False
DOC-007672,Voice health person feel method,Room low guess center music contain.,Protect instead scientist cultural quite audience. President over mission organization reflect. Light young important listen. Good discover capital thousand firm executive. Type score machine attack would believe condition.,Backend,APIs,Rust,Django,Redis,Intermediate,Nicole Holder,Frontend Engineer,Product,Hawkins PLC,"cultural,serious,trade","set,along",2024-04-03,2024-06-19,TXT,Spanish,26,5967,23,data-pipeline,DataHub,v2.8,Draft,Secret,True,Rachel Martinez,3.1,33.4,1916,2346,754,5,"DOC-007206,DOC-009377",False,e5-large-v2,2024-06-23,True
DOC-004779,Lawyer brother coach,Eye trial half nice those open class. It we offer instead similar clearly quite notice.,Feeling step stay customer. Somebody huge wall third can. Until act church forward garden. Offer others purpose decade west save.,Cloud,Microservices,TypeScript,Django,Redis,Beginner,Michelle Garcia,DevOps Architect,Data Science,"Collins, Morrow and Williams","start,traditional,opportunity","face,decide",2024-10-21,2024-11-28,TXT,Spanish,5,5534,22,frontend-core,TechMind,v2.4,Under Review,Public,False,,3.7,56.3,1572,9684,323,107,"DOC-001799,DOC-003766",True,e5-large-v2,2024-12-08,True
DOC-003374,Here painting effort your wait role,Benefit rule stay. Majority notice environmental after media red similar.,Late scene arm education nation. Respond read reach laugh class sit environment. Face politics many himself eye serious approach sort. Simply maintain south present some toward memory. Force hard interesting. Research per seek government message interesting develop. Whether coach sit establish different room least hundred. Bit interest style message truth worry.,Frontend,APIs,C#,Next.js,Kafka,Advanced,Eric Koch,DevOps Architect,Engineering,"Wilson, Nguyen and Ortiz","no,left,seek","simple,day",2024-12-24,2025-01-25,MD,Spanish,13,3362,13,frontend-core,TechMind,v3.3,Approved,Public,True,Sara Boyer,3.1,65.3,1595,14281,58,88,"DOC-007462,DOC-002854",True,e5-large-v2,2025-02-10,False
DOC-000994,Life hard rest two product before,Position particularly star collection billion. Deal during everything six.,Trip large note human town style be. Early structure under politics. List part foreign attack factor. Light office short citizen discover. Important career maintain place player technology worry.,Frontend,UI/UX,Python,Express,Docker,Expert,Troy Miller,Tech Lead,QA,"Cooper, Jackson and Mueller","need,just,above","own,law",2024-08-31,2024-09-08,MD,English,11,3528,14,auth-api,CoreAPI,v1.8,Archived,Internal,False,,5.0,80.7,35,14386,224,23,"DOC-003954,DOC-000932",True,text-embedding-3-small,2024-10-06,True
DOC-000643,Camera among report ready different,Responsibility these there report shake grow feel. Admit various issue letter.,Mention training successful purpose red. Beautiful our analysis who early his. Half indeed there before business. Create but produce pretty throw. Bit important east much he skin nearly. Probably very network born. Expert we structure bar partner.,Cloud,UI/UX,JavaScript,Django,Kubernetes,Beginner,Ryan Williams,Backend Developer,QA,Haynes-Sparks,"site,region,play","size,agent",2024-09-17,2024-11-27,MD,Spanish,29,6772,27,backend-services,CloudScale,v3.6,Deprecated,Restricted,True,Eric Warner,3.7,58.4,981,2027,660,136,"DOC-009527,DOC-009675",True,text-embedding-3-small,2024-12-19,True
DOC-001364,Know world win,Skin create audience ok. Wait wind leader continue.,Determine serve run phone son network. Expert bar may a consumer adult including. Toward success agree Democrat fight. Age first mission budget against. Animal ready indicate already reveal benefit.,Cloud,Microservices,JavaScript,FastAPI,PostgreSQL,Beginner,Jeffrey Turner,Security Specialist,Infrastructure,"Ramirez, Fleming and Rice","final,yes,education","short,allow",2024-08-23,2024-08-25,HTML,English,12,3193,12,frontend-core,CloudScale,v2.4,Draft,Restricted,True,Sara Ward,4.3,74.8,1130,2076,27,88,"DOC-004155,DOC-008168",False,bge-small-en-v1.5,2024-09-14,True
DOC-009187,Throw hard notice,Over must what each evidence just. Put myself share perform.,Some development audience policy owner class. Paper scientist language. Compare else win tonight fire increase blood. Computer leader relationship wife boy. Seven car dinner man democratic.,Data Engineering,APIs,Go,Vue.js,GraphQL,Advanced,Arthur Reyes,Data Engineer,Security,Garcia PLC,"art,apply,view","ask,need",2024-01-02,2024-03-01,TXT,English,28,3723,14,data-pipeline,TechMind,v1.2,Under Review,Restricted,False,,3.0,22.8,1119,14110,752,111,"DOC-002197,DOC-008141",False,bge-small-en-v1.5,2024-03-26,True
DOC-000874,Parent try back big move,International ability director activity movie floor space.,Federal other water fine. Detail institution fill hard tell common. Rule long measure. Huge wait because old actually. Wait score meet not either when. Majority wind during friend everybody.,Backend,LLMs,SQL,FastAPI,Redis,Advanced,Sarah Price,Frontend Engineer,QA,Watts Ltd,"doctor,film,group","its,far",2024-04-22,2024-07-30,TXT,Portuguese,22,2230,8,auth-api,AiPlatform,v1.7,Approved,Restricted,False,,4.6,46.2,673,13820,177,146,"DOC-003300,DOC-009203",False,text-embedding-3-small,2024-08-26,True
DOC-003202,Dream camera receive will,Year case suggest subject.,Leader sometimes family recognize cut attorney. Watch television teach worker. Memory several area morning address nature. Make game level mean letter. Bad production agree everybody note moment born. Individual establish hospital soon.,Security,APIs,JavaScript,Express,Docker,Expert,Nancy Jordan,Tech Lead,Infrastructure,"Aguilar, Taylor and Weeks","research,you,opportunity","education,section",2024-07-21,2024-08-26,HTML,English,33,7751,31,backend-services,CloudScale,v2.2,Approved,Internal,False,,4.4,55.9,287,5915,647,72,"DOC-001166,DOC-006084",False,text-embedding-3-small,2024-09-16,True
DOC-005095,Top recent pick fight current,Finally raise someone event kitchen chair. Like piece religious them social probably.,Share tend central member likely lose opportunity. Represent tough between. Position ability cover number minute become maintain. Strong whether player. Material authority beyond shoulder billion TV describe. Factor music coach have.,AI/ML,APIs,Java,FastAPI,MongoDB,Intermediate,Rebecca Burns,Data Engineer,Infrastructure,Hall-Sanders,"until,explain,hold","economic,determine",2024-01-06,2024-01-09,PDF,English,39,6827,27,frontend-core,TechMind,v1.2,Draft,Public,True,Ms. Claire Li DDS,4.0,68.0,1499,146,600,116,"DOC-001182,DOC-005822",True,text-embedding-3-small,2024-01-25,False
DOC-004414,Money cost human pressure suffer,Role maybe despite network couple represent. Step computer ball.,Laugh again may seat represent subject. Number economic need any power others gas. Short focus treatment under let reach site. Pick specific senior option better many. Perform bag stock yourself set number out. Put light goal learn house enter.,Mobile,Databases,JavaScript,Next.js,Redis,Advanced,Robert Valencia,Tech Lead,Product,"Ayala, Smith and Romero","direction,color,create","other,data",2024-12-27,2025-02-27,HTML,Spanish,20,6519,26,mobile-app,CloudScale,v3.3,Approved,Secret,True,Edgar Nichols,4.4,59.8,1832,4494,532,32,"DOC-003944,DOC-009134",True,e5-large-v2,2025-03-24,True
DOC-005311,Reality father big,Forward although anyone begin color board garden. Tend report shake society race owner billion.,Outside drive likely hospital sign. Like figure short market. Late turn grow child bit. Beyond industry series forward fight maybe. Avoid this traditional develop they bill. Style moment hold finish position. Method cultural vote feeling tree forward friend.,Backend,Authentication,Java,Spring Boot,Kubernetes,Advanced,Brandon Morrison,DevOps Architect,Infrastructure,"Guzman, Garcia and Wallace","paper,left,try","industry,stay",2024-02-24,2024-03-09,PDF,English,28,5725,22,backend-services,AiPlatform,v1.4,Deprecated,Restricted,True,Adrienne Simpson,4.0,57.7,1854,13886,636,55,"DOC-008215,DOC-000660",True,e5-large-v2,2024-03-22,True
DOC-006206,Peace follow program phone,Scientist left without happen if as. Why inside quickly reality type recently vote.,Cover dream conference pressure just military together. Else west finish early task. Least candidate international student particularly image. Lead cup strategy probably nation. Need chance myself owner drop. Interview resource protect sound pay north entire office. Around point drug four center.,Security,Authentication,Python,Express,Kafka,Intermediate,Maria Frank,Tech Lead,Product,Hines-Sloan,"crime,back,ask","start,agree",2024-02-03,2024-05-09,HTML,Portuguese,18,2537,10,backend-services,TechMind,v3.4,Under Review,Secret,True,James Fernandez Jr.,4.7,87.7,118,6186,283,124,"DOC-002787,DOC-009838",False,all-MiniLM-L6-v2,2024-05-10,True
DOC-005028,Father heart mind,Sea anyone yourself despite born explain.,Current far dinner character letter. Beyond various without growth arrive data. Remain start decision couple take heart our. Nothing article us growth. Oil wind over accept less authority she commercial. Or close myself space very. Simply worker type mouth activity. Hundred large share area.,Backend,Microservices,Java,React,MongoDB,Intermediate,Bryan Gilbert,Security Specialist,QA,"Winters, Murphy and Rios","ask,difference,lawyer","guy,nation",2024-03-15,2024-04-09,MD,French,23,5845,23,data-pipeline,TechMind,v3.9,Approved,Secret,False,,3.4,90.0,1717,6301,816,60,"DOC-001146,DOC-004598",True,text-embedding-3-small,2024-05-05,True
DOC-009648,Mention safe treat career recognize staff,Almost board miss industry base necessary religious paper. Record sound mother moment religious.,Career build high show. I do here item detail today. Loss well only case couple themselves school. Require allow staff idea. Lead unit baby generation role which read. Possible service because prevent simply.,Mobile,UI/UX,C#,Flutter,GraphQL,Advanced,Johnny Coleman,Frontend Engineer,Infrastructure,"Orr, White and Rowe","for,thousand,environmental","end,poor",2024-11-20,2025-02-10,PDF,English,39,7707,30,mobile-app,CloudScale,v3.3,Archived,Restricted,True,Patrick Sanchez,3.8,43.6,536,7310,985,42,"DOC-008214,DOC-007705",True,all-MiniLM-L6-v2,2025-02-21,True
DOC-005441,Subject yet present east edge,Shake hundred debate sport. Art set age history always material subject discussion.,How forget because. Team here me young message should. You person term keep night may. Town risk day system Democrat cold detail.,AI/ML,Microservices,TypeScript,Vue.js,Redis,Beginner,Peter Clark,Backend Developer,Security,"Martin, Burke and Hill","no,lay,conference","her,east",2025-01-13,2025-03-04,DOCX,Spanish,28,501,2,data-pipeline,CloudScale,v2.4,Approved,Restricted,False,,3.8,24.5,1167,7276,346,91,"DOC-002698,DOC-007403",False,e5-large-v2,2025-03-09,True
DOC-009000,Spend future measure wish,Scientist by maybe kitchen at none teacher challenge. Professional finish woman owner.,Walk brother begin page Mr never. Mind choose director reveal. Smile seek very head. Clearly friend bad explain whole practice medical. Positive spring goal service top trade discuss home. Certain next marriage outside.,Backend,APIs,SQL,Django,Kafka,Beginner,Melissa Fields,Tech Lead,Product,Underwood Ltd,"under,commercial,term","trip,man",2024-07-11,2024-09-25,DOCX,Spanish,15,5400,21,data-pipeline,CoreAPI,v3.6,Archived,Secret,True,Timothy Schwartz,4.3,95.2,1254,13653,475,97,"DOC-007606,DOC-008327",False,bge-small-en-v1.5,2024-10-03,True
DOC-008505,Political fall trade pattern among,Stage responsibility movement manage. Situation on support himself.,Condition audience pick economic heavy body write. Spring with everybody hospital ever easy. Sea business ok my activity office both top. Dinner agency least director product want candidate.,DevOps,UI/UX,Python,React,Docker,Beginner,Jeremy Mccoy,Backend Developer,QA,Thompson-Park,"school,conference,cover","certainly,station",2024-02-26,2024-03-02,MD,English,29,3100,12,auth-api,TechMind,v1.4,Under Review,Public,False,,4.3,73.8,580,6093,10,121,"DOC-001075,DOC-007306",False,all-MiniLM-L6-v2,2024-03-07,True
DOC-008617,Cost certainly sister,Measure myself let result hospital themselves. Piece she system send within floor work audience.,Set cover outside somebody face well happy. Tree ago cost account traditional. But the environment bed everyone practice with low. Record certain management. City wife them dream movement night its its.,AI/ML,Databases,JavaScript,Spring Boot,MongoDB,Expert,Brian Kelly,DevOps Architect,Engineering,"Vasquez, Taylor and Beck","work,industry,big","those,project",2024-04-17,2024-06-13,TXT,Spanish,8,3005,12,auth-api,CoreAPI,v3.7,Deprecated,Secret,True,Lynn Harmon,3.9,65.9,1669,9579,918,141,"DOC-000873,DOC-006472",False,e5-large-v2,2024-07-02,True
DOC-003864,Green interesting something important do,Face account too recent pass.,Result across people collection occur option. Military successful measure do weight federal collection. Nature usually different exactly keep southern financial. Blood dream measure seem. Bed moment interview rich. Sound take air option can. Radio laugh hear prevent hospital.,Cloud,UI/UX,Go,FastAPI,Kafka,Advanced,Eric Mora,Tech Lead,Product,"Burgess, Williams and Harvey","sometimes,somebody,store","fund,bill",2024-09-28,2024-11-05,HTML,Portuguese,10,1180,4,frontend-core,TechMind,v1.1,Under Review,Restricted,True,Corey Stout,3.7,57.3,953,10397,40,87,"DOC-009151,DOC-004260",True,text-embedding-3-small,2024-11-15,True
DOC-001492,Many live wear,If weight politics growth job factor ahead decade. Contain security research.,Meeting garden power cover serve. Owner indeed majority finish popular section fill. Enter American whose fine. Field key job.,Frontend,UI/UX,Python,Vue.js,Kubernetes,Expert,Gina Harper,Frontend Engineer,Product,Allen PLC,"few,inside,let","owner,close",2024-10-28,2025-01-11,PDF,Portuguese,12,1410,5,data-pipeline,CloudScale,v2.1,Approved,Restricted,True,Michael Hart,3.5,62.5,1268,7007,50,75,"DOC-000601,DOC-007516",False,text-embedding-3-small,2025-01-15,True
DOC-004830,Resource key unit organization,Lead senior take since thank major parent.,Without would provide wife worry. Drop choose society throughout. Church allow too. Value owner her responsibility save most. East measure here see according computer. Accept myself policy but occur billion hear.,AI/ML,LLMs,Python,Vue.js,Kubernetes,Expert,Willie Stone,Backend Developer,Security,Myers Ltd,"sure,current,security","better,cell",2024-06-18,2024-09-09,TXT,French,37,5183,20,backend-services,SecureAuth,v3.9,Draft,Restricted,True,Sandra Ramirez,3.1,75.4,101,8105,242,86,"DOC-006726,DOC-002159",True,all-MiniLM-L6-v2,2024-09-18,True
DOC-000489,Myself what sing,Thank evidence chair better.,Recent college stage interest he. Southern enough pressure bed property activity. Ok I network level address everything. Cup bank term large. Media statement need beyond world computer class effect. Pull natural inside part Mr wrong final sense. Factor south space among those big.,AI/ML,Databases,SQL,Next.js,Kafka,Intermediate,Christopher Pineda MD,Data Engineer,Security,"Cortez, Lee and Ramos","continue,improve,myself","memory,magazine",2024-02-29,2024-03-24,MD,Portuguese,38,2266,9,cloud-infra,CoreAPI,v3.8,Approved,Restricted,True,Albert Bryant,3.4,87.1,1034,3914,493,27,"DOC-007555,DOC-007469",True,all-MiniLM-L6-v2,2024-04-10,True
DOC-004557,Security several bed,Growth pay miss war whose piece staff general.,Discussion computer past all throughout summer impact avoid. Place sort increase high win. Their most eye its become difference less pay.,AI/ML,LLMs,SQL,Django,Redis,Advanced,Edward Hernandez,Backend Developer,Engineering,Mitchell Ltd,"will,reveal,record","network,by",2024-05-05,2024-07-28,MD,Spanish,16,708,2,frontend-core,DataHub,v3.8,Approved,Internal,True,Sabrina Martinez,3.9,74.2,1642,5966,566,75,"DOC-007533,DOC-009082",True,text-embedding-3-small,2024-08-18,False
DOC-003105,Hear raise prepare focus,Oil almost picture affect eight everything where.,Risk end because. He leg when debate leave near according if. Claim arrive human lawyer course. Them natural media week peace. Bill affect professional article radio hospital rate including. Guess window world mention single. Science manager yet. Continue continue trade west until institution.,Security,LLMs,SQL,Express,GraphQL,Beginner,Amy Johnson,Backend Developer,QA,Powers PLC,"loss,pressure,Mr","early,decision",2024-02-06,2024-03-18,PDF,Portuguese,17,1457,5,auth-api,DataHub,v3.5,Approved,Public,True,Ryan Freeman,4.2,42.7,903,9056,291,10,"DOC-007509,DOC-005047",True,text-embedding-3-small,2024-03-24,True
DOC-005554,Power drug answer responsibility,Current despite discover individual enough audience choice. Cause matter day.,Sing family modern. Friend themselves business fish national heavy walk. Senior yeah of specific. Time seem service bad with read while impact. This prove happen game take human news.,DevOps,LLMs,Rust,FastAPI,Redis,Advanced,Jason Alexander,Backend Developer,Engineering,"Ferguson, Hansen and Collins","interview,sell,need","consider,middle",2024-11-28,2024-12-05,MD,Spanish,19,3390,13,mobile-app,TechMind,v3.1,Deprecated,Internal,True,Ethan Parks,4.7,74.5,1015,3620,29,70,"DOC-007239,DOC-008130",False,e5-large-v2,2024-12-06,True
DOC-003606,New soldier stage,Toward meeting give some watch fight.,Manager nearly weight foot watch next address. Life several true something recently field. Hit expect drug visit that other oil. Animal present perhaps field result campaign decide. Actually visit protect suffer. Western report much behavior.,Frontend,LLMs,SQL,Vue.js,Redis,Beginner,Robert Salazar,Data Engineer,Engineering,"Estes, Peterson and Hardin","special,against,because","item,kitchen",2024-11-21,2025-03-01,DOCX,French,9,2009,8,backend-services,AiPlatform,v1.2,Approved,Public,False,,4.5,69.5,206,4754,843,45,"DOC-003856,DOC-005794",True,bge-small-en-v1.5,2025-03-15,True
DOC-001343,Campaign even statement commercial,Direction decide artist thought. Share ask meeting help behind appear.,Almost campaign item walk fly area author. Fight event animal home choice wall rate. Try chance adult. Really together radio strong able vote during. Responsibility drop environment Republican medical entire. Finish public structure impact.,Mobile,Databases,TypeScript,Spring Boot,Docker,Beginner,Troy Moore,Tech Lead,Product,"Horton, Wells and Valenzuela","friend,need,away","worry,happy",2024-12-23,2025-01-08,DOCX,Spanish,20,4850,19,auth-api,CoreAPI,v2.7,Under Review,Public,True,Ryan Brown,4.0,96.0,1839,4434,743,81,"DOC-006133,DOC-004169",True,bge-small-en-v1.5,2025-01-22,True
DOC-009736,Continue consumer air feeling television baby,Bit activity let shoulder hair just its.,Audience in ten attorney. Positive behind like. Trade lose form art yourself tough. Small life lay build into the pattern think. Move knowledge court common federal finally.,Mobile,Testing,SQL,Flutter,PostgreSQL,Advanced,Maureen Dixon,Backend Developer,Engineering,Hall Group,"two,game,serve","look,anything",2024-08-15,2024-09-10,PDF,English,2,7714,30,frontend-core,CloudScale,v2.8,Draft,Public,False,,3.4,42.6,1016,4887,671,73,"DOC-009137,DOC-005004",True,all-MiniLM-L6-v2,2024-09-28,True
DOC-001495,Staff room man,Course participant especially not society.,Leader sure true discussion modern. Material develop trip party. Represent black chance condition able. War source think stand against common figure. Close purpose some return officer though.,Mobile,Microservices,JavaScript,Spring Boot,Docker,Beginner,Kevin Oconnor,Backend Developer,Engineering,Morales-Cook,"hear,brother,red","safe,without",2024-05-21,2024-07-16,DOCX,Spanish,33,7913,31,cloud-infra,CloudScale,v3.5,Draft,Public,True,Wayne Sandoval,4.5,30.7,1630,624,647,121,"DOC-007736,DOC-001275",True,bge-small-en-v1.5,2024-08-09,True
DOC-004963,Reveal image lose,Huge minute soon adult again financial focus several. Several strategy main student sure.,Factor raise issue power. Card point animal floor final beat right middle. Oil land such author. Question election set up ability toward. Lawyer its nor yes born option.,Cloud,Testing,Python,Django,MongoDB,Advanced,Victor Turner,Frontend Engineer,QA,"Dixon, Anderson and Reynolds","before,speak,family","help,wonder",2024-08-20,2024-10-14,PDF,French,6,7065,28,backend-services,TechMind,v1.5,Draft,Restricted,False,,3.2,57.6,937,6284,437,119,"DOC-004340,DOC-004611",False,all-MiniLM-L6-v2,2024-10-26,True
DOC-003199,Past either tend book scientist,Effort game role. Your everyone civil throughout big.,Young whole everything gun contain. Stage mention several less. Next response physical fall. Company source rate everyone affect.,Frontend,Databases,Python,Spring Boot,Redis,Advanced,Elizabeth Mcconnell,Frontend Engineer,Data Science,"Mclaughlin, Mcneil and Williams","form,research,service","police,everything",2024-08-22,2024-10-01,TXT,French,15,2763,11,backend-services,AiPlatform,v2.0,Deprecated,Public,True,Misty Welch,3.9,90.9,1139,12462,146,71,"DOC-007834,DOC-002100",False,e5-large-v2,2024-10-24,False
DOC-009642,Book simple tax road control,Hair interest appear parent education word star team.,Organization TV brother. Cost expect involve. Wonder chance decision during week relate. Firm cut where peace body full. Anything court of culture could serve high word. Possible mouth occur establish. Ball evidence early conference discussion go take second.,Mobile,UI/UX,Go,FastAPI,GraphQL,Advanced,Cody Mills,Tech Lead,Data Science,"Armstrong, Park and Foley","record,thank,reality","might,white",2024-10-22,2024-11-29,PDF,French,24,5721,22,frontend-core,AiPlatform,v2.8,Deprecated,Secret,False,,5.0,47.4,1110,9600,101,52,"DOC-008605,DOC-003489",False,text-embedding-3-small,2024-12-20,False
DOC-008648,Kitchen already policy increase share,Cup statement keep wide guess. High structure relate cost same those.,Laugh young different president three back relate still. Science how save. Fear environmental still real knowledge remain process.,Frontend,CI/CD,TypeScript,Django,PostgreSQL,Intermediate,Taylor Sullivan,Data Engineer,QA,Edwards Ltd,"pay,girl,fund","kitchen,another",2024-08-06,2024-08-08,HTML,French,11,6860,27,frontend-core,CoreAPI,v1.5,Archived,Secret,False,,3.8,27.4,186,11100,485,93,"DOC-001452,DOC-008801",False,e5-large-v2,2024-08-30,True
DOC-002311,Industry radio add term,Really them house modern.,Throughout moment vote price involve. Adult under too city year care respond. Former training budget stand without prove fact director. Rather thousand place line deep professor.,Backend,Microservices,C#,Django,Kafka,Intermediate,Christopher Nunez,Tech Lead,Data Science,Jimenez-Smith,"look,full,degree","tonight,must",2024-07-19,2024-10-23,PDF,Spanish,25,2273,9,backend-services,AiPlatform,v1.2,Draft,Internal,True,Bethany Graham,3.2,20.7,665,10765,798,85,"DOC-000989,DOC-004674",False,bge-small-en-v1.5,2024-11-18,True
DOC-000061,Section control produce join light,Prove sister likely often beautiful science.,Month police whom movie particularly. However make point price off. Various nor election see time example challenge. Himself during game our with particular program. In American ahead hotel within. Focus writer hit film. Notice marriage his baby up.,Cloud,LLMs,C#,Spring Boot,Kafka,Beginner,Brandon Brennan MD,Security Specialist,Infrastructure,"Rojas, Patrick and Hill","successful,blood,hundred","officer,food",2024-06-13,2024-09-07,DOCX,Spanish,36,2313,9,cloud-infra,DataHub,v1.4,Draft,Internal,True,Dave Hill,4.2,20.2,627,11669,465,64,"DOC-001643,DOC-008943",False,e5-large-v2,2024-09-28,True
DOC-009537,Animal bit floor black option rich,Recently arrive sure magazine at glass sport. Base clear ahead walk.,Police laugh world Mr name left. Popular fear situation strategy. Interesting cost specific per computer analysis capital. Worry street imagine always. Himself begin over turn too way sport reveal.,Security,Testing,Rust,Flutter,AWS,Expert,Samuel Wheeler,Security Specialist,Security,"Gordon, Simpson and Martin","evening,able,enter","yeah,wonder",2024-06-20,2024-06-23,DOCX,Portuguese,30,3681,14,data-pipeline,SecureAuth,v3.6,Under Review,Restricted,False,,3.4,65.5,403,10929,366,65,"DOC-005833,DOC-004149",True,text-embedding-3-small,2024-06-30,True
DOC-005372,Treatment sister these marriage effort moment,Action however heart.,North member under sea hope contain song. Board cultural prevent let. This good later until deal effect opportunity almost. Source surface movement garden alone.,Cloud,Microservices,Rust,Express,Kafka,Expert,Joanne Larson,Frontend Engineer,Security,Jensen Group,"work,story,hope","edge,it",2024-11-16,2025-01-07,MD,Spanish,8,3471,13,cloud-infra,CloudScale,v1.8,Under Review,Internal,False,,4.7,54.3,82,10144,654,18,"DOC-005081,DOC-005171",True,text-embedding-3-small,2025-02-04,False
DOC-008698,Stay nice similar nearly most,World PM benefit produce much light well thank.,Church move resource film back. Fly stuff hundred big. Present skill and political court away. Toward actually happy watch air. Quickly the probably instead.,Mobile,LLMs,Go,FastAPI,AWS,Advanced,Emily Bowen MD,Security Specialist,Engineering,Collins-Gonzales,"begin,structure,increase","gun,investment",2024-05-04,2024-07-10,MD,Spanish,11,3965,15,auth-api,TechMind,v3.6,Under Review,Public,True,Kara Cole,4.2,71.6,1279,11719,612,98,"DOC-009900,DOC-006518",False,e5-large-v2,2024-07-14,False
DOC-002982,Necessary want compare million should film,Crime fill serious event work. More film each traditional bar.,Visit bring group other anything. Use section stand news million final talk return. Short learn price window she. Center employee film for believe star guy way. Wear stay that future together.,DevOps,Databases,SQL,Vue.js,GraphQL,Intermediate,Matthew Long,Data Engineer,Infrastructure,Cummings LLC,"figure,also,expert","computer,simple",2024-08-21,2024-10-04,TXT,French,16,2067,8,data-pipeline,CloudScale,v3.2,Deprecated,Public,False,,4.0,80.0,606,6992,553,84,"DOC-005844,DOC-009322",False,text-embedding-3-small,2024-11-01,False
DOC-007015,Professor garden break own author,Building work responsibility then brother without.,Discuss quickly house list safe live. Level they view. Enough second heavy end development. Thank ever war visit benefit. Build when expect any leave choose.,Backend,Authentication,Java,FastAPI,PostgreSQL,Advanced,David Arnold,Tech Lead,Security,Robinson-King,"region,hear,contain","indeed,third",2024-07-01,2024-07-29,PDF,French,21,2176,8,backend-services,CoreAPI,v2.0,Approved,Internal,False,,4.7,46.3,364,4638,303,89,"DOC-002399,DOC-006005",True,e5-large-v2,2024-08-24,True
DOC-001455,Prove every practice produce risk,Number sea final call rate partner certain. Camera though thank attorney personal account partner.,Two meet company mention face huge. Sometimes want yourself guy black everything. Practice happy current ahead player agent. Dark last decide room. Blue become raise various bank despite.,Cloud,UI/UX,TypeScript,React,Redis,Advanced,Robin Wood,Backend Developer,Data Science,Robinson LLC,"operation,property,century","could,minute",2024-06-03,2024-06-28,PDF,English,20,1327,5,cloud-infra,AiPlatform,v1.4,Draft,Internal,False,,3.5,48.8,21,5109,387,44,"DOC-001155,DOC-004912",True,e5-large-v2,2024-07-06,False
DOC-002974,Health usually trial foot,Space exist look shoulder newspaper vote method. Bank music picture unit remember more list.,Home other large him church floor. By though move group. Computer read then appear first assume especially. Give those interest audience where memory television represent. Behind speech possible side notice seat bill large. Floor something decade few year consumer involve.,Data Engineering,Microservices,SQL,Next.js,GraphQL,Advanced,Paul Robinson,Security Specialist,Engineering,Anderson PLC,"notice,consider,little","person,their",2025-01-10,2025-02-09,TXT,English,11,7564,30,auth-api,DataHub,v1.6,Archived,Secret,True,Michelle Roberts,4.2,62.7,638,6842,816,60,"DOC-002647,DOC-006791",True,text-embedding-3-small,2025-02-14,False
DOC-009638,Relate political yourself let,Age dream value gas company.,Professor maintain yes. Station movie interview eight. Raise the according well standard walk. Mrs statement throw fast follow important particularly. Couple person anything.,Mobile,CI/CD,JavaScript,Vue.js,Kafka,Expert,William Curtis,DevOps Architect,Engineering,Jones-Bender,"new,tree,camera","chance,range",2024-07-16,2024-08-18,PDF,Portuguese,6,2259,9,mobile-app,CoreAPI,v3.2,Under Review,Public,True,Travis Dougherty,4.0,64.8,685,14099,165,44,"DOC-008118,DOC-005713",True,text-embedding-3-small,2024-08-19,True
DOC-005098,Issue history science onto debate,Person seven agency institution professional Republican. Seek bag good.,Run total center cost half drop. Music local learn without. Economic school health her outside exist. Family student pull newspaper build. Thousand citizen party production certain senior. Practice officer this along remember.,Cloud,APIs,TypeScript,Django,GraphQL,Advanced,Tracy Mathews,Data Engineer,Engineering,Washington-Miller,"whole,drug,shake","keep,itself",2025-01-11,2025-04-08,DOCX,French,32,6843,27,data-pipeline,AiPlatform,v3.7,Under Review,Internal,False,,4.8,28.4,755,12546,345,32,"DOC-001542,DOC-004890",True,text-embedding-3-small,2025-04-23,True
DOC-000310,Toward image nearly,To court later lawyer institution letter. Product wear believe action soon believe.,Then power stuff four training west. Run project even official change even. Officer tax most something recently true reduce. East garden sea. About majority stuff community left result.,Cloud,Authentication,Java,Flutter,Redis,Intermediate,Lisa Cole,Tech Lead,Product,"Winters, Myers and Villanueva","couple,environment,final","kitchen,imagine",2024-11-20,2025-01-07,DOCX,Portuguese,35,512,2,frontend-core,CoreAPI,v1.6,Deprecated,Internal,True,Heather Burnett,3.2,95.7,423,4456,570,120,"DOC-004570,DOC-003853",False,text-embedding-3-small,2025-01-10,False
DOC-006225,Myself former bit hour white push,Nor important will soon notice policy.,However man push should. No employee perform rest field relate. Here spend eat great bring require individual. Blood election professor west return physical. Bank south exactly enjoy type star. Total organization sense safe.,DevOps,Authentication,Go,Next.js,PostgreSQL,Advanced,Deborah Frey,Frontend Engineer,Security,Robinson-Watkins,"site,develop,investment","role,particularly",2024-05-13,2024-07-02,MD,French,14,1934,7,mobile-app,SecureAuth,v1.0,Under Review,Secret,True,Kristen Garcia,3.7,89.7,257,5643,962,63,"DOC-008828,DOC-007260",False,text-embedding-3-small,2024-07-24,False
DOC-001859,Consumer young begin service really,May game push first under PM yes.,Environmental simply national century. Where several present trade who. Machine off national shake but. Loss if serious fast. Life loss store should smile style. Trouble key something expert another opportunity perform.,Security,Microservices,Java,Django,PostgreSQL,Intermediate,Tammy Shields,Frontend Engineer,QA,"Lee, Williams and Paul","single,fall,economic","ok,will",2024-07-31,2024-10-29,HTML,English,33,4372,17,frontend-core,TechMind,v1.0,Under Review,Restricted,False,,3.4,76.7,810,5435,868,116,"DOC-001475,DOC-000106",False,e5-large-v2,2024-11-03,True
DOC-009647,Always ever field result he fund,Parent science important into material second.,Heavy fact office develop. Go heavy stage single. Task how play north activity better cup memory. Agree big wife without. Get coach alone soon center last those though. Huge race pick break full spring not. Wrong drop rise product evening imagine.,DevOps,Microservices,Java,Next.js,MongoDB,Advanced,Tammy Stephens,Backend Developer,QA,Jacobs LLC,"address,say,suffer","relationship,image",2024-03-06,2024-06-06,DOCX,Portuguese,26,7653,30,backend-services,AiPlatform,v3.8,Archived,Internal,False,,4.0,65.8,189,13661,168,26,"DOC-003836,DOC-005635",True,all-MiniLM-L6-v2,2024-06-23,True
DOC-007937,Big home campaign,Nation stage source beyond between moment understand science.,Responsibility professor cold music suggest son. Economy skill try while heavy decision. Response truth certainly either. Difficult skin whose per. Level of defense writer anything. Necessary nearly stock bill his enjoy reduce actually.,Cloud,CI/CD,Go,Express,MongoDB,Intermediate,Taylor Mejia DDS,Security Specialist,Product,"Ward, Wilson and Washington","interest,term,computer","research,watch",2024-06-19,2024-09-22,DOCX,French,24,1169,4,data-pipeline,DataHub,v1.8,Deprecated,Secret,True,Sara Solis,3.8,55.4,1623,1554,242,54,"DOC-000081,DOC-001776",True,bge-small-en-v1.5,2024-10-13,True
DOC-002796,Involve resource generation,Next argue among dog red paper. Manager break yeah force month time Mrs.,Hundred bill ever company. Identify probably successful management term member animal. Week kid language quickly assume. Feeling join remember suffer improve computer activity would. Pattern compare happen. Bar month year. Energy might different design step past. Room stand dark security ask.,AI/ML,Authentication,TypeScript,FastAPI,Docker,Intermediate,Brian Stafford,Tech Lead,Security,Duke LLC,"against,student,need","him,time",2024-08-18,2024-09-10,MD,Portuguese,5,4080,16,frontend-core,CloudScale,v1.2,Archived,Restricted,True,Michael Armstrong DDS,3.7,60.4,1413,8225,342,80,"DOC-007437,DOC-008614",False,e5-large-v2,2024-10-06,True
DOC-001196,Trip free institution,Form generation improve sea group mention participant body. Subject such political career goal edge officer.,Our about what individual. Than kitchen individual need body where item huge. Base much other bring brother many I. Role production type art. Senior from south walk face total data. Hand officer relate election pay.,Cloud,Authentication,SQL,Express,Kafka,Advanced,Robert Brooks,Frontend Engineer,Data Science,Pugh-Peterson,"prove,wear,present","generation,expert",2024-11-11,2025-02-15,PDF,French,15,6535,26,frontend-core,TechMind,v3.7,Archived,Restricted,False,,4.7,61.6,253,5202,627,23,"DOC-000491,DOC-004806",False,e5-large-v2,2025-03-05,True
DOC-002524,Hour laugh wonder without despite door,Occur pick series after us money describe item.,Do wrong focus establish level. Market ever remember worker level. Person behind fund design many up. Family perform rather land. Yes check yet such want somebody.,Security,Authentication,SQL,Next.js,Docker,Advanced,Katherine Gonzalez,DevOps Architect,Product,Fernandez LLC,"like,standard,society","owner,sort",2024-12-07,2025-02-14,HTML,Portuguese,14,1267,5,frontend-core,DataHub,v2.1,Draft,Internal,False,,4.9,21.1,1623,10813,580,13,"DOC-004347,DOC-005258",True,all-MiniLM-L6-v2,2025-02-23,False
DOC-006372,List cup this work,Great wind agent those town. Week blood manage goal drug.,Suffer final about suggest well join whose that. Four manage truth space quality force wide. Already item break right forward prepare school. Director now product office use answer economic.,Mobile,Authentication,JavaScript,Spring Boot,MongoDB,Intermediate,Michael Moore,DevOps Architect,Security,Gallegos LLC,"program,source,next","structure,learn",2024-12-16,2025-02-01,DOCX,English,8,7206,28,cloud-infra,SecureAuth,v3.1,Approved,Restricted,True,Amanda Hernandez,3.7,86.6,1491,798,913,133,"DOC-004915,DOC-006229",False,all-MiniLM-L6-v2,2025-02-25,True
DOC-004463,Law rich next figure,Recent he action. Training sense face month enough where.,Sit effort these candidate national just require. Because item occur political. Kind choice inside six man center health. Final hundred increase science imagine pick while among. Recognize yet attention answer pressure.,AI/ML,Authentication,Python,FastAPI,MongoDB,Intermediate,Wendy Rosales,Tech Lead,Data Science,Hunter Inc,"smile,body,their","option,cold",2024-10-03,2024-11-21,MD,French,24,969,3,frontend-core,TechMind,v1.0,Deprecated,Secret,True,Kristen Jenkins,4.7,55.9,1850,7164,898,55,"DOC-006736,DOC-000002",False,text-embedding-3-small,2024-12-05,True
DOC-004900,Across house step establish quite mention,Experience quite show deal area pay consider.,Entire stuff not customer old voice property indicate. Dark notice group gas. President fire international thought. Doctor defense discover affect sign sometimes.,Backend,APIs,Java,Next.js,AWS,Beginner,Jennifer Moreno,Security Specialist,Product,"Meyers, Levy and Cruz","wonder,run,light","light,before",2024-02-12,2024-04-26,TXT,Portuguese,26,2442,9,data-pipeline,TechMind,v2.0,Archived,Restricted,True,Logan Anderson,4.5,47.6,1393,10351,9,25,"DOC-003082,DOC-007132",False,bge-small-en-v1.5,2024-05-10,True
DOC-005149,Blood prove accept later,Either baby bar lawyer lead.,Eat quite sure. Everything subject focus play focus cost use let. Media national ability debate present conference air. Give exist tree campaign soon well they. Save responsibility organization quality difference themselves.,Backend,Testing,JavaScript,FastAPI,Kubernetes,Beginner,Diana Morris,Backend Developer,Product,Ortiz Group,"imagine,east,since","really,event",2024-11-02,2024-11-04,HTML,English,11,1059,4,auth-api,SecureAuth,v2.8,Archived,Internal,False,,4.5,55.7,61,8065,718,48,"DOC-009985,DOC-009946",False,text-embedding-3-small,2024-11-22,True
DOC-008564,Security feeling national discuss,Onto particularly fall result each nation. Success pull tonight stock music source among.,Again citizen least public increase defense. Stock whether mention staff suddenly we. Add claim guess watch brother book. Parent TV seem lawyer fight oil.,Data Engineering,UI/UX,Java,Express,Docker,Beginner,Edward Martin,Data Engineer,Security,Salinas Group,"assume,officer,budget","he,suffer",2024-08-16,2024-08-27,DOCX,Portuguese,35,3911,15,data-pipeline,SecureAuth,v3.2,Under Review,Restricted,False,,3.8,61.8,975,387,492,49,"DOC-000627,DOC-005274",False,bge-small-en-v1.5,2024-09-03,True
DOC-005733,Hour politics sister seem business,Anything bill other free.,Long attention manage. Support want audience weight wide yet. Sort anything table lot born. Usually much relate summer trial personal senior. Series wife bill join. Lead next customer always protect.,DevOps,APIs,JavaScript,React,Redis,Expert,Katrina Williams,Tech Lead,Engineering,Curry-Andrade,"while,dream,score","door,owner",2024-08-17,2024-09-27,HTML,Spanish,19,1380,5,cloud-infra,SecureAuth,v3.2,Under Review,Restricted,True,Stephanie Rogers,4.5,20.8,1116,14832,672,52,"DOC-006761,DOC-009982",False,all-MiniLM-L6-v2,2024-10-01,True
DOC-001579,Check success assume,Maintain picture great tough staff or bring. Bring goal can about.,Design same produce discussion defense owner couple sense. Every perform throw woman. Sell position form son apply around. Home him back heart dark food. Radio visit top wide.,Backend,CI/CD,JavaScript,Next.js,Kafka,Expert,April Sandoval,Frontend Engineer,Infrastructure,Woods-Smith,"new,night,car","meet,along",2024-07-15,2024-10-12,HTML,Spanish,30,4408,17,cloud-infra,TechMind,v2.2,Under Review,Secret,False,,3.1,91.7,1907,3728,859,41,"DOC-003660,DOC-006126",False,all-MiniLM-L6-v2,2024-11-06,True
DOC-002034,Fast maintain material me high,Even human stand force physical your. The media land truth information ok direction.,Commercial write term hear store. Which admit send those cultural. Husband take weight wide today hair any bad. Foreign age impact then her. Amount sing specific score financial. Red federal this. Cost which including of.,Data Engineering,UI/UX,Rust,React,Kubernetes,Advanced,Lauren Khan,Data Engineer,Data Science,Norris-Sullivan,"human,deal,soldier","medical,mention",2024-03-30,2024-06-12,MD,French,22,2437,9,frontend-core,DataHub,v2.4,Deprecated,Secret,True,Kendra Baker,4.0,92.8,1394,1124,174,117,"DOC-006248,DOC-000034",True,e5-large-v2,2024-07-07,True
DOC-007722,Wear sea enter interview most much,Base executive make meeting. Boy stop eat act value least call.,Hour treat bank during. Respond land worry radio great. Voice offer yes catch give mission.,DevOps,Testing,TypeScript,React,Kafka,Intermediate,Lucas Mcdonald,Frontend Engineer,Infrastructure,"Martin, Brown and Jackson","determine,fly,defense","board,wind",2024-04-01,2024-04-16,HTML,Portuguese,19,1061,4,auth-api,CoreAPI,v1.0,Approved,Public,True,Tamara Mueller,4.2,75.7,233,856,59,90,"DOC-001281,DOC-009438",False,text-embedding-3-small,2024-05-15,True
DOC-005905,Rest door collection,Police daughter couple number. Because benefit end parent focus strong better.,Argue gun seem site possible safe young certain. Actually billion huge rock. Interesting bed company blue girl. Recently upon traditional cup Mrs animal. Source his individual leg thought hundred investment.,Mobile,CI/CD,Rust,Next.js,MongoDB,Advanced,Jason Huynh,Tech Lead,QA,Fisher-Edwards,"boy,everything,exist","full,carry",2024-11-29,2025-02-10,PDF,English,5,6568,26,cloud-infra,AiPlatform,v1.6,Deprecated,Public,False,,3.9,85.6,162,10005,553,4,"DOC-000968,DOC-004497",False,all-MiniLM-L6-v2,2025-02-13,True
DOC-000453,Upon family pretty over you financial,Identify ever work nothing because without world. Stop common study seven job.,Provide deal kid film other middle find. Mission floor action PM. Near area development save resource. Manage sister subject company. Second yard scene dark as major spring. Tonight speech room resource. Anyone almost cell study budget production structure.,Frontend,CI/CD,C#,Vue.js,Redis,Intermediate,Rebecca Henson,DevOps Architect,Product,Watkins Group,"west,present,begin","ahead,always",2024-11-16,2024-12-05,PDF,French,31,2758,11,auth-api,CoreAPI,v2.5,Draft,Internal,True,Rodney Lee,4.0,56.5,476,13143,350,77,"DOC-003934,DOC-009949",True,text-embedding-3-small,2024-12-06,False
DOC-005531,Number measure land whole pretty stuff,Outside generation money case.,Summer action window care. Seek certain would country scientist. Travel lay option cover night ever. Share part present similar exactly stay. Kid determine strong low up open decide true. Specific lose customer simply. North hotel control large. Which risk treat pull.,Cloud,Testing,JavaScript,FastAPI,Redis,Beginner,Hannah Wolf,Security Specialist,Data Science,Mack Group,"coach,stop,part","number,nearly",2024-09-23,2024-11-13,PDF,Portuguese,19,7358,29,mobile-app,CloudScale,v2.9,Draft,Public,False,,4.6,52.2,1611,14432,644,57,"DOC-008559,DOC-008487",False,all-MiniLM-L6-v2,2024-11-26,True
DOC-007463,Through inside yard,School no that second foot police.,Open meeting author seven above start share discuss. Group should main where like social especially. Particular administration enough someone point resource network. Region miss subject weight rule. Trade major tough young rather. Ask brother city leg build wish. Surface hundred candidate hundred hot then middle miss.,Backend,APIs,Go,Flutter,GraphQL,Beginner,Benjamin Huffman,Data Engineer,Infrastructure,Murray-Walker,"make,president,clearly","record,always",2024-12-05,2025-02-27,DOCX,Portuguese,30,2585,10,data-pipeline,TechMind,v2.7,Draft,Public,True,Dennis Goodwin,4.6,30.6,1129,7167,695,3,"DOC-009908,DOC-001539",True,bge-small-en-v1.5,2025-03-24,True
DOC-007352,Debate white of paper small decide,Similar board only street civil.,Voice interest notice firm hard more will. Also join air later. Little entire start color sound. Fall blue attack. Suffer total security local. Place offer across step shoulder degree. Laugh hospital mother out discussion at teach.,Cloud,APIs,TypeScript,Express,Kafka,Intermediate,Dawn Gray,DevOps Architect,Engineering,Berg Ltd,"necessary,work,then","half,fund",2025-02-02,2025-03-26,HTML,English,38,6668,26,auth-api,AiPlatform,v3.6,Deprecated,Internal,True,Kelly Montes,3.7,41.9,53,1996,256,134,"DOC-008816,DOC-008414",False,all-MiniLM-L6-v2,2025-04-02,True
DOC-004982,Yard sport since environment,Offer between subject you sign near mother.,Detail may wear top move home behavior himself. Later act large fire. Cell election trip guess everyone team.,Security,CI/CD,Java,Express,GraphQL,Beginner,Jocelyn Scott,Security Specialist,QA,"Odom, Meadows and Carrillo","reveal,style,tree","car,daughter",2025-01-15,2025-02-05,HTML,French,7,2157,8,data-pipeline,AiPlatform,v3.7,Deprecated,Restricted,False,,3.4,80.0,370,13175,833,58,"DOC-005980,DOC-001515",True,bge-small-en-v1.5,2025-02-09,True
DOC-004150,Like beyond peace indeed,Present hold have himself himself attention. Rate mind interview role painting.,Political want note. Go section hit teach company nation system. Democrat such do friend many south. Baby article against decade become happy impact. Difference those often responsibility. Great beat as cut. Change same democratic spring.,DevOps,CI/CD,JavaScript,Django,Kafka,Advanced,Scott Price,Data Engineer,Data Science,Combs Group,"interview,class,sometimes","consumer,include",2024-07-27,2024-10-18,TXT,English,36,6238,24,cloud-infra,CloudScale,v3.8,Under Review,Internal,True,Beth Long,3.7,72.5,1557,9170,447,98,"DOC-000323,DOC-003002",False,bge-small-en-v1.5,2024-11-12,True
DOC-006591,Adult story scientist,Always week nice performance clear now.,Network force issue whom truth detail score. Market measure raise institution truth travel. Personal hair water identify fish matter. Down administration friend second those however throughout. Guess view far role drive.,Frontend,Microservices,Go,Next.js,AWS,Intermediate,Julia Rubio DDS,Backend Developer,Infrastructure,Gardner-White,"focus,religious,above","from,one",2024-07-06,2024-09-10,TXT,French,21,1135,4,data-pipeline,SecureAuth,v1.8,Approved,Secret,False,,4.9,92.4,1211,10012,322,20,"DOC-003970,DOC-006384",False,e5-large-v2,2024-09-15,True
DOC-000982,Measure follow my late reflect successful,Sport movement out event shake edge old. Successful outside ago simple around than whose and.,Film senior decision thought show. Team between away population range activity both. Claim firm long. Guess attack power money.,Data Engineering,APIs,Java,Next.js,Kubernetes,Intermediate,Amanda Henderson,Data Engineer,QA,"Benitez, Woodward and Rodriguez","necessary,up,service","unit,goal",2024-07-06,2024-07-09,HTML,Spanish,15,3154,12,backend-services,TechMind,v3.9,Under Review,Public,True,Tiffany Gilbert,4.8,52.1,59,2789,828,121,"DOC-008454,DOC-003007",False,text-embedding-3-small,2024-08-07,True
DOC-001049,Measure environmental fire hand serious,Just authority relate director. Effect follow someone per fast teacher.,Expert couple war accept. His shake not then college pretty. Those begin friend know better wide six.,Cloud,LLMs,Java,Spring Boot,Kubernetes,Advanced,Chelsea Fox,Tech Lead,Infrastructure,Cook LLC,"crime,speech,knowledge","color,soon",2024-06-11,2024-07-22,PDF,English,5,3095,12,cloud-infra,CoreAPI,v2.3,Draft,Internal,False,,4.8,96.2,1740,2056,380,119,"DOC-001317,DOC-008663",False,bge-small-en-v1.5,2024-07-31,True
DOC-008330,Blue exist risk modern would long,Major true hold season change production director.,Look rest over American near power president. Myself eye yourself camera. Subject not suddenly much image attack citizen. Discussion tree student material view. Outside decade wonder a hair. Write interest claim phone.,Backend,Microservices,TypeScript,Express,GraphQL,Expert,Travis Ayala,Data Engineer,Engineering,Foley Group,"worry,east,economic","bad,move",2024-05-01,2024-07-19,TXT,French,36,1350,5,backend-services,CoreAPI,v2.7,Approved,Restricted,False,,3.5,81.5,1762,13509,223,130,"DOC-007409,DOC-002530",True,bge-small-en-v1.5,2024-07-23,False
DOC-005030,Arrive paper face enough someone of,Inside rich ahead now she site water.,Sense picture board. Age make adult art back maybe piece include. Mean listen avoid design audience after commercial television. Low Democrat common sometimes determine above. Rise get behavior quickly political rest. Seat address operation other despite whose while. Stock hundred article table. Ready capital fill black.,Security,Microservices,JavaScript,FastAPI,Docker,Expert,Aimee Robinson,Tech Lead,Product,"Mccann, Sosa and Simpson","public,road,court","language,per",2024-07-15,2024-09-13,TXT,Spanish,34,6447,25,cloud-infra,CoreAPI,v3.0,Draft,Internal,True,Dr. Brenda Barber PhD,4.6,96.7,1970,8466,917,87,"DOC-005899,DOC-004334",True,bge-small-en-v1.5,2024-09-14,True
DOC-004674,Age evening term mind,Science process oil game head against. Movement end population how staff price.,Idea key throughout challenge consider special. Continue way Mrs. First group man them nation. First quality standard fear fall government piece.,Frontend,UI/UX,TypeScript,Next.js,Kafka,Advanced,Taylor Torres,Tech Lead,QA,Stephens LLC,"police,bed,imagine","wide,strategy",2024-03-18,2024-04-05,PDF,Portuguese,9,7472,29,data-pipeline,AiPlatform,v1.6,Approved,Internal,False,,4.9,44.4,1964,10398,707,14,"DOC-007376,DOC-000760",False,all-MiniLM-L6-v2,2024-04-15,False
DOC-006976,Radio keep movie blue point establish,Five health PM official. Down nice style season for.,Strong I establish head general road. State suddenly laugh. Stock road successful choice appear.,Frontend,Databases,SQL,FastAPI,Redis,Expert,Jennifer Johnson,Security Specialist,QA,Dillon-Barnes,"involve,success,bit","morning,throw",2024-11-11,2024-11-12,DOCX,Spanish,3,4990,19,cloud-infra,CoreAPI,v1.6,Approved,Restricted,False,,3.1,48.7,1042,6651,758,105,"DOC-008177,DOC-008714",True,text-embedding-3-small,2024-11-28,True
DOC-001327,Threat measure of born theory difference,Painting democratic his build. Others person book item everybody.,Think house majority. Name cut necessary long less money likely but. Property themselves else sure. Between beat process each. Whether history government concern one for.,Mobile,Databases,SQL,Django,GraphQL,Expert,Samantha Baker,Frontend Engineer,Infrastructure,Hughes-Ayala,"together,professional,beat","sometimes,citizen",2024-05-11,2024-07-16,PDF,Spanish,34,1818,7,frontend-core,DataHub,v3.3,Archived,Internal,False,,3.5,59.8,640,7701,520,87,"DOC-008290,DOC-008680",False,e5-large-v2,2024-07-17,False
DOC-002976,Prove member have,Eight strong nor how baby.,Would community herself. Including theory describe kind. During simple sometimes house age receive. Agree relationship by. Impact risk past investment value control kid. Skill use financial someone south or management. Job leave investment available foreign total else.,Frontend,LLMs,JavaScript,Flutter,Redis,Advanced,Ernest Cordova,Security Specialist,Security,"Scott, Flowers and Mendoza","few,within,whether","ok,analysis",2024-04-07,2024-04-22,HTML,Portuguese,36,2161,8,mobile-app,SecureAuth,v2.1,Deprecated,Public,False,,3.6,69.1,744,1921,414,98,"DOC-007877,DOC-009453",False,bge-small-en-v1.5,2024-05-12,True
DOC-007559,Side debate network,Tax memory seek.,Later behind option laugh. Eight leader beautiful future or include subject. Then east market throughout theory scientist. Half hit physical.,Cloud,Microservices,Python,Spring Boot,AWS,Expert,Cynthia Davis,Data Engineer,Security,"Cruz, Perez and Jackson","fund,many,catch","middle,product",2024-06-02,2024-06-23,HTML,Portuguese,11,3971,15,data-pipeline,TechMind,v1.9,Draft,Secret,True,Carl Orr,4.5,92.6,493,11527,657,146,"DOC-000246,DOC-008291",True,text-embedding-3-small,2024-06-28,True
DOC-001838,Special radio agree,Plant which get food account.,Same machine sport human floor cold. Left feeling beyond. Sort the president pass eight impact story team. Cover president individual young read edge return. Democrat could land stock others music. Drug medical tough prevent decide begin vote. Gun hope different fast blue hundred.,AI/ML,UI/UX,Python,React,Docker,Expert,Ruth Bailey,Frontend Engineer,Product,Garcia-Harris,"why,every,share","wrong,party",2025-01-24,2025-04-22,TXT,French,12,4466,17,auth-api,AiPlatform,v3.3,Deprecated,Secret,True,Bradley Austin,4.1,75.3,1988,9710,694,94,"DOC-006366,DOC-008554",True,e5-large-v2,2025-05-07,True
DOC-009244,My simple reason,Foreign her because usually outside night dinner.,Language from main apply professor prevent goal. Him face article many two couple. Professor picture coach action scientist common. As part receive rock notice the. Eye collection industry sell.,Mobile,CI/CD,Rust,Django,Docker,Expert,Laura Patton,Security Specialist,QA,Snyder-Herrera,"room,policy,produce","appear,pattern",2025-01-08,2025-02-24,PDF,French,34,6641,26,data-pipeline,AiPlatform,v2.2,Deprecated,Internal,False,,3.1,40.1,1191,6579,70,146,"DOC-006058,DOC-007959",True,text-embedding-3-small,2025-03-10,False
DOC-005394,Particularly author high,When add health as main.,Ten player sport teach doctor. Example nor word ask the allow. Tv wife apply. Identify suddenly through get information peace.,Backend,Databases,SQL,Express,Docker,Intermediate,Richard Anderson,Security Specialist,Product,Haynes-Castro,"thing,day,majority","television,figure",2024-07-03,2024-08-08,PDF,French,28,4416,17,data-pipeline,AiPlatform,v1.8,Archived,Restricted,False,,4.1,90.1,1711,13337,716,28,"DOC-000824,DOC-005573",False,e5-large-v2,2024-09-06,True
DOC-003464,Stuff end factor back,Raise generation agent cell charge information ten material. Marriage themselves truth.,Air pick Mrs science network worker. Expert last choose hard wall senior. Cause national its fact wait left. Administration finally magazine serious what claim. Citizen teacher society threat.,Cloud,LLMs,C#,Spring Boot,Docker,Advanced,Danielle Gray,DevOps Architect,Engineering,"Zavala, Hernandez and Miller","we,land,walk","effort,seem",2024-07-17,2024-09-06,TXT,English,40,4688,18,mobile-app,CoreAPI,v3.8,Archived,Restricted,True,Patricia Rogers,4.6,54.8,1034,1745,959,84,"DOC-005365,DOC-008577",True,text-embedding-3-small,2024-09-19,False
DOC-003390,Maybe toward lot,Challenge though behavior light specific space.,Option official interesting seem. Enter improve myself. Mr reach organization boy figure heart. Suffer head course source. Occur beat friend outside different same. Foreign everybody artist skin current.,Cloud,Microservices,Rust,React,PostgreSQL,Expert,Xavier Mckee,Frontend Engineer,Security,Williams Ltd,"finish,why,budget","project,project",2024-02-26,2024-04-20,PDF,Portuguese,21,4167,16,cloud-infra,DataHub,v2.0,Under Review,Public,True,Jessica Cruz,3.2,59.4,1785,4937,780,94,"DOC-009310,DOC-004622",True,text-embedding-3-small,2024-04-25,True
DOC-007902,Focus determine stand,Individual direction history chair. Feeling fund someone answer.,Worker than fine actually easy issue. Growth point add industry. Father expert speech nation. Drug turn set Democrat power. Thank key military friend seem current. Heavy sing account similar within democratic imagine show. Energy future account as.,Mobile,Databases,Java,Django,AWS,Expert,Maria Anderson,DevOps Architect,Data Science,"Moore, Small and Franklin","personal,reflect,sure","walk,according",2024-11-19,2025-01-17,MD,Portuguese,40,3072,12,data-pipeline,AiPlatform,v2.2,Deprecated,Public,False,,4.3,87.8,1791,11792,164,10,"DOC-007870,DOC-007349",True,bge-small-en-v1.5,2025-02-12,False
DOC-008089,Push thousand great must attack,Matter forget option during physical store against.,Somebody focus clear truth hotel. Remember respond doctor successful career but argue. Catch investment federal bill of. Return blood each century of remain. Along individual hold professional tell baby. Policy might development near.,DevOps,Microservices,TypeScript,Django,Kafka,Intermediate,Mr. Christopher Stewart,Frontend Engineer,Infrastructure,Young-Fleming,"image,trade,believe","least,child",2024-07-01,2024-07-07,DOCX,English,20,2839,11,cloud-infra,DataHub,v1.3,Deprecated,Restricted,True,Jeffrey Dunlap,4.0,52.8,115,9322,108,38,"DOC-003546,DOC-005423",True,text-embedding-3-small,2024-07-30,True
DOC-009629,Film successful product,Say candidate nature fact side third.,Process early grow personal. International mother deep pick meeting although. Reality deal majority concern mention. Land hospital foot.,Frontend,UI/UX,C#,React,Docker,Expert,Jeff Mathis,Data Engineer,Infrastructure,Jennings-Adams,"your,card,staff","phone,whether",2024-04-02,2024-07-05,PDF,Spanish,26,2597,10,backend-services,DataHub,v3.0,Under Review,Public,False,,3.3,47.8,720,14485,308,141,"DOC-007753,DOC-007019",False,e5-large-v2,2024-07-29,False
DOC-000538,However community finish evening,Ten everyone lose including analysis line least.,Subject leader future memory. With claim control process set assume goal. Fill world different summer. Hour step like. Protect computer best. Allow unit usually. Argue institution student although ground.,Cloud,UI/UX,C#,Express,Kafka,Expert,Amber Curtis,Frontend Engineer,Data Science,Smith-Lynch,"be,look,believe","table,individual",2025-01-25,2025-03-26,MD,French,26,4347,17,mobile-app,DataHub,v1.0,Archived,Secret,False,,4.4,54.4,1840,5679,465,138,"DOC-002871,DOC-003209",True,bge-small-en-v1.5,2025-04-18,True
DOC-008253,Matter around lawyer eight,Radio major receive positive heavy.,One quite quickly natural on. Air in customer probably. Again choice mind Democrat. Law kitchen certain travel compare. Event many past case ten brother. The media attention simple finish expect food second.,Security,LLMs,C#,Spring Boot,Docker,Advanced,Michele Underwood,Tech Lead,Infrastructure,Ramirez-Richards,"black,article,per","treatment,pressure",2024-07-11,2024-08-03,TXT,English,16,6680,26,data-pipeline,SecureAuth,v1.9,Approved,Internal,True,Shane Gibson,3.9,58.6,1461,6236,207,145,"DOC-006983,DOC-001004",False,bge-small-en-v1.5,2024-08-16,True
DOC-007658,Successful several here those drop situation,Assume various theory director.,Story actually follow different determine. Participant other future western sound. Economy himself ready rule manager themselves. Be pattern score and serious manage.,AI/ML,Testing,Java,Express,GraphQL,Advanced,Michelle Cruz,Tech Lead,Product,Wright and Sons,"never,perhaps,manager","smile,hundred",2024-12-10,2025-01-17,MD,Spanish,13,6775,27,data-pipeline,CloudScale,v3.9,Deprecated,Restricted,False,,4.1,46.2,1127,4810,373,0,"DOC-000105,DOC-006191",False,all-MiniLM-L6-v2,2025-02-10,True
DOC-005723,Their great possible history could trip,Fill rich each eye how group maintain.,Write story beat arm hospital make. Condition green view generation coach road investment. Listen chance commercial next art. Whose bed tax mother drop thought. Plant teach side assume fall because.,DevOps,UI/UX,Python,Next.js,Docker,Intermediate,Denise Mcbride,DevOps Architect,QA,Page-Bates,"network,drug,hotel","choice,prove",2024-08-01,2024-11-03,HTML,Spanish,38,882,3,backend-services,TechMind,v3.9,Draft,Secret,False,,4.4,71.7,1774,5566,280,50,"DOC-009687,DOC-002505",True,e5-large-v2,2024-12-02,True
DOC-006489,Action ago management story,From condition election beyond become.,Share state son travel. Specific this perform trouble model human prevent. Go down quite treatment behind agent. Kid despite study west choice by star. Head fund back answer leg.,Mobile,APIs,SQL,Express,PostgreSQL,Intermediate,Kevin Ford,Tech Lead,Engineering,Walker LLC,"through,door,Congress","sort,policy",2024-07-24,2024-08-02,PDF,English,12,2463,9,frontend-core,SecureAuth,v1.0,Deprecated,Public,True,Diane Ramsey,3.8,66.9,777,4411,144,115,"DOC-002897,DOC-004494",False,bge-small-en-v1.5,2024-08-03,True
DOC-000703,Understand fish security,Office example national win computer small some enter. Share investment need board how world theory floor.,Behavior dinner set conference. Common country outside quite follow person sound. Occur bring both page. Grow policy fly father fear. Participant join avoid thing hour painting attorney more. According large early travel painting. History store save make deal firm.,Security,Microservices,C#,React,Kafka,Expert,Donna Thompson,Frontend Engineer,QA,"Harrison, Kelley and Roberts","generation,store,single","your,ahead",2024-12-21,2025-01-14,HTML,English,38,2982,11,data-pipeline,TechMind,v3.3,Draft,Internal,True,Robert Brown DDS,3.6,90.0,459,13548,879,72,"DOC-008774,DOC-002424",True,all-MiniLM-L6-v2,2025-01-20,False
DOC-004522,Share they choice,Worker return much food contain edge. Similar change speech two appear.,Receive why window. Example oil small top human available. Blue health pretty rise. Situation same parent read course contain week.,Cloud,APIs,JavaScript,Express,Kafka,Intermediate,James Mills,Security Specialist,QA,Flores Inc,"structure,plan,then","avoid,leave",2024-11-01,2025-01-03,HTML,English,11,4055,16,mobile-app,SecureAuth,v3.4,Under Review,Public,False,,4.8,21.2,665,11180,408,8,"DOC-009744,DOC-002535",False,bge-small-en-v1.5,2025-01-07,True
DOC-004491,Maybe matter wait medical,Find health clearly attention open natural. Thousand say third charge.,Bed itself police. Foot oil truth tell. Material reflect could sea heavy entire factor. Recently example true still politics.,Mobile,Microservices,Go,Django,MongoDB,Advanced,Nancy Burns,Tech Lead,Product,"Allen, Li and Robinson","process,force,write","but,body",2024-07-01,2024-07-17,HTML,Portuguese,40,3230,12,data-pipeline,AiPlatform,v3.5,Approved,Internal,False,,3.7,73.6,657,6084,411,14,"DOC-001043,DOC-009763",True,e5-large-v2,2024-08-07,True
DOC-002722,Dog decide week understand,Often young that imagine reduce long with.,Table interest thought talk point stock. Good oil few reflect. High wonder across seven throw possible.,Backend,CI/CD,Python,Django,AWS,Intermediate,Christopher Hampton,Data Engineer,Data Science,Johnson LLC,"include,claim,hold","whom,back",2024-09-01,2024-10-09,PDF,Portuguese,16,4111,16,cloud-infra,CoreAPI,v3.3,Archived,Public,False,,4.0,67.8,218,4321,982,38,"DOC-007748,DOC-003988",False,text-embedding-3-small,2024-10-25,False
DOC-004088,Bar drug recognize actually,Big possible table manager whatever seem.,History hot boy respond. Democratic area you cover they. Result local style war attack see. Degree sign technology wrong available. Line once statement however.,DevOps,UI/UX,Go,Express,Kubernetes,Beginner,Victoria Spencer,DevOps Architect,Data Science,Pham and Sons,"finish,report,spend","matter,worker",2024-12-25,2025-02-06,TXT,Portuguese,36,3865,15,mobile-app,CoreAPI,v3.0,Deprecated,Secret,True,Samantha James,3.5,93.6,1089,10398,283,50,"DOC-007760,DOC-000827",False,e5-large-v2,2025-02-13,True
DOC-007343,House pressure support wish,Positive sure scene drop.,Politics study medical off lead true ability. Once interesting learn network alone. Party day course education chance American. Heavy age nothing hair laugh reveal politics guy. Six still charge little first during of ground. Fire easy despite.,Cloud,LLMs,JavaScript,Express,PostgreSQL,Beginner,Samantha Clark,Tech Lead,Data Science,"Burke, Thomas and Roberts","control,allow,possible","drug,common",2024-04-08,2024-06-21,PDF,French,31,883,3,auth-api,SecureAuth,v3.6,Draft,Public,True,Steven Garcia,4.4,73.7,1074,14626,708,35,"DOC-002484,DOC-009144",False,bge-small-en-v1.5,2024-07-06,False
DOC-005182,Whose performance nearly,Including threat probably appear.,Huge pressure spend attention drug shake strong. Power activity black eat system. My old rule wide whom name. Fact manager study book participant best.,Security,Testing,Java,React,Kafka,Expert,Christie Owens,Backend Developer,Security,Ramirez-Preston,"offer,identify,add","significant,federal",2024-11-08,2025-01-31,PDF,English,28,7898,31,auth-api,CoreAPI,v3.3,Under Review,Internal,False,,3.5,54.9,1968,823,547,146,"DOC-007675,DOC-001281",True,bge-small-en-v1.5,2025-02-13,False
DOC-001390,Type say pull doctor control model,Whose again effort college easy. Already heavy respond activity employee more sometimes.,Process ago participant news candidate politics fly. Mind door present land world. Any our question heart instead simply. Table second plant third seem as. Return else after see set now win. Table different yard sit low relationship consumer. See people evening pull question animal.,Data Engineering,Authentication,Python,FastAPI,Redis,Intermediate,Eric Perkins,Tech Lead,Product,Alvarez Group,"focus,position,hair","structure,foot",2024-04-25,2024-06-09,DOCX,Spanish,20,584,2,frontend-core,TechMind,v2.5,Under Review,Secret,True,Victor Hudson,3.5,20.9,133,11582,96,11,"DOC-006923,DOC-008422",False,bge-small-en-v1.5,2024-07-09,True
DOC-005889,Machine federal moment bill image out,Camera guess road suddenly state much.,Send whose which year lay need. Receive cultural name. Beyond support player see total person. Election option someone. Even he production. Crime hot able attorney. Maintain recent factor someone single. Need sport teach bit far assume his similar.,Security,Microservices,SQL,Spring Boot,MongoDB,Beginner,Jaime Williams,Backend Developer,Engineering,"Cox, Smith and Johnson","apply,sound,during","necessary,brother",2024-12-31,2025-03-14,DOCX,French,37,6113,24,auth-api,TechMind,v3.7,Under Review,Secret,True,Julia Garcia,4.1,49.8,172,3639,557,98,"DOC-000701,DOC-009479",False,text-embedding-3-small,2025-04-03,True
DOC-001774,Until treatment six sing everyone stop,Board might sit early case assume benefit. Sister police different.,Environmental recent low house former. Play rest fire child under into single positive. Could page also toward sure rock. Environmental half reduce according parent throughout deep some.,Mobile,Microservices,JavaScript,Next.js,GraphQL,Advanced,Travis Duncan,Data Engineer,Product,Clark-Watkins,"our,ever,age","one,already",2024-10-06,2024-12-03,PDF,Spanish,23,1063,4,cloud-infra,CloudScale,v3.6,Deprecated,Secret,False,,4.1,69.9,714,117,683,28,"DOC-007269,DOC-007168",True,all-MiniLM-L6-v2,2024-12-28,True
DOC-001667,Team former speak green physical,Order analysis name line.,Tell someone senior bad service. Assume establish good sing fly develop choose. Various we memory pressure side attack. Best language miss find.,Security,Testing,JavaScript,Express,PostgreSQL,Advanced,Michael Chapman,Tech Lead,Engineering,Rich LLC,"voice,late,gas","talk,open",2024-03-26,2024-05-26,HTML,French,23,6985,27,data-pipeline,DataHub,v1.3,Archived,Restricted,False,,4.9,48.6,677,1982,822,23,"DOC-009469,DOC-008836",True,bge-small-en-v1.5,2024-06-12,False
DOC-002856,Foreign left his,Leader soldier threat seven wife beautiful half food.,Stay trouble his rather. Respond whose only glass degree. Billion data alone entire education. Knowledge majority occur home woman growth significant. Under left blood series quickly them those. Available still heart approach.,DevOps,Databases,Go,Django,Kubernetes,Expert,William Marshall,Tech Lead,Infrastructure,Zimmerman Group,"describe,bag,student","job,politics",2024-09-28,2024-10-21,PDF,Portuguese,23,5605,22,cloud-infra,CoreAPI,v1.8,Deprecated,Secret,True,Katelyn Nichols,4.6,57.3,266,2093,237,76,"DOC-003826,DOC-003046",False,bge-small-en-v1.5,2024-11-03,True
DOC-001100,Receive late interest reveal pay,Process care end glass even edge up.,There opportunity near political right resource. Operation work process tree attention. Tough turn land individual author story beautiful easy. Kind hundred shoulder industry. During rest above read activity.,Security,Testing,JavaScript,Next.js,MongoDB,Expert,Mr. Jesus Martinez MD,Backend Developer,Product,Lowery-Miller,"sign,deep,less","budget,suddenly",2024-10-18,2024-11-21,HTML,French,31,2006,8,cloud-infra,AiPlatform,v3.6,Archived,Internal,False,,3.0,51.9,61,2840,187,137,"DOC-002416,DOC-004042",False,e5-large-v2,2024-12-15,True
DOC-005768,Grow response agency heavy,Forget check say thing. Lead chair even fast.,Population without stop have. After cover reduce investment. Recognize question adult develop. Water too body beyond kind eat himself. Development hear well suggest sense whatever. Edge prevent establish just experience describe.,Data Engineering,CI/CD,JavaScript,FastAPI,Kafka,Expert,Jacob Potter,Backend Developer,QA,"Harvey, Vaughn and Weber","require,nature,make","form,pull",2024-01-11,2024-02-12,TXT,Spanish,17,6066,24,data-pipeline,TechMind,v3.7,Approved,Public,False,,3.4,24.2,813,9790,210,52,"DOC-002124,DOC-003805",True,bge-small-en-v1.5,2024-03-10,True
DOC-005595,North safe serve word,Church site new again treatment.,Government coach role wrong. Bill take give would improve listen compare. Central whose performance reveal practice skill step. Write red energy get age market party.,Frontend,APIs,Python,FastAPI,Kubernetes,Beginner,Carla Parks,Frontend Engineer,Infrastructure,Bailey-Park,"could,experience,wrong","close,central",2024-05-25,2024-06-19,DOCX,French,35,7095,28,backend-services,SecureAuth,v2.7,Archived,Internal,False,,4.1,86.6,533,8124,148,150,"DOC-005080,DOC-002860",True,bge-small-en-v1.5,2024-07-05,False
DOC-003706,Risk cut may of,Television party land step try commercial American such.,Stay identify go protect. Myself start sea who detail major. Impact maybe cell heart none development me. My loss daughter appear.,Backend,Testing,Python,Spring Boot,Docker,Expert,Jenny Foster,Security Specialist,Security,Brady Group,"wish,case,machine","financial,air",2024-07-06,2024-09-20,TXT,English,4,7278,29,data-pipeline,SecureAuth,v2.2,Approved,Restricted,False,,3.7,54.9,1445,5442,78,69,"DOC-004447,DOC-005312",False,all-MiniLM-L6-v2,2024-10-12,True
DOC-000617,Language issue fact,Million east movie source career. Skin mission claim as.,Born away avoid national baby. Throughout trouble body do if. Explain bring radio indicate remain. Town huge rich tonight about item. Matter military simply career act. Want least all eat voice seat use.,Cloud,Authentication,C#,Express,GraphQL,Intermediate,Nicole Allen,Data Engineer,QA,Oconnor-Ford,"medical,feel,military","southern,room",2024-10-06,2024-10-15,MD,Spanish,17,6022,24,backend-services,CoreAPI,v3.9,Draft,Secret,True,Angela Christian,3.8,62.6,1279,3707,570,2,"DOC-005075,DOC-007260",False,text-embedding-3-small,2024-10-18,True
DOC-005770,Edge crime at race,Heavy traditional federal despite. Ahead everything employee responsibility door least.,Factor value wall room. Nothing reach laugh travel scene federal personal. Staff among anyone help. Health wait already contain avoid himself third check. Wife during dream point magazine man history. Pull again side energy care. Parent raise treat similar.,Mobile,Authentication,C#,Spring Boot,MongoDB,Advanced,Tim Sanchez,Backend Developer,Data Science,Paul-Johnson,"heavy,finally,floor","check,beat",2024-12-17,2025-01-09,TXT,Portuguese,11,2804,11,mobile-app,TechMind,v2.9,Draft,Internal,False,,3.8,26.3,984,14481,651,126,"DOC-000791,DOC-003093",False,bge-small-en-v1.5,2025-02-01,True
DOC-002352,Face respond hard,Thing compare explain write make daughter set meeting. American form three including reality.,Market end leave sort stand. Everybody model foreign magazine understand mission thought. Throw relationship investment central pretty above end. Street turn weight beyond whose writer. Break window box establish necessary one building receive.,Frontend,Authentication,Python,Flutter,GraphQL,Beginner,Kathleen Fuentes,DevOps Architect,Data Science,Graham-Bass,"itself,region,clearly","center,bed",2024-11-28,2025-02-24,TXT,English,27,4662,18,auth-api,DataHub,v3.8,Deprecated,Restricted,True,Brandon Jacobs,4.3,22.2,860,4912,456,146,"DOC-000084,DOC-008179",False,e5-large-v2,2025-03-01,True
DOC-004022,Board she try may,Heart example toward suddenly. Skin science every.,How bed thank large smile station rock reach. Shake sing notice record. Day civil people present person party what front. Perform blue financial somebody measure body act. Far baby must tonight single event. Yeah high food could argue just.,Backend,Microservices,SQL,FastAPI,Redis,Intermediate,Matthew Bennett,Tech Lead,Product,Rhodes LLC,"smile,government,never","system,former",2024-02-10,2024-05-06,DOCX,Portuguese,8,3780,15,backend-services,SecureAuth,v3.0,Archived,Restricted,True,Anne Day,5.0,35.2,690,1937,418,129,"DOC-005724,DOC-002091",True,e5-large-v2,2024-05-28,True
DOC-005047,Continue local system trial building assume,Material if truth point.,Attention yes woman woman word game no. Practice must poor discussion. Difficult per door area result. Cell network who possible difficult will.,Security,LLMs,Python,Vue.js,MongoDB,Intermediate,Susan Garcia,Data Engineer,Data Science,Gomez-Wright,"dinner,take,message","group,late",2024-10-18,2024-10-23,MD,Spanish,17,838,3,backend-services,TechMind,v1.0,Archived,Restricted,True,Richard Morales,4.8,68.9,152,1882,978,126,"DOC-007823,DOC-002178",True,text-embedding-3-small,2024-11-18,False
DOC-002464,Program author total executive door approach,East also compare his. Score leave man not together rock.,Relationship media edge. Common different last spring name indicate account. Should military memory before society agree painting Mr. Increase one market doctor dog. Become hospital blood American blue.,Mobile,APIs,Java,Next.js,GraphQL,Advanced,Richard Lewis,Frontend Engineer,Data Science,Smith-Bryant,"these,as,story","their,college",2024-10-24,2024-11-26,MD,French,39,3853,15,frontend-core,AiPlatform,v3.9,Deprecated,Restricted,True,Cameron Jenkins,4.2,75.5,463,3770,529,58,"DOC-005853,DOC-002504",False,all-MiniLM-L6-v2,2024-11-30,True
DOC-002016,Know interview process down model form,My so year.,Large court phone run site base there. Card yes include. Today former song kid. Teacher many evening entire perhaps him recent. Into south remain together thought feeling. Red eye marriage. Daughter low industry matter. Success see performance must three third ahead.,Frontend,Authentication,Python,FastAPI,GraphQL,Expert,Brenda Garcia,Backend Developer,Product,Stone Group,"list,media,evening","behind,if",2024-01-16,2024-02-21,MD,Spanish,13,3797,15,auth-api,SecureAuth,v3.5,Under Review,Internal,True,Mackenzie Hernandez,4.3,43.3,449,3936,648,28,"DOC-004726,DOC-003163",False,e5-large-v2,2024-03-01,True
DOC-003705,Of cost hospital policy something,Age add large nothing nearly include several according.,Miss father real no. Notice value sport sit. Behind response reveal great exactly standard modern write. Huge make before billion lead large hundred. Push ever report year nor market. Cut free line today still response film American. Local including door chair kind number country. Push hundred along owner she someone.,Frontend,UI/UX,TypeScript,Express,GraphQL,Intermediate,James Cruz,Data Engineer,Infrastructure,Wilson-Baker,"citizen,development,teach","single,happen",2024-12-19,2025-01-21,HTML,Portuguese,7,5912,23,auth-api,SecureAuth,v3.3,Archived,Public,True,Kristina Hayes,4.6,63.3,227,974,509,45,"DOC-001640,DOC-001801",True,bge-small-en-v1.5,2025-02-07,True
DOC-001900,Benefit he training rule key special,Expect meet necessary stop.,Own identify team. Until crime quite finally long someone six. Majority trial where test husband but. Score onto blood prevent soon magazine morning.,Frontend,Testing,SQL,Flutter,PostgreSQL,Beginner,Ashley Trujillo,Data Engineer,Product,"Mills, Hernandez and Perkins","four,market,upon","capital,camera",2024-01-30,2024-03-12,DOCX,English,3,4693,18,frontend-core,CloudScale,v3.5,Approved,Public,True,Jonathan Arias,3.5,59.2,586,2843,87,148,"DOC-000759,DOC-006093",True,bge-small-en-v1.5,2024-04-08,True
DOC-003595,Mr card rock although,Support challenge something I total unit.,Cup challenge into name. Which light little race. Blood now party red cause. Put month anyone radio behind ahead become. Soon reason heart tell young. Guy out when weight group cold likely dark.,AI/ML,CI/CD,Rust,Spring Boot,Docker,Intermediate,Judith Hawkins,Tech Lead,QA,Carroll LLC,"information,just,herself","family,season",2024-03-30,2024-05-10,HTML,Portuguese,38,6574,26,mobile-app,AiPlatform,v2.0,Draft,Restricted,True,Amy Friedman,3.4,27.3,1023,10026,103,69,"DOC-003417,DOC-006271",False,text-embedding-3-small,2024-06-08,False
DOC-006754,News often set final near agency,Force cell usually adult. Maintain middle great final almost government.,Book art grow opportunity. Call cut down star soon energy. Onto vote everyone with tonight. Beyond name rather significant institution half music. We lawyer improve knowledge all fire. Shake these particular behavior section official. Improve program computer feeling support social.,Security,UI/UX,Java,React,Kubernetes,Beginner,Thomas Alvarado,Tech Lead,Data Science,Osborne-Weaver,"experience,rock,thought","thousand,artist",2024-01-20,2024-03-11,PDF,English,33,7536,30,frontend-core,DataHub,v1.8,Archived,Secret,True,Kristin Dunn,3.0,58.3,590,9071,856,127,"DOC-002264,DOC-001974",True,e5-large-v2,2024-04-04,True
DOC-008620,Me important dream why,Choose policy animal away attention particular moment. Account involve way car thus long law movie.,Yet growth music oil media bed choice. Pretty safe public entire. Surface question song treat hold. Challenge option far religious case. Seat entire assume real. Second enjoy become like discussion get people themselves. By word director prove before.,Frontend,Testing,Rust,Spring Boot,Docker,Expert,Daniel Smith,Backend Developer,QA,Washington LLC,"push,brother,until","walk,eight",2024-08-20,2024-10-10,DOCX,English,27,4734,18,mobile-app,CloudScale,v1.6,Archived,Public,False,,4.1,25.9,1599,708,270,90,"DOC-003401,DOC-003598",False,all-MiniLM-L6-v2,2024-10-22,False
DOC-009708,Traditional however model,Full administration on life reveal car.,Beyond beyond tough knowledge training interesting beyond. But possible camera leader establish. Go most red beyond air difference. Total young risk film.,Frontend,Databases,Rust,FastAPI,Kafka,Advanced,Tristan Hancock,Tech Lead,Engineering,Jones-Rivera,"section,PM,unit","operation,board",2024-05-06,2024-05-31,PDF,French,13,1619,6,mobile-app,CoreAPI,v3.9,Draft,Restricted,False,,4.5,53.6,1976,5495,920,106,"DOC-004718,DOC-007256",True,e5-large-v2,2024-06-23,True
DOC-005594,Door arm always stock,Clear much past call structure wonder bit.,Century term really weight mission exist your. Manager think soon interest ten enjoy whom almost. Too figure six worker commercial but. President find series push low thousand nice.,AI/ML,Microservices,Java,Next.js,PostgreSQL,Advanced,Shannon Manning,Security Specialist,Engineering,Frank Group,"newspaper,environment,maybe","threat,prove",2024-03-01,2024-04-29,PDF,French,34,4112,16,auth-api,SecureAuth,v3.0,Under Review,Secret,False,,3.5,43.7,1438,12982,360,120,"DOC-008312,DOC-006609",False,text-embedding-3-small,2024-05-13,True
DOC-006211,Part history compare,National beat huge those.,Born certainly personal other notice instead. Cause act into. Want grow small value loss staff. Industry several tree good hand. Road cell thus common nor beautiful.,Data Engineering,APIs,Go,Django,MongoDB,Intermediate,Brianna Bradley,Security Specialist,Security,"Garcia, Carpenter and Holland","then,natural,employee","exist,somebody",2024-07-30,2024-09-14,PDF,English,11,7528,30,mobile-app,DataHub,v3.7,Deprecated,Restricted,True,Douglas Baker,3.0,34.6,1023,12374,892,99,"DOC-004210,DOC-002924",False,e5-large-v2,2024-09-23,True
DOC-008944,Season spend author,Image learn end participant.,Far meet participant event apply everybody. Whether cultural give hospital whom. Hundred face close deep direction job show attorney. Garden huge option rather hit. Official technology decide media vote bed. New politics mother third leader above.,Data Engineering,Testing,TypeScript,Spring Boot,MongoDB,Expert,Cole Carey,Backend Developer,Product,"Olsen, Brown and Stephenson","happen,raise,left","game,get",2024-07-08,2024-08-11,MD,Portuguese,39,3087,12,data-pipeline,TechMind,v3.9,Deprecated,Public,False,,3.8,76.9,1937,14048,531,62,"DOC-000314,DOC-007558",False,bge-small-en-v1.5,2024-09-04,False
DOC-000346,Eat alone simple clearly,Open watch on more hit partner crime.,Research share show culture. Citizen both no conference. Bring conference address into each stop reduce. Natural rule cover south. Before management economy example attack. Other hope through wait true these. Ground from appear add find.,Mobile,CI/CD,Java,Vue.js,AWS,Advanced,Emma Thompson,Frontend Engineer,Infrastructure,Rose-Henderson,"reality,yourself,face","technology,determine",2024-06-26,2024-09-07,MD,Portuguese,23,549,2,mobile-app,AiPlatform,v3.4,Draft,Secret,False,,4.1,46.9,536,11404,426,69,"DOC-004066,DOC-001174",False,bge-small-en-v1.5,2024-09-16,True
DOC-003547,Traditional early mother wear inside,Behavior receive enough key.,One when investment. Successful agree difficult. Listen assume always off cell model sit. Make firm market statement street pay away green. Sit center thousand. All pull sea thing protect method teach drop.,Security,APIs,TypeScript,Spring Boot,GraphQL,Intermediate,Bradley Hodges,Security Specialist,Data Science,"Cole, Jenkins and Fields","without,nearly,practice","black,between",2024-11-22,2024-12-30,TXT,French,22,1424,5,mobile-app,CloudScale,v2.7,Approved,Secret,False,,4.7,51.1,88,5541,565,57,"DOC-000268,DOC-000325",False,text-embedding-3-small,2025-01-09,True
DOC-002303,Among everybody other,Out special before player stage report politics soon.,Least control challenge community over research watch. Story economic particular understand blue break. Mouth rather behavior forget small. Receive around look less among fact night. Walk course dog choice produce so. Simply relationship inside but. Member her production.,Security,Microservices,Go,React,AWS,Advanced,Dana Williams,Backend Developer,Product,Odom Group,"add,field,around","office,keep",2024-12-30,2025-01-04,HTML,French,15,7576,30,cloud-infra,CoreAPI,v2.3,Under Review,Internal,True,Matthew Fitzgerald,3.1,20.2,1084,11798,554,24,"DOC-009042,DOC-003243",True,e5-large-v2,2025-01-07,True
DOC-000027,Chance huge agency drive final,Model deep road effort me common. Turn state within lay.,As for receive family nothing guy realize. Day everybody about far material page. Fast begin protect center condition. Oil professor respond. Kind appear there new. Still eat trial order. Begin cold clear find. Very book hold result leave catch.,Cloud,APIs,TypeScript,Django,Kafka,Intermediate,Raymond Gallagher,DevOps Architect,Product,Merritt Group,"would,agree,debate","read,cell",2024-02-18,2024-04-26,DOCX,Portuguese,39,6994,27,mobile-app,DataHub,v1.4,Approved,Internal,False,,3.5,58.5,51,4958,923,150,"DOC-007213,DOC-000733",True,bge-small-en-v1.5,2024-05-08,True
DOC-007821,Because sister federal,Measure foot including around buy staff concern. After need opportunity receive after interesting analysis.,Be point purpose soldier. Continue work other strong statement cell. Model half suffer author partner while. Glass guess too political activity really organization your. But year to push. Senior at get affect fear. Station weight consider society street.,DevOps,LLMs,Go,Django,PostgreSQL,Advanced,David Perez,DevOps Architect,Security,Durham-Andrade,"doctor,specific,production","support,possible",2024-03-20,2024-05-08,DOCX,Spanish,15,6214,24,data-pipeline,CoreAPI,v3.2,Approved,Public,False,,4.0,87.5,561,13786,62,68,"DOC-002553,DOC-002374",False,e5-large-v2,2024-05-26,True
DOC-004653,Brother road hear,Foot parent movie.,Work without fear people check pressure. Stage tend job. Beat teacher stage lawyer. Official fund source.,Backend,Authentication,Rust,Flutter,Kubernetes,Beginner,Terry Vasquez,Tech Lead,Data Science,Odonnell-Thomas,"analysis,ever,realize","war,authority",2024-10-11,2024-12-06,HTML,Spanish,3,1748,6,auth-api,CoreAPI,v3.8,Draft,Secret,True,Shane Murray,3.3,74.5,1389,2196,806,39,"DOC-007556,DOC-001407",False,bge-small-en-v1.5,2024-12-27,False
DOC-002028,Relate plant example sense pick,Exist throw staff respond usually they.,Candidate different fine work since alone can. Figure four table big hundred become address. Reduce begin usually eye alone collection phone. They result economic might. Per rate generation own free idea. Price above throw believe Congress option kid. Eight benefit child organization production coach loss.,Security,CI/CD,JavaScript,Vue.js,MongoDB,Advanced,Susan Allen,Frontend Engineer,Engineering,Johnson and Sons,"eight,relationship,remain","agent,city",2024-04-08,2024-07-02,PDF,Portuguese,5,5329,21,mobile-app,DataHub,v1.9,Archived,Restricted,True,Matthew Hall,4.7,76.5,345,10239,189,135,"DOC-009245,DOC-007144",True,text-embedding-3-small,2024-07-08,False
DOC-009989,Field air rich center move become,Enjoy physical memory today threat. Less yeah compare official.,Better event option what like force. Practice power central upon these exist. Your fine figure among. Shoulder everyone above human hold administration. Treat pressure that tell.,Cloud,UI/UX,JavaScript,FastAPI,AWS,Expert,Cristina Meyer,Tech Lead,Product,Morris-Morris,"true,place,we","partner,catch",2024-02-28,2024-05-14,HTML,Portuguese,6,3497,13,auth-api,AiPlatform,v1.4,Archived,Secret,False,,3.8,51.2,1458,1189,908,102,"DOC-009286,DOC-002317",True,bge-small-en-v1.5,2024-06-02,True
DOC-001523,About loss power group keep,Road business most water. New east minute human.,Front see fine change list federal brother. Good activity her white rise ever when. Story friend laugh employee. Himself simply various if report improve early. Good number bit dinner talk. Measure section image arrive money garden space loss.,Security,Testing,TypeScript,Spring Boot,MongoDB,Advanced,Steven Porter,Tech Lead,Engineering,Ortiz Group,"ahead,budget,surface","early,morning",2024-01-30,2024-03-04,HTML,French,8,4205,16,backend-services,CloudScale,v2.9,Approved,Internal,False,,4.5,52.7,188,697,272,81,"DOC-009056,DOC-000588",True,e5-large-v2,2024-04-03,True
DOC-003372,Others involve effort under,Eat issue personal security not nice. Know college seem put paper work left.,Fight happen exactly near family visit buy. Phone Congress happy him happen I. Prepare probably discover tonight nearly report pattern modern. Against purpose whose language size. Data final remember sense either.,Security,Testing,Java,FastAPI,Kafka,Intermediate,Cynthia Bond,Data Engineer,Security,"Stevenson, Frye and Hill","act,first,election","forward,kid",2024-11-20,2025-01-17,PDF,English,12,1324,5,backend-services,SecureAuth,v2.0,Under Review,Internal,True,Kelly Little,4.9,47.9,692,2836,965,0,"DOC-002261,DOC-006715",False,all-MiniLM-L6-v2,2025-02-01,False
DOC-004308,Talk agreement successful democratic question,Protect many structure month public. Bank dog change officer skill economic stop.,Girl place leave speak also out option. Politics toward whatever time however ten. Alone city will experience down bed few. Record every area movie mind good itself. Stop measure ok.,Mobile,Microservices,SQL,Spring Boot,AWS,Beginner,Charles Rodriguez,Security Specialist,Data Science,"Barnes, Hill and Dorsey","bag,yet,question","newspaper,leader",2024-03-09,2024-04-21,MD,French,33,4750,19,data-pipeline,DataHub,v2.8,Under Review,Internal,False,,3.7,22.7,1196,8612,26,15,"DOC-006446,DOC-001410",True,e5-large-v2,2024-04-24,True
DOC-000487,Time choose commercial,Technology south perhaps middle.,Sound would culture staff begin kind per. Skill imagine information down heavy relate. Parent interesting standard. Or else artist long media no no. Including forward claim play. Foreign total final mission. Stay too become move into reveal mission. Both house kind who ever stock loss.,DevOps,Testing,SQL,React,AWS,Advanced,Lauren Bautista,Backend Developer,Product,Barrett-Dennis,"item,list,believe","local,red",2024-01-29,2024-02-20,DOCX,French,24,6435,25,frontend-core,DataHub,v1.1,Approved,Public,False,,4.3,57.1,326,6270,891,79,"DOC-001974,DOC-004388",True,bge-small-en-v1.5,2024-03-15,True
DOC-005246,Especially room address,Matter should hour piece third. Name perhaps spend civil challenge relationship hit local.,School international industry church east place. Help ago account off. Energy born how draw edge.,Security,Databases,Java,Vue.js,Docker,Intermediate,Marie Schneider,Security Specialist,Infrastructure,"Hubbard, Snyder and Guerra","role,record,detail","beyond,growth",2024-05-19,2024-06-09,TXT,French,32,2106,8,auth-api,SecureAuth,v2.8,Deprecated,Public,True,Kevin Becker,3.1,69.8,1473,13440,309,91,"DOC-002737,DOC-005147",True,bge-small-en-v1.5,2024-06-15,True
DOC-003637,Set door for car fish,Really second least again ability with.,Base quality first computer provide read. Key level hard happy my ahead. Yet family best. Approach guess law not piece phone main. Work story view character. Accept simple matter art second collection.,Cloud,CI/CD,Java,FastAPI,Kafka,Beginner,Joseph Cameron,Security Specialist,Infrastructure,York-Garcia,"line,talk,health","former,wide",2024-10-07,2024-10-26,HTML,Spanish,16,3707,14,auth-api,DataHub,v1.3,Draft,Restricted,False,,3.6,84.0,1872,6777,380,52,"DOC-007558,DOC-007332",False,all-MiniLM-L6-v2,2024-11-11,True
DOC-006707,Standard she bag buy a,College rise treatment number always exactly fund not. Stuff sea finish camera couple alone.,Third upon special husband. Reality gas present nature information. Every themselves create seek education.,Cloud,CI/CD,Python,Django,PostgreSQL,Expert,Kyle Murphy,Tech Lead,Engineering,Ellis-Osborn,"important,get,make","hot,space",2024-09-29,2024-11-10,HTML,French,6,7655,30,mobile-app,TechMind,v3.1,Deprecated,Public,True,Michelle Price,4.6,85.3,1928,12952,217,25,"DOC-006111,DOC-000193",True,bge-small-en-v1.5,2024-11-18,True
DOC-004241,Attack receive fast,Do risk box recognize. Most cultural event ago.,Why fact care nor. Hope others note teach read whole give. Set position work carry summer. Than great already manage between. Into discuss brother same. Success home mother build member.,Data Engineering,UI/UX,SQL,Django,Docker,Advanced,David Smith,Tech Lead,Product,"Hall, Harvey and Thomas","some,long,style","space,cover",2024-06-18,2024-07-15,TXT,French,18,5380,21,mobile-app,AiPlatform,v3.9,Approved,Restricted,True,David Patel,4.2,35.9,1831,9294,762,20,"DOC-004778,DOC-000862",False,all-MiniLM-L6-v2,2024-07-27,True
DOC-003884,Data pretty enter movement,Dinner future article watch phone teacher. Give need art several.,About remain eat hand argue always until. Speech coach kind who increase four spend. Think each however fill shake room election. Family traditional follow hundred hand might. Hope activity concern my consider nature they idea. Wait magazine month eye president apply.,Data Engineering,Testing,C#,Vue.js,Redis,Advanced,Steven Ramirez,Frontend Engineer,Data Science,Lee and Sons,"well,try,doctor","work,arm",2024-12-08,2025-03-08,DOCX,French,8,1772,7,data-pipeline,CoreAPI,v2.6,Approved,Public,True,Cynthia Molina,4.1,83.9,1074,13247,900,90,"DOC-000940,DOC-004698",False,text-embedding-3-small,2025-03-09,False
DOC-004421,Will involve return strategy fight program,Behavior however many travel share. Per area soon court follow attention audience rock.,Coach possible size boy box. Agreement whether student Mrs prevent could. Exist you hard computer role ahead summer continue. Share foreign wrong top everything resource threat. Full chance father next day.,AI/ML,Authentication,C#,Spring Boot,Kubernetes,Advanced,Eileen Meyer,Data Engineer,Infrastructure,Gutierrez PLC,"case,about,public","most,stop",2024-09-08,2024-10-27,PDF,English,16,3663,14,frontend-core,CloudScale,v3.5,Under Review,Secret,True,Nancy Rush,3.1,41.9,1308,5053,968,59,"DOC-006713,DOC-006020",False,e5-large-v2,2024-11-01,True
DOC-006369,Government true important site wear,Beyond determine community city pressure.,Community yeah discover magazine practice street. Eye fly election teach what market. Class everything low provide issue cost show. Down meet agent bad travel prevent fall it. Us will behavior event there toward.,Data Engineering,Microservices,C#,FastAPI,Kafka,Advanced,Amy Fleming,Tech Lead,Product,Singh-Harris,"unit,something,speak","safe,fine",2025-01-24,2025-02-06,MD,Portuguese,25,1412,5,data-pipeline,TechMind,v3.3,Archived,Secret,True,Joyce Cooper DDS,3.1,72.5,215,2407,482,33,"DOC-003605,DOC-003440",True,e5-large-v2,2025-03-04,True
DOC-002590,Television production report seat eight season,Blue television father car road.,Friend hospital member window. Police page represent day inside. Give drive moment condition.,Backend,Testing,Rust,FastAPI,Redis,Advanced,Joshua Pace,Tech Lead,QA,Swanson and Sons,"whatever,seat,several","trial,growth",2024-11-08,2025-01-16,PDF,English,17,2351,9,backend-services,SecureAuth,v3.0,Draft,Public,True,Michael Stone,3.7,55.0,962,7474,533,61,"DOC-007135,DOC-000278",True,all-MiniLM-L6-v2,2025-02-01,True
DOC-007288,Son increase person each class,Recently early cold.,Success customer our miss today maybe. Big show father traditional. Dinner president respond item audience kind put your. War environmental help enough security statement age.,Backend,Microservices,Java,FastAPI,MongoDB,Beginner,Candice Johnson,Tech Lead,Engineering,Howard and Sons,"worry,remain,thousand","natural,listen",2024-10-26,2024-12-21,MD,Portuguese,16,1524,6,auth-api,DataHub,v1.0,Archived,Secret,False,,3.9,74.2,1416,3921,269,137,"DOC-001592,DOC-007892",True,e5-large-v2,2024-12-22,True
DOC-006396,Consumer into fill,Our huge only sport family.,Consider beat summer need week special. Great card network turn. Get yourself game business citizen heart. Activity something exist against. Stuff soldier natural bad toward discuss. Campaign cup authority beautiful reveal significant.,DevOps,Microservices,JavaScript,Next.js,Kubernetes,Expert,Jason Chavez,DevOps Architect,Security,Howell and Sons,"final,final,have","ago,each",2024-03-07,2024-04-20,HTML,Spanish,15,3861,15,backend-services,CoreAPI,v2.7,Deprecated,Secret,True,James Pena,3.2,90.4,1471,5869,965,136,"DOC-009660,DOC-006534",False,text-embedding-3-small,2024-05-07,False
DOC-001002,Section fire behavior agree section pull hundred,Heart second today ready argue member nice let.,Always bag building crime hit. Share office occur last amount song see. Notice enjoy realize cost those about. Feeling have we kitchen. Enter data air fund everything difficult. Property actually respond task.,AI/ML,CI/CD,Rust,Django,AWS,Intermediate,Natalie Hill,Tech Lead,Data Science,Mcgee Group,"loss,particularly,author","spring,speak",2024-12-19,2025-02-28,DOCX,French,4,6189,24,auth-api,DataHub,v3.7,Under Review,Internal,True,Brianna King,4.5,99.4,939,9382,688,17,"DOC-006814,DOC-000788",True,all-MiniLM-L6-v2,2025-03-21,True
DOC-009408,Safe really coach eight,Large its interesting nice floor. Responsibility she environmental machine.,Lawyer determine affect. Animal interesting while idea. Make himself window question they wind whatever. Eye more perform create less authority themselves. Right low work effort open say.,Mobile,Authentication,Java,Express,Redis,Expert,Jill Brown,Frontend Engineer,Infrastructure,Simpson-Vazquez,"take,bank,treatment","seem,executive",2024-06-22,2024-07-01,TXT,French,32,4285,17,data-pipeline,CoreAPI,v2.9,Deprecated,Public,True,Michael Friedman,4.2,95.9,873,9410,360,79,"DOC-004362,DOC-007687",True,all-MiniLM-L6-v2,2024-07-23,True
DOC-003842,Seven quite but live none they,Technology kitchen set discover left property would level. Summer list include physical large.,Card describe family wrong focus reality film. Such idea international suddenly operation. Threat sort listen sometimes understand through create look. Simply ten song bill grow. Project one guy southern discuss. Nation perform can science keep worker another.,Frontend,CI/CD,Python,Django,Redis,Beginner,Brian Pugh Jr.,Data Engineer,Infrastructure,"Horne, Banks and Hughes","build,kind,company","not,production",2024-03-20,2024-04-22,TXT,Portuguese,28,6562,26,data-pipeline,AiPlatform,v1.8,Approved,Internal,False,,4.3,40.4,1412,5922,885,142,"DOC-005389,DOC-005778",True,e5-large-v2,2024-04-24,True
DOC-000787,Budget defense carry option forward them,Develop during ten. Different in finish information.,Speech force different college customer attack store. Significant machine job. Ability least hundred course age sense. Power outside all side learn design great worker. Character phone people. First away very born above stuff. Stock institution economic myself summer might.,Mobile,Databases,SQL,Flutter,Redis,Beginner,Randy Owen,Tech Lead,Engineering,"Flores, White and Rubio","always,throw,spend","coach,near",2024-08-20,2024-11-24,PDF,Portuguese,37,6712,26,frontend-core,SecureAuth,v3.9,Archived,Public,False,,4.4,56.4,1395,8611,421,77,"DOC-007546,DOC-002927",False,bge-small-en-v1.5,2024-12-08,False
DOC-004998,Note try bad,Car poor education try kind career. Study beyond behavior process exist.,Thousand professor figure war sport computer remain else. Crime inside personal itself center mouth little claim. Laugh full note game soldier realize end.,AI/ML,APIs,Java,Django,AWS,Expert,Jon White,Tech Lead,Product,Hamilton-Todd,"foreign,consumer,show","religious,finally",2024-09-30,2024-10-01,DOCX,Spanish,10,515,2,frontend-core,CoreAPI,v2.7,Approved,Restricted,True,Kevin Parker,3.2,26.0,1551,8996,551,68,"DOC-008439,DOC-006800",True,bge-small-en-v1.5,2024-10-12,True
DOC-007775,Effort peace and cold shake,Rather responsibility inside. Family probably move direction.,Exactly director pick avoid window. Order best yard candidate attorney grow tough rather. Only can herself worker. Remain price order green its me. Deep no green decide well. Professor market product result.,Frontend,CI/CD,C#,Next.js,Redis,Expert,Jonathan Brown,Security Specialist,QA,Thompson-Dillon,"when,summer,but","human,plan",2024-07-28,2024-08-28,TXT,Spanish,17,7615,30,data-pipeline,AiPlatform,v2.0,Draft,Public,True,Zachary Smith,3.8,96.2,175,7000,690,85,"DOC-008817,DOC-002851",True,bge-small-en-v1.5,2024-09-10,False
DOC-005563,Bed other six follow level,Tend become thousand side his employee exist.,Allow environment lead pay able set alone born. Section white agent poor subject night sing energy. Group policy fire energy firm opportunity. A question network finally employee service.,Backend,Microservices,Java,Vue.js,GraphQL,Advanced,Tracy Clark,Frontend Engineer,Engineering,"Jones, Carlson and Frost","anyone,room,picture","military,factor",2024-09-24,2024-11-29,DOCX,Portuguese,19,5115,20,frontend-core,SecureAuth,v3.3,Archived,Restricted,False,,3.1,80.5,260,5948,729,99,"DOC-008114,DOC-002707",True,text-embedding-3-small,2024-12-19,False
DOC-003234,Heavy like billion relationship necessary bring,Although statement half hospital forget moment.,Black detail authority figure democratic. Wish visit talk mean. Campaign of team a or production. West guess accept. Some often mission natural effect. Purpose occur phone page. Audience market fall determine upon.,Data Engineering,Authentication,Go,Vue.js,MongoDB,Advanced,Michael Ewing,Tech Lead,Infrastructure,Ford and Sons,"indeed,a,around","organization,policy",2024-06-12,2024-09-01,PDF,Portuguese,27,5562,22,mobile-app,DataHub,v3.4,Approved,Public,False,,4.7,32.7,804,8294,796,100,"DOC-007141,DOC-005322",True,all-MiniLM-L6-v2,2024-09-20,True
DOC-005643,American realize western it,Democrat notice available study clear up.,Assume get special parent kid friend east. Minute including itself enough film late. When level certain old century fear single. Measure pattern space someone particularly cup appear.,Data Engineering,UI/UX,TypeScript,Next.js,Kubernetes,Expert,Howard Strickland,Security Specialist,Engineering,Snyder-Williamson,"decision,store,American","owner,music",2024-05-06,2024-06-24,PDF,Spanish,8,1211,4,cloud-infra,DataHub,v3.8,Under Review,Secret,False,,4.4,89.8,1893,5429,276,34,"DOC-004623,DOC-004703",True,all-MiniLM-L6-v2,2024-06-25,True
DOC-001704,Effect computer pay begin customer heavy,World since something.,Owner college chair rate page. North accept human anyone west information test wear. Side husband view compare own force.,Cloud,CI/CD,C#,Django,Redis,Advanced,Emily Dennis,Frontend Engineer,Engineering,"Noble, Pope and Smith","attack,within,five","chair,with",2024-11-14,2025-01-15,DOCX,English,5,5593,22,data-pipeline,CoreAPI,v3.3,Archived,Restricted,True,Crystal Smith,3.5,77.4,605,3609,606,118,"DOC-000280,DOC-000571",True,e5-large-v2,2025-01-25,True
DOC-002898,No matter apply child return,Sit process station word.,Relationship edge go quite baby they. Mother various we note political yeah newspaper. Operation others recently consumer think pull describe film. Although professor huge themselves. Rise price everything brother tend. Official everyone they police during will major beat. Traditional why example environmental structure.,Data Engineering,UI/UX,SQL,Flutter,MongoDB,Intermediate,Cathy Cook,DevOps Architect,Engineering,Garcia and Sons,"three,system,notice","son,stage",2024-06-03,2024-09-05,TXT,English,22,4984,19,backend-services,AiPlatform,v3.8,Approved,Internal,False,,4.5,78.7,1674,2048,343,42,"DOC-006272,DOC-009287",False,bge-small-en-v1.5,2024-09-12,False
DOC-009750,Go bill find little happy someone,Thousand anything early.,How assume state. Policy happen green house participant. Per cause past popular. Million professor impact. Someone catch establish professor move. Hand staff nation writer source. Seek cost technology marriage.,DevOps,Testing,Go,Flutter,Redis,Advanced,Travis Roberts,DevOps Architect,Infrastructure,"Rivera, Graham and Lopez","just,how,number","care,thousand",2024-04-02,2024-06-19,TXT,Spanish,22,3204,12,backend-services,TechMind,v3.7,Approved,Internal,False,,3.7,40.6,1683,9501,919,42,"DOC-002928,DOC-006786",False,all-MiniLM-L6-v2,2024-06-24,True
DOC-003680,This make push respond own,Ask seven wrong. Better employee black fish.,Already treat put development. Cultural mean around social what television. Purpose his idea nor mouth. Head trouble affect group herself city. Page dream history four unit. Really represent hope agreement television own crime. Property take market tough though sound nature theory.,DevOps,Testing,Java,Django,PostgreSQL,Advanced,Paul Carter,Data Engineer,Product,Savage Inc,"hand,father,appear","child,already",2024-05-26,2024-09-03,PDF,Spanish,12,3893,15,data-pipeline,SecureAuth,v3.2,Approved,Public,True,Robert Garcia,3.9,34.6,199,12696,729,35,"DOC-006759,DOC-000420",False,e5-large-v2,2024-10-01,True
DOC-005077,Today my magazine,Fine main age according. Seat glass with network Republican.,Fear American administration certainly happy eat reality. Call sit Mr similar magazine stuff. Continue mention care often movie purpose indicate. Front community remain light build whatever.,Security,LLMs,SQL,Next.js,GraphQL,Intermediate,Randall Rios,Security Specialist,QA,Livingston Inc,"early,these,executive","million,more",2024-01-24,2024-03-08,PDF,English,23,6171,24,auth-api,CoreAPI,v3.6,Archived,Secret,False,,3.8,44.3,1828,6814,582,52,"DOC-001618,DOC-003214",True,all-MiniLM-L6-v2,2024-03-15,True
DOC-005518,And material cover would,Source movie loss leave since pass product.,Be middle along address clear social say explain. Maintain garden weight really forward song. Position think difficult. Character drug ago head. Throw really cultural difficult once. Best condition whatever end. Worry any society Mr.,Mobile,CI/CD,Java,React,MongoDB,Beginner,Shane Williams,Tech Lead,Engineering,Morales Group,"hear,behind,reason","goal,summer",2024-05-14,2024-07-27,HTML,English,23,3976,15,backend-services,CloudScale,v2.5,Draft,Restricted,False,,4.2,72.1,1114,3605,935,35,"DOC-008764,DOC-004278",True,bge-small-en-v1.5,2024-08-16,True
DOC-009128,Always anything recent medical computer,Small money business parent local man official bag.,Hit light necessary western imagine. For where personal he. Into report white policy you little. Pick upon game account reason size everything analysis. Main partner size behavior see military.,AI/ML,Testing,SQL,Spring Boot,Kubernetes,Expert,Tina Cook,Tech Lead,Security,"Wood, Mcgee and Ryan","table,myself,how","relationship,learn",2024-08-04,2024-10-09,HTML,French,25,6759,27,mobile-app,AiPlatform,v1.5,Approved,Secret,False,,3.6,25.9,1442,2094,353,80,"DOC-004303,DOC-002296",True,all-MiniLM-L6-v2,2024-10-11,True
DOC-003183,Natural this home and decade,Value understand region back.,Staff art factor reach future too. Network run affect story effort by. Close country build leader practice field sometimes with. Official charge likely toward. Force action next. Reality remain state daughter he commercial.,Mobile,Databases,Java,React,Kubernetes,Intermediate,John Joseph,Tech Lead,Engineering,Scott LLC,"also,may,food","election,answer",2024-01-08,2024-01-12,PDF,Portuguese,38,3158,12,data-pipeline,TechMind,v3.4,Under Review,Internal,False,,4.1,90.7,325,8156,560,47,"DOC-002812,DOC-000658",True,all-MiniLM-L6-v2,2024-01-30,False
DOC-007106,Figure teach big east,Station by close training program. Agreement class to old.,College happen beautiful. Defense minute recently between. Course movie article clearly for growth certainly. If response else free.,Backend,Databases,Go,Vue.js,Kubernetes,Intermediate,Carolyn Gomez,DevOps Architect,Engineering,"Russo, Gutierrez and Boyd","official,single,reason","among,difference",2024-10-09,2024-12-06,MD,Spanish,14,3550,14,cloud-infra,SecureAuth,v3.6,Deprecated,Public,True,Megan Cline,4.0,22.5,767,9324,603,49,"DOC-004011,DOC-008772",False,e5-large-v2,2024-12-17,True
DOC-002997,Cell show lot,Medical truth own.,Game draw prepare feeling enter word world into. Throughout clearly foreign suffer wish officer risk. Treat people include that together. Whatever every red some. Control agreement fall the local treat new. Executive go recently town reduce accept.,AI/ML,Databases,JavaScript,Next.js,Redis,Intermediate,Monica Anderson,Tech Lead,Data Science,Cruz-Dougherty,"interesting,teach,money","class,provide",2024-06-11,2024-07-09,DOCX,Portuguese,17,5140,20,frontend-core,DataHub,v1.9,Archived,Secret,True,Laura Robinson,3.0,97.2,1006,6426,200,97,"DOC-007665,DOC-005980",False,e5-large-v2,2024-07-31,True
DOC-005877,Can imagine relationship,Father water others eat reason movement. Lead discuss star fast democratic issue make.,Attack campaign man fly dinner might. Person report ready kitchen song month place. Staff management appear maybe kid world. Social less sport economic quite garden guy well. Open identify second join defense ahead.,Cloud,Testing,Python,Django,PostgreSQL,Intermediate,Bradley Ford,Tech Lead,Infrastructure,Fisher-Vega,"television,stand,quickly","task,benefit",2024-07-25,2024-08-13,DOCX,English,38,1682,6,mobile-app,TechMind,v2.8,Under Review,Secret,False,,3.3,80.4,76,2775,656,72,"DOC-007512,DOC-008523",True,all-MiniLM-L6-v2,2024-09-10,True
DOC-006279,Which peace include son ball,Detail gas type true at.,Face like party different. Gas focus have me threat maintain cost. According phone positive fast. Method return woman high successful turn fact. Lead answer pattern plant executive.,Mobile,APIs,JavaScript,Django,Docker,Intermediate,Brad Horton,Tech Lead,Engineering,Smith-Weiss,"need,quality,little","officer,performance",2024-07-23,2024-10-22,HTML,Portuguese,24,2315,9,backend-services,CloudScale,v1.0,Draft,Public,True,William Price,3.4,40.7,1713,467,504,119,"DOC-003563,DOC-000857",True,bge-small-en-v1.5,2024-10-27,True
DOC-008201,Yet rise off,Relationship artist continue especially. Whatever democratic foreign size president.,Role poor risk choice former. Age trade me how letter body fill role. Another more debate go whom summer along. Such stand campaign western with central area.,AI/ML,Databases,Java,Express,MongoDB,Expert,Isaiah Zimmerman,Tech Lead,Security,Brooks-Moyer,"mind,blue,forget","mean,concern",2025-01-31,2025-03-17,DOCX,French,23,6035,24,frontend-core,DataHub,v3.4,Under Review,Restricted,True,David Wilson,3.9,39.5,291,2979,889,40,"DOC-005088,DOC-001633",True,e5-large-v2,2025-04-12,True
DOC-003036,Seek religious bring message cause,Discussion parent bed opportunity truth fly. Class five determine effect.,Central move chair seat under finish energy however. Their open interview. Tree expect animal model since. Author young most form size blood. Hand increase line understand money. Turn health smile training west camera expect. Miss care language leave staff baby road. Last speech relationship exactly far own move.,Cloud,Microservices,Java,FastAPI,PostgreSQL,Intermediate,Alicia Davis,Security Specialist,Infrastructure,"Beasley, Baxter and Gregory","stage,life,own","foot,third",2024-09-12,2024-12-21,HTML,Portuguese,14,7448,29,backend-services,CoreAPI,v3.1,Approved,Public,True,William Campbell,3.7,36.9,551,7911,963,144,"DOC-007021,DOC-004530",False,bge-small-en-v1.5,2025-01-11,True
DOC-003521,Tonight remember eye ground,Movement black month now new box picture any. Strategy person space arrive stand national remain.,Same political wide human let pass truth. Ago interesting back image view. Movement sea agree protect nature. Develop miss seven author meeting build. Allow protect type around hold good own PM.,Cloud,CI/CD,Python,Flutter,AWS,Advanced,Andrew May,Data Engineer,Product,Mahoney Inc,"others,rich,like","serious,off",2024-08-28,2024-11-26,HTML,Spanish,26,2882,11,cloud-infra,SecureAuth,v2.9,Under Review,Internal,False,,3.9,31.6,786,13048,640,98,"DOC-006943,DOC-009300",False,all-MiniLM-L6-v2,2024-12-07,True
DOC-000956,Force drive operation,Community top officer research assume others size. Gun one new firm.,Forward local size spring war you remember. Near each deal. Beautiful strategy force major.,Data Engineering,APIs,TypeScript,Spring Boot,Kubernetes,Advanced,Holly Lynch,Backend Developer,QA,Campos-Welch,"discover,raise,available","spend,energy",2025-01-05,2025-03-01,HTML,French,14,1194,4,cloud-infra,TechMind,v3.3,Draft,Public,False,,4.1,71.6,937,11808,702,11,"DOC-001589,DOC-007618",False,text-embedding-3-small,2025-03-23,False
DOC-004407,One always design space,Black appear significant listen. Blue born number.,Case upon join family run certainly run environmental. Trial south education as floor. Item Democrat miss turn beautiful occur authority radio. Kid career religious box technology get. Model security themselves worker. Official economic one serve challenge.,Frontend,Authentication,Python,Django,MongoDB,Expert,Christopher Henderson,DevOps Architect,Engineering,"Rollins, Gonzalez and Long","entire,country,language","table,relate",2024-05-03,2024-06-16,MD,Portuguese,33,4784,19,auth-api,TechMind,v1.5,Approved,Internal,False,,4.6,42.7,459,12871,812,29,"DOC-005438,DOC-005621",False,all-MiniLM-L6-v2,2024-07-11,False
DOC-002988,Choose ten pull color street base,Green rate light analysis skin.,Already into technology exist continue series win professor. Behind nothing debate. Personal take these simple mention ten room name. From scientist feel out. Land other message southern management why. Black father plant oil. Natural painting know discover major free cost.,Data Engineering,Authentication,TypeScript,Vue.js,AWS,Advanced,Mr. Michael Benson,Security Specialist,Engineering,"Johnson, Wagner and Green","cultural,son,else","by,growth",2024-04-06,2024-05-25,HTML,Portuguese,29,7823,31,data-pipeline,CoreAPI,v3.8,Draft,Public,True,Michelle Edwards,3.6,78.3,1386,6584,96,64,"DOC-006947,DOC-008615",False,bge-small-en-v1.5,2024-06-13,True
DOC-003249,Within treatment would success each,Least common tell sport protect. Voice can image in.,Behavior kid fight rock. While end large serious head. Arm send visit half history. Conference point page lawyer. Mr other how end beautiful position. Require growth policy join. Action once who avoid social effort. Southern act short its.,Mobile,Databases,Rust,React,Kubernetes,Advanced,Amy Farmer,DevOps Architect,Engineering,"Brown, Miller and Johnston","force,owner,sometimes","hour,plant",2024-02-21,2024-04-27,MD,French,22,3379,13,data-pipeline,CoreAPI,v2.7,Deprecated,Secret,True,Joshua Allen,4.9,47.0,357,7180,82,46,"DOC-001446,DOC-001170",True,text-embedding-3-small,2024-05-13,False
DOC-001029,Item trade watch,Trade add PM mind theory each reach. Himself leg tend before better.,Analysis quickly son mind. Who various range just act budget. Radio own quickly fast interesting. Manager score effect address draw environmental. Property interest place action arm age wife. To democratic yourself gas together address from. Work model society strong. When return foreign simple administration community.,Security,Databases,Rust,Next.js,Docker,Intermediate,Ryan Owens,Backend Developer,Infrastructure,"Orozco, Patterson and Navarro","cultural,score,face","scientist,begin",2024-04-29,2024-06-28,DOCX,English,18,940,3,data-pipeline,CoreAPI,v2.4,Draft,Public,True,Jessica Holloway,3.9,30.3,608,12448,581,62,"DOC-000346,DOC-005667",False,e5-large-v2,2024-07-10,True
DOC-006321,Notice scientist rate,We street once my cause evidence natural. End four total deep.,Son must for plant drop company. Tv paper finish arrive though improve bill. Suffer key bar where. Kid agreement head want.,Data Engineering,UI/UX,Python,React,Docker,Expert,Jordan Jackson,Backend Developer,Infrastructure,"Jones, Wells and Jordan","itself,stay,present","first,focus",2024-01-11,2024-01-17,MD,French,14,5835,23,backend-services,CoreAPI,v3.8,Draft,Secret,True,Brad Taylor,4.1,74.7,1424,8266,339,122,"DOC-004283,DOC-008823",False,text-embedding-3-small,2024-01-26,True
DOC-007342,Year scientist summer control statement,Strategy once war put stock. Administration economy your radio care hour.,Pull stuff responsibility several. Ability kitchen several certain others. Finally success staff he beautiful. Especially play weight one upon how look. Interesting door number hotel improve reality room. I apply owner option challenge share.,DevOps,UI/UX,Go,React,AWS,Advanced,Ricky Brown,DevOps Architect,Data Science,Boyer and Sons,"toward,dinner,from","everything,green",2025-01-14,2025-04-20,HTML,Portuguese,17,2568,10,backend-services,DataHub,v2.9,Draft,Restricted,False,,3.7,89.7,66,7977,907,28,"DOC-005542,DOC-005589",True,text-embedding-3-small,2025-04-27,True
DOC-005977,Pull magazine physical crime,Here beat arrive join. Himself detail about.,Little middle stop buy. Health show force likely even available. Official single whether statement relate population. Any message soldier. Page PM suddenly respond piece respond performance.,Cloud,LLMs,C#,FastAPI,Redis,Intermediate,Lisa Bell,Tech Lead,Data Science,Pierce Ltd,"answer,quite,hold","visit,movie",2024-07-22,2024-08-17,PDF,Portuguese,37,2289,9,backend-services,DataHub,v3.4,Under Review,Internal,False,,3.2,79.6,1661,1809,633,56,"DOC-005453,DOC-000727",True,text-embedding-3-small,2024-09-14,True
DOC-001405,Once rule support phone,Although successful Democrat improve herself discover.,Item bar red base season family method. Provide evidence one likely agree black. Organization organization resource population course fight. Although discussion story teacher four wait live there. Nature white rate throw oil situation Mrs. No nothing space book hard discuss cold.,Backend,Microservices,TypeScript,Django,Docker,Beginner,Jonathan Rojas,Data Engineer,Product,Garrett-Burton,"hand,American,certain","now,sport",2024-09-03,2024-12-04,HTML,English,21,4621,18,frontend-core,AiPlatform,v2.7,Under Review,Internal,True,Donald White,3.2,52.4,1439,1628,987,64,"DOC-005942,DOC-006151",True,bge-small-en-v1.5,2024-12-19,False
DOC-000352,Social beautiful hand training,Market toward success leave each could.,Yourself usually three paper. Staff wear animal focus. Them blue ever such artist nothing. Structure attack road above. Expect foot floor already great.,DevOps,LLMs,TypeScript,Flutter,GraphQL,Advanced,Donald Wiley,Data Engineer,Infrastructure,"Hayes, Hale and Holmes","animal,standard,wear","remain,which",2024-02-17,2024-05-03,HTML,Portuguese,33,1706,6,data-pipeline,TechMind,v2.4,Under Review,Restricted,True,Justin Miller,4.6,84.6,1438,3184,487,113,"DOC-005306,DOC-000565",True,e5-large-v2,2024-05-21,False
DOC-007486,His tonight nice,Story weight hand such crime chair.,Idea respond fall possible team. Care rather serious answer give eight head face. No education develop that. Local value these.,AI/ML,Authentication,Python,Next.js,GraphQL,Advanced,Charlene Ruiz,DevOps Architect,Infrastructure,White and Sons,"sometimes,he,return","product,design",2024-03-20,2024-06-24,HTML,Portuguese,17,4931,19,auth-api,CoreAPI,v2.2,Deprecated,Restricted,True,Bryan Peters III,3.2,42.3,1423,702,838,144,"DOC-001885,DOC-005428",True,e5-large-v2,2024-07-01,True
DOC-006293,Suffer indeed score movement also parent,Against hotel likely pressure focus wide.,Society act direction western partner very computer. Recently student everything hope stay role. Clear parent consider threat light industry paper. Talk enough indicate business exactly draw.,DevOps,UI/UX,Rust,Flutter,Kafka,Expert,April Wilson,Data Engineer,Product,Scott-Ferguson,"serve,memory,same","house,writer",2024-04-19,2024-05-20,HTML,English,7,1893,7,cloud-infra,CloudScale,v2.6,Draft,Public,True,Emily Larsen,4.2,68.5,1203,3620,517,141,"DOC-001028,DOC-005180",False,all-MiniLM-L6-v2,2024-05-30,True
DOC-000146,Too ask well business your its baby,Old director show. Call head happy trouble rise.,Father guess information maybe. Production a ago college sometimes job arrive. Everybody bring impact. Piece a analysis determine share college. Her live walk until write your. Assume stage democratic camera wish attention yourself.,Mobile,Microservices,TypeScript,Django,MongoDB,Beginner,Rachel Garcia,Backend Developer,Product,"Reed, Warren and Rogers","everything,thus,thus","choice,need",2024-11-18,2024-12-25,HTML,Portuguese,23,6662,26,auth-api,SecureAuth,v1.2,Archived,Internal,True,Kelly Garza,4.3,92.2,1753,4278,34,45,"DOC-006834,DOC-008775",False,bge-small-en-v1.5,2025-01-12,True
DOC-003016,Enjoy responsibility enough,Network person under knowledge. Style final onto alone shake indicate store.,Let upon decade available up. Action ask or trade he us. Point forward very yard movie game treat forward. Level movement long. Single risk clear food above organization. Modern step soon yet establish culture.,AI/ML,Testing,Go,Flutter,PostgreSQL,Intermediate,Michael Thompson,DevOps Architect,Engineering,Swanson LLC,"size,join,suddenly","rise,theory",2024-12-04,2025-01-30,PDF,Portuguese,14,7582,30,frontend-core,CloudScale,v3.5,Archived,Secret,False,,4.6,64.9,1303,8106,301,44,"DOC-005029,DOC-006391",True,bge-small-en-v1.5,2025-02-16,True
DOC-002879,Think mouth project necessary film,Congress fund everything speak this recently. Door up Republican senior sea third sometimes.,Assume know four. Mr understand cause drop democratic trial into member. Around garden by technology simple apply. Per author appear data. Hear concern from less behind next community research. Eye individual guy unit other appear sell. Major region within manager.,Frontend,APIs,Java,Express,Kafka,Expert,Paul Bridges,Backend Developer,QA,Cortez LLC,"I,house,education","concern,song",2024-06-26,2024-08-11,HTML,French,20,3160,12,auth-api,DataHub,v2.7,Deprecated,Restricted,False,,4.7,75.0,620,10550,725,148,"DOC-004448,DOC-009088",True,all-MiniLM-L6-v2,2024-08-26,False
DOC-005417,Front song model onto,Very decide and information true ahead. Opportunity why catch.,Again establish strong easy. Reflect pay detail. Create total several be. Give according four girl capital.,Cloud,Authentication,Rust,Django,Kubernetes,Expert,Nancy Ibarra,Data Engineer,Data Science,Russell-Cordova,"example,near,thought","through,industry",2024-05-31,2024-07-08,PDF,English,15,3333,13,mobile-app,SecureAuth,v1.6,Under Review,Secret,False,,3.7,93.5,1757,4561,309,75,"DOC-005502,DOC-005922",True,e5-large-v2,2024-08-02,True
DOC-006051,Office himself here fly,Arrive family enter idea bill religious.,Less light kitchen school themselves affect. Model truth work admit statement appear. Exist happen deal pretty more. Half direction image certain. At good finish tax that leader after game. Second adult another word human number. Road toward subject computer cultural figure probably agreement. Present claim very particular yeah year popular.,Security,Microservices,SQL,Vue.js,MongoDB,Intermediate,Christopher Powell,Tech Lead,QA,"Perez, Rodriguez and Wilson","note,parent,consider","person,recent",2024-07-27,2024-10-12,TXT,English,10,1631,6,cloud-infra,SecureAuth,v3.8,Approved,Internal,False,,4.4,50.5,1967,14344,105,42,"DOC-006830,DOC-009930",False,all-MiniLM-L6-v2,2024-10-19,True
DOC-009499,Medical really join people close from spring,Central season add certainly after last animal throughout.,Red little true hot so scene natural today. Deal prevent kid range PM who after opportunity. Describe level at material. Get soldier participant administration western guy table. Management service simple guess position fish serious thousand. Attack bit despite occur tough. Out sit base term actually push often. Market green ok appear yet beautiful what.,Mobile,CI/CD,Java,Spring Boot,AWS,Beginner,Tony Hunter,DevOps Architect,QA,Ward Inc,"that,crime,interest","ready,range",2024-03-05,2024-03-13,DOCX,French,36,4353,17,auth-api,CloudScale,v2.6,Draft,Restricted,True,Jacqueline Newton,3.6,45.5,63,255,375,64,"DOC-008046,DOC-002663",False,text-embedding-3-small,2024-03-28,False
DOC-006512,Ago office suddenly especially agree,Television toward information share travel.,Catch open least car character including. Left over occur group. Mission ok put participant old cost. Bill trial child enjoy debate.,DevOps,Databases,C#,React,GraphQL,Advanced,Francis Hall,Security Specialist,Data Science,Zimmerman-Meyer,"occur,hour,pattern","sound,compare",2024-10-15,2024-12-22,PDF,Portuguese,19,3836,15,cloud-infra,TechMind,v3.7,Draft,Public,False,,4.1,89.1,767,8298,506,40,"DOC-008925,DOC-005023",True,e5-large-v2,2024-12-25,True
DOC-002774,Up whole ahead course,Always situation finish.,Lot step billion else. Thank year discussion worry step. In son scene thousand growth tax peace. Answer when remember. Fight several evidence notice head. Very dog present enough full paper method.,Cloud,Microservices,TypeScript,Next.js,Docker,Advanced,Kristi Ryan,Security Specialist,Infrastructure,Cohen LLC,"stay,already,painting","court,mean",2024-11-07,2024-12-24,HTML,Spanish,22,5628,22,data-pipeline,AiPlatform,v3.0,Approved,Secret,False,,3.9,36.2,412,4042,102,10,"DOC-007458,DOC-005606",False,text-embedding-3-small,2025-01-21,True
DOC-000848,Take pressure during ago,Property behavior market police manage poor.,Will alone tax PM partner. Future term beat. Fill wide wall himself since. Born Mr source learn information whole her.,AI/ML,CI/CD,SQL,Vue.js,Redis,Advanced,Brian Lester,Tech Lead,Engineering,"Hart, Fernandez and Martin","whom,guess,material","which,report",2024-12-30,2025-03-15,TXT,Spanish,21,1117,4,mobile-app,TechMind,v1.4,Archived,Secret,False,,4.9,52.2,800,801,237,82,"DOC-004296,DOC-004667",True,all-MiniLM-L6-v2,2025-03-20,True
DOC-004457,Raise five whatever him Democrat huge,Most list get.,Usually size price. Yourself see nation today talk onto move speech. Speak size up establish reveal. Decision citizen else language first. Room recently blue scientist. True rest most tree year news guess.,Cloud,Databases,TypeScript,FastAPI,PostgreSQL,Intermediate,Ashley Stewart,DevOps Architect,Security,"Larson, Hendrix and Santos","night,road,serious","skill,financial",2024-08-26,2024-10-29,DOCX,English,40,713,2,mobile-app,DataHub,v3.6,Under Review,Restricted,True,John Foley,4.7,62.6,1047,540,192,127,"DOC-004854,DOC-004480",False,text-embedding-3-small,2024-11-20,True
DOC-001271,Public rise total,Clear official unit first simple.,Morning miss these benefit including quality exist. Water leave spend check. Process pattern skill my. Hot rise report rich short first term. Wind top western friend material debate play.,Data Engineering,Databases,TypeScript,Django,Kubernetes,Advanced,Gary Smith,DevOps Architect,Product,"Harmon, Jacobs and Burke","cover,quickly,election","improve,example",2024-08-21,2024-10-14,PDF,Portuguese,21,6310,25,data-pipeline,DataHub,v2.2,Approved,Secret,True,Daniel Murphy,4.6,49.4,572,11236,170,92,"DOC-006092,DOC-002084",True,all-MiniLM-L6-v2,2024-10-23,False
DOC-005375,Design great see sing you yourself,Example consider especially probably.,Avoid message enter form face. Pick story number include indicate in ever discover. Also bit fire available no huge own. Air general parent general part.,Frontend,Testing,Python,Flutter,Redis,Expert,Michael Allen,DevOps Architect,Data Science,Fernandez Inc,"expert,life,bank","industry,win",2024-02-11,2024-03-15,PDF,French,27,3241,12,mobile-app,DataHub,v3.5,Draft,Public,True,Christine Burns,4.4,46.8,1709,10589,438,134,"DOC-008013,DOC-007563",True,bge-small-en-v1.5,2024-03-26,False
DOC-004332,Law social about bed least,Machine finish yard church back money pass there.,American bank specific top itself good shake. Who training vote least card might exactly send. Particularly democratic company factor commercial despite including recently. Skin whether tend surface lawyer visit. Wonder free beautiful better our indeed. Religious kitchen late letter quickly who door. Amount argue land by under as world.,DevOps,Testing,Go,Spring Boot,Kafka,Beginner,Nicholas Mathews,DevOps Architect,Data Science,"Moreno, Cline and Lewis","after,think,make","road,play",2024-03-10,2024-04-28,DOCX,Spanish,19,2205,8,cloud-infra,SecureAuth,v2.1,Approved,Restricted,False,,4.8,50.5,1820,10040,305,20,"DOC-009191,DOC-002982",False,e5-large-v2,2024-05-01,False
DOC-008687,Now film degree soon statement drive,Star hair magazine. Evening pay evening field care unit.,The statement natural. Of one main. Lead wide television election white those. Alone section page hand. Hear between through less face. From mouth paper specific year American. Establish accept goal between change past.,AI/ML,Databases,Go,Spring Boot,Docker,Advanced,Michelle Rangel,DevOps Architect,QA,Mclaughlin-Bowman,"world,head,decide","receive,most",2024-05-02,2024-05-27,HTML,French,36,5585,22,frontend-core,CoreAPI,v3.1,Draft,Restricted,False,,3.2,37.0,608,11186,777,15,"DOC-005237,DOC-005307",True,bge-small-en-v1.5,2024-06-17,True
DOC-006181,Middle fire focus,Grow wish performance. Best purpose rather benefit world.,Mouth year risk power hold get table. Your adult scientist stop space make above. Whole night significant else offer notice international. Pattern few discover prove. Turn her standard parent describe. Continue wrong floor rather they might trial.,AI/ML,Microservices,JavaScript,React,Kubernetes,Expert,Anna Nixon,Tech Lead,Security,"Marsh, Watson and Walters","community,series,American","long,policy",2024-07-04,2024-09-14,MD,English,19,2702,10,auth-api,CloudScale,v3.8,Approved,Internal,False,,4.5,93.6,1745,13491,559,147,"DOC-006610,DOC-005963",True,bge-small-en-v1.5,2024-10-01,True
DOC-009237,Street mother improve,Mission structure heart information. Act happy human agreement floor special career state.,Make receive spend large they season. Effort traditional open forward high. Station health old site himself. Others property up imagine despite. According economic film character ok understand. Skin offer information trouble address open.,Frontend,Testing,Go,Spring Boot,Redis,Beginner,Michael Watson,Tech Lead,QA,"Harris, Deleon and Jackson","east,tough,carry","theory,who",2025-01-16,2025-04-10,HTML,French,25,4137,16,data-pipeline,TechMind,v2.9,Archived,Secret,False,,3.0,67.9,1596,733,241,55,"DOC-001431,DOC-007935",False,e5-large-v2,2025-05-10,True
DOC-008358,Green hope stuff my study,Determine social age fast forget see player order.,Five design difference against. Behind everybody face investment sea it. Side scientist year them individual. However mean sure couple. Determine ever occur population. Ready expert bar far.,AI/ML,Databases,TypeScript,Express,PostgreSQL,Intermediate,Stephanie Horton,Security Specialist,Security,"Patrick, Deleon and Cummings","performance,could,different","owner,magazine",2024-01-09,2024-03-12,PDF,Portuguese,2,7850,31,mobile-app,DataHub,v1.8,Archived,Public,True,Jennifer Boyd,3.5,93.7,1798,2188,57,69,"DOC-004091,DOC-003242",True,all-MiniLM-L6-v2,2024-04-05,True
DOC-009911,Run wear expert table up degree,Future how people reality. Foot same owner through establish past evidence.,Dream officer inside. More husband nice avoid pretty. Son article letter item authority she. Production place blood become change voice group. Take husband him whole tree huge toward. Finally moment here realize financial.,Backend,Authentication,Python,React,AWS,Beginner,Deanna Lucas,Frontend Engineer,Product,Marshall and Sons,"blue,own,group","camera,protect",2024-07-14,2024-10-13,MD,Spanish,40,4006,16,cloud-infra,CoreAPI,v3.6,Deprecated,Restricted,True,Sean Phillips,4.7,35.7,1484,11884,983,116,"DOC-007085,DOC-004968",True,text-embedding-3-small,2024-10-15,True
DOC-005561,Vote easy argue entire,Beyond of to mouth through wait. Outside director particular assume manager wish fly.,Relate claim can individual artist. Anyone return between brother special voice. Dark approach land guy face space. Should three though herself training including half. Project something hit south group his agree. Never husband recent forward stop nor figure. Machine but should amount garden.,Data Engineering,UI/UX,SQL,React,MongoDB,Expert,Edwin Flores,DevOps Architect,Engineering,Bailey Inc,"central,left,fine","deal,Congress",2024-04-15,2024-05-22,TXT,French,14,6406,25,data-pipeline,SecureAuth,v1.6,Deprecated,Public,False,,3.1,22.4,296,9984,751,119,"DOC-005912,DOC-005679",True,all-MiniLM-L6-v2,2024-06-06,True
DOC-001698,Suddenly series clear town data,Already theory various vote.,Tax they would return area. Carry station pass article. Draw paper tonight thing mouth now. Reveal heart follow big include onto bit. Shoulder owner through enjoy. Red ground lot start. Official you project story fire line market.,Frontend,UI/UX,Rust,Spring Boot,MongoDB,Advanced,Mitchell Stanley MD,DevOps Architect,Data Science,Scott-Wilson,"perhaps,fear,along","skin,admit",2024-05-08,2024-07-01,DOCX,Spanish,9,7352,29,frontend-core,CoreAPI,v3.7,Deprecated,Secret,False,,3.0,80.4,1392,1500,283,144,"DOC-003473,DOC-009818",False,text-embedding-3-small,2024-07-03,True
DOC-000036,Management PM hit,Face coach far forget although receive look.,Father entire difficult experience today local. Well million soldier. Give old pick week relate popular. Any draw however. Want her despite into type. Should suddenly word personal. Early control edge summer article agency.,Frontend,Authentication,Go,Django,Kubernetes,Advanced,Mark Washington,Tech Lead,Data Science,Olson-Terry,"hundred,wife,option","before,eye",2024-01-16,2024-02-14,MD,English,7,2551,10,auth-api,CoreAPI,v2.7,Archived,Public,False,,3.8,43.4,50,5675,905,56,"DOC-000359,DOC-004711",True,bge-small-en-v1.5,2024-02-19,False
DOC-002285,Work security assume camera modern,Out moment rest recognize color within. Fight from have thing.,Enough father start standard point friend. Company bed personal full physical want soon. Free machine analysis daughter others western. Kind yourself admit. Risk mouth sure small. Finally enter important. Moment save similar man event after.,Security,CI/CD,Java,Next.js,PostgreSQL,Advanced,Shaun Lopez,DevOps Architect,Infrastructure,Smith-Conner,"left,person,special","seven,political",2024-09-03,2024-11-02,DOCX,English,20,4813,19,frontend-core,TechMind,v2.0,Under Review,Internal,True,Jonathan James,4.5,61.6,953,632,397,72,"DOC-002676,DOC-002015",True,all-MiniLM-L6-v2,2024-11-03,True
DOC-002423,Fear indicate occur,Throw population left sort another practice education win.,Month lawyer skin. Realize include practice although determine blood suddenly. Report order gun when a tax stop reality. Fall sport save respond finish through environment. Evidence general generation indicate. Challenge main open itself turn simply. Ahead go able story we. Sell ok campaign section determine lead start.,Cloud,Microservices,Java,Vue.js,Kubernetes,Intermediate,William Thompson,Data Engineer,Engineering,Johnson LLC,"per,certainly,perhaps","use,we",2024-01-22,2024-03-04,HTML,English,28,2187,8,data-pipeline,TechMind,v3.0,Approved,Restricted,False,,3.3,64.6,499,14361,319,129,"DOC-005077,DOC-007921",False,bge-small-en-v1.5,2024-03-07,True
DOC-000279,Television tough ahead,Run stay professor mean.,Born paper police stand. How artist while song feeling. Fall left as have wide activity table. Certain market thus car instead now necessary.,Data Engineering,Databases,Rust,React,Kafka,Intermediate,Vickie Nunez,Data Engineer,QA,"Romero, Gregory and Garcia","reflect,behavior,religious","serious,window",2024-02-21,2024-04-27,DOCX,Portuguese,14,2387,9,mobile-app,CoreAPI,v2.8,Deprecated,Restricted,True,Derek Patton,5.0,53.7,769,14972,717,79,"DOC-004420,DOC-007699",True,all-MiniLM-L6-v2,2024-05-26,False
DOC-004851,Whom reduce eight yourself try,While entire fall.,Girl color rule evidence space purpose trade wife. Election sort fund. Weight head but product board. Event side reduce. Nation lot early feel. Work provide reason season lead learn front.,Backend,Authentication,Go,FastAPI,MongoDB,Advanced,Jimmy Holmes,DevOps Architect,QA,Rodriguez-Jordan,"their,book,stock","guess,relate",2024-09-09,2024-11-26,HTML,French,20,2732,10,auth-api,TechMind,v1.5,Deprecated,Public,False,,4.4,54.6,425,14074,980,140,"DOC-001109,DOC-008267",True,text-embedding-3-small,2024-12-23,False
DOC-009611,Time teacher treat,Guess spend agency want keep. Even animal list.,Peace region thank subject production indicate fly. Drop ask meeting once shoulder suggest. Up show meet nice short on tend.,Frontend,Databases,Go,FastAPI,PostgreSQL,Intermediate,Rachael Curtis,Data Engineer,Engineering,Johnson LLC,"social,hear,whole","American,thank",2024-07-28,2024-09-06,DOCX,Spanish,9,3353,13,mobile-app,DataHub,v1.1,Under Review,Restricted,True,Lynn Parker,3.0,73.5,837,12668,783,4,"DOC-004578,DOC-000048",False,text-embedding-3-small,2024-09-22,True
DOC-003363,Site red would realize,Partner maybe can thank small school describe.,Fish well fear year part. Lose such particular significant senior someone option. Government everyone time finish their second. Old score company management know generation.,Frontend,Testing,Java,Express,Docker,Advanced,Amber Byrd,Security Specialist,Security,"Munoz, Thomas and Waters","short,part,down","arm,understand",2024-11-21,2025-01-31,DOCX,Portuguese,21,7620,30,auth-api,TechMind,v3.2,Deprecated,Secret,True,Michael Smith,3.9,72.2,998,14798,575,91,"DOC-000780,DOC-003817",False,e5-large-v2,2025-03-02,True
DOC-009755,War everyone consumer sound,Reduce matter huge another star.,Land production put easy professional. Family test box small everything although. Black minute determine determine turn break. Exactly project effort under official foreign. State build source plant young western. Dog daughter just others use total chair.,Frontend,LLMs,Python,Django,MongoDB,Expert,Michael Cruz,Tech Lead,Security,Thompson-Martinez,"particularly,describe,beyond","he,ability",2025-01-15,2025-04-17,PDF,French,3,707,2,cloud-infra,DataHub,v3.1,Draft,Public,True,Brandon Smith,3.3,60.7,1606,8228,622,147,"DOC-007946,DOC-001156",True,all-MiniLM-L6-v2,2025-05-15,True
DOC-008541,Use modern suffer education,Enter together expect lay experience property course.,Eat character hold. Sound claim different expect wonder artist. Several perform beautiful any unit why buy. Skill the military national.,AI/ML,UI/UX,TypeScript,Vue.js,MongoDB,Advanced,Ryan Johnson,DevOps Architect,QA,Hernandez-Lee,"interest,lay,foot","know,later",2024-08-27,2024-11-08,TXT,Portuguese,7,2042,8,backend-services,CoreAPI,v2.3,Under Review,Restricted,False,,5.0,80.2,353,10971,379,2,"DOC-005456,DOC-006343",False,all-MiniLM-L6-v2,2024-12-03,True
DOC-006250,Weight often deal Mrs,Word walk at hard.,Add human small next. Nearly soldier assume. White message herself central leave score news. Article billion keep point then police. Half defense per serious garden. Kid dog cup provide throughout.,Cloud,UI/UX,Java,Next.js,MongoDB,Intermediate,James Thomas,Tech Lead,Product,"Johnson, Avery and Harding","lead,make,foreign","others,cold",2024-07-19,2024-10-23,HTML,French,33,5549,22,data-pipeline,AiPlatform,v3.2,Under Review,Secret,True,Terri Powers,4.1,74.0,1119,188,544,130,"DOC-007488,DOC-004409",True,e5-large-v2,2024-11-03,True
DOC-003586,Walk section region seat,Listen interest generation resource left amount.,Together event others under director that break himself. Institution product she wall surface prevent teach fish. Forget door because newspaper sell. View special type strategy. Test once happy push fear politics. Value his position training peace.,Security,Databases,C#,Express,MongoDB,Advanced,Chad Dean,Security Specialist,QA,Haas-Richardson,"any,central,will","thank,move",2025-01-20,2025-02-02,PDF,Spanish,35,6829,27,cloud-infra,CoreAPI,v1.7,Deprecated,Public,True,Aaron Vazquez,3.6,27.6,1978,12481,174,82,"DOC-001734,DOC-009797",False,text-embedding-3-small,2025-02-28,False
DOC-006878,Money agreement home response such whom,Eight difference five forget response eye we instead. East make assume activity condition from success.,But card including. Machine believe pull report whole skill teach. Expect short various four. Save buy hot ball until join.,AI/ML,Microservices,Go,Next.js,Kubernetes,Expert,Jason Spence,DevOps Architect,Infrastructure,Schultz Inc,"join,operation,own","body,way",2024-08-11,2024-11-10,TXT,Spanish,22,5389,21,auth-api,SecureAuth,v2.5,Deprecated,Restricted,False,,4.6,93.2,918,6594,749,147,"DOC-007801,DOC-000286",True,all-MiniLM-L6-v2,2024-11-19,True
DOC-009715,International join member side toward,Including identify attack collection live detail. Although already her well accept certainly lay.,Dinner perhaps enter explain spring me. Leader century eight political speech a will. Of far performance special. Care paper person population.,DevOps,APIs,C#,Next.js,AWS,Expert,Jonathan Wells,Tech Lead,Engineering,Vang-Welch,"term,address,manager","cold,total",2024-09-14,2024-11-24,TXT,English,38,4936,19,auth-api,SecureAuth,v2.1,Archived,Restricted,False,,4.1,47.8,851,10813,633,1,"DOC-000909,DOC-006924",True,bge-small-en-v1.5,2024-11-29,True
DOC-006724,Believe threat son part specific network,Sometimes and best management stop.,Imagine the when citizen gas us option. Goal ok century. Use cup trade sign. Land key wall class within left to market. Street detail like audience case.,Cloud,UI/UX,Go,FastAPI,MongoDB,Expert,Matthew Cross,Data Engineer,QA,Garcia-Price,"record,experience,media","factor,win",2025-01-14,2025-02-09,TXT,English,16,3820,15,backend-services,CloudScale,v3.6,Archived,Restricted,False,,4.9,79.7,1059,13324,487,49,"DOC-006969,DOC-007690",False,all-MiniLM-L6-v2,2025-03-03,False
DOC-008267,Sign event scene describe fast something,Contain director meeting member production simple.,These reveal necessary development hold place. Similar soon play. Computer them moment can. Appear wish stand. Between some research late democratic. With director city inside discuss individual chair. Over crime land.,Frontend,UI/UX,JavaScript,Spring Boot,GraphQL,Beginner,Tracy Taylor,Frontend Engineer,Security,Glover Ltd,"trip,all,rule","apply,doctor",2024-12-27,2025-03-19,DOCX,Spanish,2,7040,28,auth-api,CloudScale,v2.5,Under Review,Restricted,True,Kerri Kim,4.5,88.4,496,10743,767,45,"DOC-008716,DOC-008475",True,text-embedding-3-small,2025-03-31,True
DOC-005841,Player rise draw,Real generation how. Drop learn protect authority program continue he.,Opportunity program some room. Mother thought campaign they relate finally. Benefit own energy law. Discover character type throughout who happen.,Data Engineering,LLMs,Python,FastAPI,Kafka,Advanced,Wyatt Wright,DevOps Architect,Security,"Johnson, Terry and Miller","once,career,true","country,us",2024-05-19,2024-08-06,HTML,French,26,7963,31,frontend-core,SecureAuth,v1.8,Under Review,Internal,False,,3.8,71.1,1028,7958,812,46,"DOC-006432,DOC-004333",False,text-embedding-3-small,2024-08-25,True
DOC-004587,During hospital tonight,Writer case act seem. Tree single model.,They low expect popular. Partner say interview early minute. Type situation account PM adult several. Again interest attorney indeed town.,AI/ML,Microservices,TypeScript,Spring Boot,PostgreSQL,Beginner,Philip Wright,Backend Developer,Product,Wagner LLC,"action,inside,story","seek,relationship",2024-08-15,2024-10-03,DOCX,Spanish,28,5940,23,data-pipeline,CloudScale,v1.2,Under Review,Secret,False,,4.0,44.5,1198,3268,304,146,"DOC-002424,DOC-001756",False,bge-small-en-v1.5,2024-10-07,True
DOC-003207,Card suffer hear difference training interesting,Fine among gas number.,Air line public deal believe. Evening front on idea. Head gun fund large recognize. Fish wall medical from ball. Democrat treatment pattern want likely. Of respond hold. Sound subject together wish.,Security,Authentication,JavaScript,Next.js,MongoDB,Intermediate,Charles Tran,DevOps Architect,Engineering,Anderson Group,"final,than,increase","we,say",2024-11-19,2025-02-11,TXT,French,30,7613,30,frontend-core,DataHub,v3.5,Archived,Internal,False,,4.3,57.7,256,11337,189,110,"DOC-005599,DOC-002494",False,bge-small-en-v1.5,2025-03-09,False
DOC-009706,How knowledge nearly,Fill successful walk operation vote individual cold. Produce character position cultural born similar base usually.,All bring note take finish nearly both. Necessary study decision know so activity me. Involve miss especially student. Fight until find. Speak law win however term effort stock loss. Long ask factor tend build.,Cloud,Authentication,Python,Express,Kubernetes,Beginner,Joe Ortiz,DevOps Architect,Engineering,Calhoun-Rivera,"possible,you,little","painting,yourself",2024-01-26,2024-02-01,DOCX,Portuguese,8,4536,18,mobile-app,SecureAuth,v2.5,Draft,Public,True,Destiny Martin,4.5,62.4,1092,7178,92,140,"DOC-003175,DOC-001978",True,text-embedding-3-small,2024-02-17,True
DOC-008079,That us discussion,Wide growth sometimes against plant.,Stay someone whole newspaper billion. Degree person late decide partner by. Over tax yard soon son if own. Allow baby rest author difference Congress exist. Ability arm reason experience structure market cultural. First fine against own.,Security,APIs,SQL,Spring Boot,Docker,Intermediate,Anna Barron,Security Specialist,Engineering,Scott PLC,"seat,help,land","work,movement",2024-12-05,2025-02-12,HTML,English,20,4731,18,frontend-core,SecureAuth,v3.2,Draft,Secret,True,Dawn Jones,4.0,40.7,1263,6038,998,5,"DOC-000266,DOC-002993",True,text-embedding-3-small,2025-02-14,False
DOC-001366,Concern second let,Mouth nor eat allow those seat discussion.,Cultural drug pretty worry office send. At quite page past rise. Anyone war stop deal.,DevOps,Authentication,JavaScript,Flutter,PostgreSQL,Expert,Amanda Sims,Frontend Engineer,Product,Hoffman-Carter,"live,commercial,strategy","market,trouble",2024-09-11,2024-09-12,PDF,English,36,4015,16,auth-api,CoreAPI,v3.9,Archived,Secret,False,,4.0,64.9,1296,2740,796,38,"DOC-003735,DOC-008005",True,text-embedding-3-small,2024-09-25,True
DOC-001756,Quality situation several smile available stop adult,Wrong song summer young draw land over.,Environmental tend no now box. Teacher state network ago. None beautiful especially great may difference. Far consumer bag western tonight sense. Major professional site factor often letter itself. Share try down black scientist usually glass. Respond movie style senior prevent night.,Security,LLMs,JavaScript,React,Kubernetes,Beginner,Nicholas Ramirez,Tech Lead,Data Science,Chandler-Lynch,"attack,finish,local","behind,happy",2025-01-31,2025-05-10,PDF,Spanish,25,5504,22,frontend-core,CoreAPI,v1.0,Draft,Secret,False,,3.9,74.9,1841,11057,147,85,"DOC-005123,DOC-003257",False,bge-small-en-v1.5,2025-06-07,True
DOC-001962,Spend process whom prevent our,Yes increase well natural. Provide material let yeah service recognize.,Money prevent guess draw fine music. Issue song bit according. Consider bank I poor. Kind science issue how. Open whom most author lawyer enough top. Finish effort wish fact visit. Respond another small.,Data Engineering,Microservices,JavaScript,FastAPI,AWS,Beginner,Kari Barton,Security Specialist,QA,"Warner, Wise and Vincent","wonder,early,minute","interesting,heart",2024-07-24,2024-09-21,MD,Portuguese,4,3507,14,auth-api,AiPlatform,v3.7,Archived,Secret,True,Kayla Gray,4.1,23.4,727,1959,325,61,"DOC-005844,DOC-002071",True,bge-small-en-v1.5,2024-09-30,True
DOC-002308,Ten my official,Hand job question performance.,Commercial table stay rest grow public. Call executive condition up hear media most party. Table same over. Almost writer sister leave task important.,Mobile,UI/UX,SQL,Spring Boot,GraphQL,Beginner,Mary Lambert,Security Specialist,Infrastructure,Lin-Bender,"teach,product,almost","painting,attorney",2024-02-06,2024-03-03,PDF,English,18,6477,25,data-pipeline,DataHub,v1.8,Under Review,Secret,True,Patricia Kennedy,3.9,68.8,271,8287,445,118,"DOC-006972,DOC-004961",False,bge-small-en-v1.5,2024-03-20,True
DOC-008681,Benefit impact year,Audience measure good others activity. Only whose particular state.,Pressure partner drug doctor. Deal yourself realize kid whatever serious deep. Third fear step me position stage might this. Part service far wall design language. Feel piece lay since turn. Us try respond southern detail.,Backend,UI/UX,Java,Spring Boot,Redis,Advanced,Vanessa Whitney,Data Engineer,Infrastructure,"Petersen, Hobbs and Preston","old,serious,lead","group,drug",2024-01-08,2024-04-14,TXT,Portuguese,39,738,2,backend-services,AiPlatform,v2.9,Under Review,Internal,True,Luke Ruiz,3.2,30.5,720,3872,921,25,"DOC-002701,DOC-007988",True,e5-large-v2,2024-05-14,True
DOC-004877,Address quite team day response lay,Fight agreement conference eight method have business. Other store relationship strategy.,Else college us general. Enough get seek attorney friend south. I guess network one seven. Dog pretty big pattern almost answer help.,AI/ML,Authentication,C#,Flutter,PostgreSQL,Intermediate,Ronald Barnes,Backend Developer,Infrastructure,Hall-Graham,"glass,various,message","main,boy",2024-02-11,2024-04-24,TXT,English,35,3546,14,cloud-infra,SecureAuth,v1.9,Archived,Internal,False,,3.0,98.4,781,894,999,116,"DOC-002461,DOC-004668",False,all-MiniLM-L6-v2,2024-05-08,True
DOC-004232,Artist building offer,Where building although month media campaign.,Rock performance mention item international painting. Year determine wall why. Pm house trade really institution course. Item though name avoid physical language. Series rest area four rate. Economy alone age. Religious generation where head purpose fly.,Frontend,APIs,Rust,Django,MongoDB,Advanced,Yolanda Jackson,Data Engineer,Security,Banks and Sons,"evidence,week,appear","have,production",2024-01-06,2024-01-09,PDF,French,25,5113,20,cloud-infra,TechMind,v2.8,Under Review,Public,True,Stephanie White,3.5,90.8,1171,830,20,114,"DOC-001648,DOC-003382",True,all-MiniLM-L6-v2,2024-02-01,True
DOC-002764,Take area near ever account,Traditional dream sort our spring.,Air citizen political this consider edge five tax. Quickly stay which sort. The seem modern front. Both beyond lawyer make or seek seat. Water scene staff really mind for question. Leave manager meet statement energy.,Data Engineering,Testing,SQL,Django,PostgreSQL,Expert,Brian Bryan,Frontend Engineer,Product,Anderson Group,"senior,if,total","too,baby",2025-01-23,2025-03-20,MD,French,39,6238,24,cloud-infra,DataHub,v2.7,Deprecated,Restricted,False,,3.1,75.3,339,6635,933,76,"DOC-003014,DOC-004648",False,text-embedding-3-small,2025-03-25,False
DOC-001544,This mention around,Couple model perform event final north.,Eye available laugh first direction natural. Southern often charge candidate what. Store his whole relationship some. American usually reveal article travel.,Data Engineering,Databases,Java,Express,PostgreSQL,Expert,Michelle Collins,Backend Developer,Security,Parker Group,"same,rate,policy","listen,half",2024-05-09,2024-06-28,MD,Spanish,20,4817,19,data-pipeline,AiPlatform,v3.2,Deprecated,Secret,True,Carla Williamson,3.6,85.1,211,365,943,18,"DOC-001140,DOC-006294",True,e5-large-v2,2024-07-23,True
DOC-008372,Catch determine sing even,Sign figure win fly. Good most through ahead blue.,Brother item fly. Indicate along represent performance understand stand professional. Hold start table successful language design. Development participant time toward final similar a prove.,Frontend,Databases,Python,FastAPI,PostgreSQL,Beginner,Steven Harmon,Security Specialist,QA,"Chandler, Strickland and Anderson","traditional,technology,worker","focus,force",2024-12-23,2024-12-27,PDF,Spanish,22,1500,6,cloud-infra,CoreAPI,v2.6,Approved,Restricted,False,,3.4,48.1,1810,2977,362,17,"DOC-000274,DOC-002888",False,e5-large-v2,2025-01-23,True
DOC-007537,Fish that senior speak on visit work,Huge than everything result prepare loss church pull. Television executive rather form tell brother magazine.,Room make so fine middle. Institution peace quickly thank among. Major majority must performance under. Off choice do region. History seat the watch area under increase heart.,Security,UI/UX,Java,Django,PostgreSQL,Beginner,Tiffany Scott,Data Engineer,Infrastructure,"Shah, Ballard and Chandler","right,especially,remain","team,administration",2025-01-08,2025-03-18,PDF,French,18,7373,29,mobile-app,DataHub,v1.1,Approved,Secret,True,Jennifer Romero,3.2,46.5,417,9702,394,36,"DOC-007956,DOC-009174",True,all-MiniLM-L6-v2,2025-03-26,False
DOC-002690,Worry heavy activity,Same go painting amount day rock. As skin rather have try fine southern result.,Class watch once yourself forget later. Receive imagine table heavy while create computer. South guy five less. Current impact final turn film style miss. Happy build adult relationship.,Mobile,APIs,Rust,React,AWS,Intermediate,William Clarke,Security Specialist,Infrastructure,"Woods, Davis and Newman","officer,professional,source","member,short",2024-03-06,2024-04-19,MD,French,5,1204,4,frontend-core,AiPlatform,v1.4,Under Review,Public,False,,4.0,25.1,57,8771,714,66,"DOC-003666,DOC-002460",False,bge-small-en-v1.5,2024-04-27,False
DOC-000862,Alone movement owner deal poor,Another apply eight say need wife PM interesting.,About fall grow run himself history growth. Moment movie production owner. Second film thank through strategy general husband. Care experience rate east face public hit treatment. Bring clearly around film evening. Question not story way.,Frontend,LLMs,Rust,FastAPI,MongoDB,Advanced,Patrick Norris,DevOps Architect,QA,"Martinez, Jackson and Long","outside,at,financial","write,score",2024-03-16,2024-04-12,MD,Spanish,20,7855,31,data-pipeline,TechMind,v3.7,Under Review,Restricted,False,,3.0,46.2,992,13269,730,25,"DOC-004309,DOC-006404",False,e5-large-v2,2024-04-19,True
DOC-003167,Hospital government recent under,Sense modern himself few. Need little actually full across while.,Area your perform law room positive. Build fish message design. Improve claim hold note strategy stage mean. See stand cover executive. Former report girl such risk would human. Next some cut bill. Situation only law indicate.,AI/ML,LLMs,Python,FastAPI,Kafka,Expert,Dawn Jones,Frontend Engineer,Data Science,Pennington-Smith,"despite,wind,hotel","stand,free",2024-09-17,2024-12-06,PDF,Portuguese,12,2757,11,mobile-app,SecureAuth,v1.1,Archived,Restricted,True,Tonya Pierce,4.7,82.3,1803,7304,658,69,"DOC-007796,DOC-008841",True,bge-small-en-v1.5,2024-12-28,False
DOC-006449,Poor green thus since,These perhaps throughout moment.,Whole never yeah candidate mind wrong. Explain look animal do future. Scene away call direction public but require. Federal dream easy cup Mrs. Four environmental rich five. Her serve support president subject. Learn believe behind travel second voice top.,Frontend,Microservices,JavaScript,Spring Boot,MongoDB,Advanced,Donald Lowe,Data Engineer,QA,Willis-Ruiz,"include,lead,blood","down,action",2024-03-26,2024-06-21,PDF,French,19,7155,28,frontend-core,AiPlatform,v3.3,Archived,Secret,True,John Greer,3.4,26.2,1605,946,235,142,"DOC-002830,DOC-005475",True,bge-small-en-v1.5,2024-06-25,True
DOC-006332,Huge to mind month,Girl age save voice.,Eight truth air base movement financial do. Wish party let. Government point husband hit miss. Claim part interview yard in eat. Article garden number modern. Every official audience move. End show write design American program eat.,DevOps,LLMs,C#,Vue.js,Kafka,Beginner,Kevin Morris,Backend Developer,Data Science,Wagner and Sons,"goal,child,conference","nearly,guy",2024-06-24,2024-09-16,MD,Spanish,5,5829,23,cloud-infra,CloudScale,v3.6,Draft,Internal,True,Denise Shepard,3.5,46.6,1571,1131,802,8,"DOC-008353,DOC-007592",True,bge-small-en-v1.5,2024-10-05,True
DOC-001901,With news good clearly,Well cold necessary fight. Check north its.,Improve especially opportunity. Need huge blood state car near. My culture next meeting. Future off represent. Class risk house nation wrong. Also brother wear forward feel later responsibility. Reflect stuff sound possible account.,Security,Authentication,JavaScript,Spring Boot,AWS,Beginner,Samantha Flores,Security Specialist,Engineering,"Rivera, Andrade and Hall","include,bring,simple","himself,beautiful",2024-05-31,2024-09-08,TXT,Spanish,2,6271,25,cloud-infra,DataHub,v1.7,Deprecated,Internal,True,Bonnie Garcia,4.6,27.8,996,12476,870,2,"DOC-008859,DOC-005231",False,e5-large-v2,2024-09-24,True
DOC-008251,Tend director her,Source company itself despite. Tax issue traditional head wear east.,Also maintain mind television. Pass throughout how. Wait study apply sit deep help. Baby piece threat civil their.,Data Engineering,APIs,SQL,Flutter,Kubernetes,Expert,James Rogers,Security Specialist,Infrastructure,"Hart, Watson and Bruce","performance,interest,event","story,number",2024-09-16,2024-12-05,DOCX,English,30,4643,18,frontend-core,TechMind,v3.3,Approved,Secret,True,Melissa Reeves,4.7,84.8,425,10572,6,49,"DOC-004218,DOC-002433",True,text-embedding-3-small,2024-12-19,True
DOC-005523,Soon three nothing,Type agree rule here similar season sell field. Account generation join easy the describe.,Decade prove student there raise best tax. Interest price sort large must. Understand television perhaps reduce. Site term debate may.,Data Engineering,Databases,Python,Next.js,GraphQL,Advanced,Nicholas Cook,Backend Developer,QA,Roberts-Gonzales,"edge,bill,yes","buy,similar",2024-09-29,2024-11-30,DOCX,French,4,3876,15,mobile-app,TechMind,v3.6,Deprecated,Public,False,,4.2,27.0,1435,5814,125,78,"DOC-006196,DOC-005614",True,bge-small-en-v1.5,2024-12-11,False
DOC-005983,Admit natural light,Idea right play almost consumer.,Then state loss whom him late. How must face offer rock music early. Movie perform year ok threat million. New ball open. Of same better and between trade cup. Million environment report test accept just. Song base certain themselves hundred best.,Data Engineering,Microservices,TypeScript,Spring Boot,GraphQL,Beginner,Lisa Jordan,Frontend Engineer,Infrastructure,Medina Group,"ok,any,become","soon,during",2024-11-14,2025-01-29,PDF,English,2,3703,14,cloud-infra,CloudScale,v2.4,Draft,Restricted,True,Shawn Martin,3.0,87.7,1091,7999,57,87,"DOC-004843,DOC-001563",False,e5-large-v2,2025-02-11,True
DOC-006774,Game like different hotel,Perform north those effort well west. Region major win father southern model theory talk.,Decade very even new their detail room. Consumer expect human reflect. Left base American option worry often road. Player various development bad business often actually. Range yes usually share account month team. Author radio walk cost parent seat heavy.,Backend,Testing,TypeScript,Express,GraphQL,Intermediate,Erik Carrillo,Tech Lead,Infrastructure,Howard LLC,"suddenly,its,read","court,fill",2024-03-10,2024-04-07,MD,English,37,3302,13,frontend-core,DataHub,v1.1,Draft,Secret,True,Jason Townsend,3.9,27.6,1643,294,417,134,"DOC-009481,DOC-003123",True,e5-large-v2,2024-04-08,True
DOC-001606,History second fear direction team move to,Tell pressure take once. Production lot note possible.,Major speech amount story and these. Top a service watch where necessary. Power beat though Republican if along. Week budget evidence garden. Present market run cause. Market sister decision hand now.,Mobile,APIs,C#,Django,MongoDB,Intermediate,Suzanne Guerrero,DevOps Architect,Infrastructure,"Castillo, Alvarez and Baker","expect,send,feel","not,woman",2024-09-15,2024-10-26,PDF,Portuguese,15,4815,19,data-pipeline,CloudScale,v1.1,Under Review,Public,False,,4.6,64.3,1685,12499,761,60,"DOC-004582,DOC-006798",True,bge-small-en-v1.5,2024-11-08,True
DOC-004100,Money age upon structure benefit old,Show tend go chance material.,Leader side foot set senior. Seek maintain medical professor. Democratic way somebody upon adult west stuff. Relate city painting land agent effort interest consumer.,Security,Databases,Python,Django,Kafka,Intermediate,John Elliott,Tech Lead,Product,"Nolan, Anthony and Arnold","throw,car,different","team,letter",2024-06-02,2024-08-20,HTML,French,9,2629,10,mobile-app,SecureAuth,v3.3,Draft,Restricted,True,Hannah Kim,3.5,38.1,1296,10061,288,4,"DOC-008634,DOC-004080",True,e5-large-v2,2024-09-15,False
DOC-008166,Station say institution far social,Pattern wall foreign wall. Prevent establish short never break.,Season industry inside use. Various by indicate. Pull moment another sit again. Dog expect north air he.,Frontend,CI/CD,Rust,Express,AWS,Advanced,Colleen Shields,Frontend Engineer,Engineering,"Collins, Rodriguez and Todd","head,add,cultural","moment,quickly",2024-07-15,2024-09-09,MD,English,14,3253,13,auth-api,SecureAuth,v2.5,Archived,Restricted,False,,3.9,20.1,1921,4995,11,34,"DOC-006554,DOC-002115",True,bge-small-en-v1.5,2024-09-13,True
DOC-000473,Up clear use,Discussion your tonight thing.,Nation lay people government fall conference cut. Blood fine beautiful lay relate. Outside art necessary room. Never stop name hard money fight free remember. Bad art role daughter similar manage away. Relate according ask road responsibility market.,AI/ML,APIs,C#,Flutter,GraphQL,Expert,Catherine Pratt,DevOps Architect,Security,Bush-Stewart,"set,stand,go","seek,door",2025-01-10,2025-01-19,MD,Portuguese,13,2650,10,auth-api,CoreAPI,v3.0,Archived,Internal,False,,3.3,87.4,1724,4698,529,140,"DOC-007189,DOC-007423",False,e5-large-v2,2025-02-12,True
DOC-001905,Name interest receive,Writer avoid democratic star subject rate sister. Entire a wrong sport feel indicate.,Education always onto. Simply forward sit contain outside. Box task maybe choose party audience newspaper. Education strategy sure article majority agency address. Impact race month step. Trip know keep upon. Opportunity mention determine available land real.,Security,Authentication,TypeScript,Next.js,MongoDB,Advanced,Janet Reynolds,Backend Developer,Product,Sherman-Fleming,"end,nor,as","church,bring",2025-01-12,2025-02-09,DOCX,Portuguese,14,1112,4,cloud-infra,AiPlatform,v2.7,Draft,Secret,False,,3.1,48.8,1893,9419,838,25,"DOC-000901,DOC-006563",False,e5-large-v2,2025-02-10,True
DOC-008278,Speak school detail cause,Serve reflect trouble development account development green. Week scientist usually condition card even.,Work ok what mouth tough project decide. Artist third science fly again. Seem message former week play raise enough morning. Early hear national meeting describe tax.,Frontend,Databases,SQL,Express,Kubernetes,Beginner,Stacey Green,Backend Developer,QA,Reynolds Group,"just,picture,style","face,throughout",2024-03-27,2024-07-05,HTML,Spanish,13,6524,26,frontend-core,CloudScale,v3.1,Archived,Public,True,John Blake,3.8,43.7,514,5847,967,122,"DOC-009018,DOC-006959",True,e5-large-v2,2024-07-13,True
DOC-001998,Kind manager get unit city,Cut impact big blue return. Economy difficult want various life.,Like easy around collection. Up rich of deal. Sort area may huge daughter card. Movie window drug training remember win act. Other per indeed guy mission foot understand.,Security,Testing,Java,Express,Kafka,Expert,Chad Roberts,DevOps Architect,Security,Gallagher-Waller,"site,a,form","third,answer",2024-07-31,2024-10-26,DOCX,Portuguese,39,686,2,data-pipeline,AiPlatform,v1.9,Draft,Secret,False,,4.5,56.5,1069,13848,56,86,"DOC-005371,DOC-006108",False,all-MiniLM-L6-v2,2024-11-20,True
DOC-000502,Follow ability career reality president we,Place fall hit.,Citizen former brother research whether month. Hold anything above community sport. Reduce author and condition big hour what. Dinner student hundred economy.,Mobile,CI/CD,JavaScript,Next.js,Kafka,Beginner,Crystal Acosta,DevOps Architect,Security,"Choi, Baker and Williams","ago,design,treatment","improve,general",2024-11-28,2025-01-06,PDF,English,35,3659,14,backend-services,CloudScale,v3.0,Under Review,Secret,False,,4.1,41.0,1909,14080,700,48,"DOC-000417,DOC-003715",False,text-embedding-3-small,2025-02-01,False
DOC-009773,Talk cause end run,Late suffer population whatever college.,Budget view all position population community. Pass example democratic appear. Including food gas character decide too price. Strategy fight add expert. Prevent traditional pretty model method change staff. Financial popular heart. As close trouble himself evening.,Security,APIs,Rust,Spring Boot,PostgreSQL,Advanced,Victor Davidson,Security Specialist,QA,Merritt-Fields,"four,debate,list","effect,brother",2024-08-29,2024-11-08,MD,English,5,6652,26,mobile-app,CloudScale,v2.2,Draft,Internal,True,Melissa Nguyen,3.9,32.9,1895,11157,811,28,"DOC-001486,DOC-001282",False,text-embedding-3-small,2024-12-06,True
DOC-007249,Brother try table man hear,Factor those be. Whether across test think plan finish.,Hit herself computer dinner. Lose record gun if few. Why I remember protect media authority should. Boy attention budget return. Movie dark forget possible. Hotel move car. Game style economic produce follow technology.,AI/ML,LLMs,SQL,React,MongoDB,Beginner,Jeffrey Potter,DevOps Architect,Infrastructure,"Davis, Watson and Pena","medical,minute,than","history,because",2024-10-17,2025-01-02,TXT,Spanish,26,5893,23,frontend-core,SecureAuth,v1.1,Draft,Restricted,True,Terri Weaver,4.7,67.5,303,10331,556,31,"DOC-008654,DOC-008071",False,bge-small-en-v1.5,2025-01-09,False
DOC-004768,Of face several instead,Training be minute above.,Professional yet protect experience war. Since yeah method the and. Politics politics agent become size individual. Possible step establish choice during speech how.,DevOps,Microservices,SQL,FastAPI,AWS,Expert,Kelly Wagner,DevOps Architect,Infrastructure,Barton Inc,"they,address,carry","approach,customer",2025-01-02,2025-01-07,DOCX,Portuguese,7,4193,16,backend-services,CloudScale,v3.0,Under Review,Internal,True,Charles Hernandez,4.2,65.4,925,13026,840,40,"DOC-006304,DOC-009163",True,e5-large-v2,2025-01-25,False
DOC-004434,Role the ready,Arrive high trade decide.,Senior task develop control. Few none something tonight. Compare produce suggest serve.,AI/ML,Microservices,Go,Django,Docker,Advanced,Sean Davis,Tech Lead,Security,Schroeder Inc,"miss,hundred,later","wide,about",2024-12-17,2024-12-18,MD,Spanish,24,1610,6,auth-api,AiPlatform,v3.0,Draft,Secret,False,,4.1,71.9,740,1690,194,126,"DOC-001878,DOC-005000",False,text-embedding-3-small,2024-12-23,False
DOC-000696,Decision west every,Election detail know project chance. Floor accept fire similar.,Attention artist consumer fear. Third interview as beyond dream consider. Performance health rest item western rise economic air. Unit staff best successful left cost.,AI/ML,Testing,C#,Next.js,Docker,Expert,Matthew Johnson,DevOps Architect,Data Science,Melton Group,"main,Congress,particular","popular,management",2025-01-28,2025-02-15,HTML,French,38,1550,6,data-pipeline,TechMind,v3.1,Deprecated,Secret,True,Anthony Shepherd,4.8,96.2,1866,589,300,46,"DOC-005925,DOC-009326",True,text-embedding-3-small,2025-03-10,False
DOC-008613,Investment side town,Firm technology want. Unit car have cost heart.,Decide past sure car. Seek easy fire few try. Talk service side many. Bed old although national growth trial building. Because risk cover skill school soldier risk side. Education or conference concern. Instead despite page up while long expect. Music bank travel practice performance include production.,AI/ML,Testing,Rust,Spring Boot,AWS,Expert,Jennifer Sanford,Backend Developer,QA,Thomas and Sons,"wonder,phone,magazine","own,policy",2024-10-12,2025-01-08,DOCX,French,22,6935,27,data-pipeline,SecureAuth,v2.3,Archived,Secret,False,,3.7,79.4,765,6763,497,7,"DOC-002299,DOC-009774",True,all-MiniLM-L6-v2,2025-01-29,True
DOC-003205,Past police free,Base only large offer beat.,Recently under benefit number development similar quite. True blood major green tax lose. Certain indeed cover fight. Spring ability population position. Into last interesting walk tell.,Backend,UI/UX,Rust,Spring Boot,Kafka,Intermediate,Bryan Brown,Security Specialist,Product,"Herman, Barrett and Woodward","within,live,generation","student,point",2024-02-06,2024-04-02,TXT,French,19,5867,23,auth-api,CloudScale,v1.7,Draft,Restricted,True,Rick Warner,3.1,68.0,137,12221,553,86,"DOC-007267,DOC-008089",False,text-embedding-3-small,2024-04-27,True
DOC-000958,Suggest doctor community allow,Kid pass arm people final of leg short.,Tax free though you. Investment leader price huge. Choice successful too myself image. By reflect money opportunity nation. Carry future enter tough film surface whom sea. Song image its buy recognize realize city plant.,Security,Databases,Go,Next.js,AWS,Advanced,Anthony Lawrence,Tech Lead,Engineering,"Cook, Carter and Booker","power,walk,hot","side,gas",2024-08-22,2024-11-22,MD,French,39,2869,11,auth-api,CoreAPI,v3.8,Draft,Restricted,True,William Mendoza,4.5,21.3,242,12532,15,15,"DOC-004130,DOC-002724",True,text-embedding-3-small,2024-12-18,False
DOC-002469,Day different provide though receive I,Cultural behavior better policy hair.,Hear new coach level. Guess support wish build major my fight. Accept need base machine million officer return. After where environmental college still difference.,Frontend,CI/CD,TypeScript,Vue.js,AWS,Beginner,Mr. Daniel Jones,Data Engineer,Infrastructure,Walton Ltd,"office,subject,wall","age,after",2024-05-27,2024-07-07,DOCX,English,20,3368,13,backend-services,AiPlatform,v3.9,Approved,Secret,False,,3.1,28.4,596,539,865,137,"DOC-001445,DOC-009141",True,bge-small-en-v1.5,2024-07-30,False
DOC-004289,Boy member build best,Yes somebody modern great particularly. Improve school whole idea site together thus need.,Whole consider two natural structure. Include authority enter easy air. Strategy responsibility collection attorney hotel building. High discuss push mind. Woman suggest none from enter friend could. Work beautiful large keep anything stage. Ago many money drive.,DevOps,UI/UX,TypeScript,Flutter,Kubernetes,Intermediate,Christopher Harding,Security Specialist,QA,"Arnold, Edwards and Hawkins","morning,huge,arm","them,concern",2024-06-07,2024-09-05,DOCX,English,4,4065,16,backend-services,TechMind,v1.2,Archived,Public,False,,4.9,67.2,502,10947,458,107,"DOC-006129,DOC-001968",True,e5-large-v2,2024-09-17,True
DOC-005392,Fast consider trouble improve by get,Why fear instead standard. Probably wall medical would cell anyone.,Box word modern visit writer community forward. You late around wind reality oil environment. Couple both couple protect final.,Security,Authentication,Java,Express,Redis,Beginner,Amy Jones,Backend Developer,Data Science,"Carson, Lewis and Miller","room,hold,discussion","relationship,see",2025-01-20,2025-01-23,DOCX,French,29,6818,27,frontend-core,CoreAPI,v2.6,Archived,Restricted,True,Johnny Curry,4.9,65.2,21,9322,763,94,"DOC-001610,DOC-004079",True,e5-large-v2,2025-01-30,True
DOC-006137,Sell rule work create,Activity tree budget cultural size during just.,Huge tax why. Chair student image six activity agent. Add everybody try. New score simply.,DevOps,UI/UX,Go,Express,Docker,Advanced,Joshua Brown,Tech Lead,Infrastructure,Page-Gilbert,"rate,paper,school","product,pass",2024-11-16,2025-01-03,PDF,Spanish,35,5185,20,backend-services,TechMind,v2.9,Under Review,Restricted,True,Samantha Marquez,3.8,59.8,812,7786,96,109,"DOC-001831,DOC-002557",True,bge-small-en-v1.5,2025-01-13,True
DOC-004086,Lay imagine debate threat decide,Season pattern then church nice yes. Similar thus run him sister card certainly main.,Whatever beyond other eight they her begin. Last paper weight coach to news personal boy. Direction value who rest become husband. Official positive page suddenly every allow. Year minute generation at born view hour. Media country few fact.,Backend,APIs,Java,Django,GraphQL,Expert,Emily Murphy,Tech Lead,Engineering,"Rodriguez, Chavez and Blair","under,within,not","share,draw",2024-02-20,2024-05-07,MD,English,24,5878,23,data-pipeline,TechMind,v2.6,Deprecated,Internal,False,,3.7,39.6,361,11159,637,34,"DOC-003250,DOC-008520",False,text-embedding-3-small,2024-05-26,True
DOC-006905,Crime recently home matter,Learn chance him yourself that three turn. Whom evening office end white police.,Camera wonder how office vote. Soldier heavy large rule we. Make see need share follow. Friend build address positive his. Discussion eye without environment want religious partner.,Cloud,Testing,Go,Next.js,AWS,Expert,Glenn Rosales,Frontend Engineer,Data Science,"Bell, Vasquez and Bradshaw","gun,sea,serve","study,land",2024-09-10,2024-11-01,MD,English,30,2579,10,frontend-core,CloudScale,v2.2,Deprecated,Restricted,False,,3.4,53.3,1216,892,620,40,"DOC-002942,DOC-002586",True,all-MiniLM-L6-v2,2024-11-06,True
DOC-004714,Among moment region up land,Better energy whole response.,Improve deal treatment such remain. Know carry summer simply old focus them must. Issue may business else many. Right which opportunity eat.,Backend,UI/UX,Python,Flutter,Kubernetes,Intermediate,Jay Moyer,Backend Developer,Security,Dorsey and Sons,"allow,summer,treatment","impact,require",2024-03-01,2024-03-06,HTML,Portuguese,5,2679,10,auth-api,SecureAuth,v1.0,Draft,Restricted,True,Kelly Barber,4.2,96.7,849,4235,256,86,"DOC-005625,DOC-008068",False,e5-large-v2,2024-03-09,True
DOC-002498,West others coach federal issue young,Sell arm it true quickly. Federal condition soon speak point development effect seem.,Night party high figure. Water learn music condition give. Store television mouth two. Television require dinner call wrong example guess. Common interview save effect star. Medical us public score hold. Show do win test lose go leave break.,Mobile,Databases,JavaScript,Django,MongoDB,Advanced,Jose Kelley,Backend Developer,Product,Church-Savage,"amount,six,treat","newspaper,future",2024-12-21,2025-01-16,PDF,Portuguese,26,2854,11,backend-services,CloudScale,v2.4,Archived,Secret,False,,3.9,32.2,119,7514,924,112,"DOC-007211,DOC-003818",True,text-embedding-3-small,2025-02-10,True
DOC-004046,Start personal series kind,At moment scene measure among cultural. Research trip find bar.,Still second morning spring economic such successful. Yeah pattern dog professional. Rise century hundred economy that full or. Notice produce character create politics plan.,DevOps,Microservices,Rust,Spring Boot,MongoDB,Expert,Stuart Holt,Backend Developer,QA,"Cohen, Hill and Johnson","brother,imagine,a","often,us",2024-05-04,2024-07-18,MD,Portuguese,11,536,2,backend-services,SecureAuth,v1.6,Draft,Restricted,True,Ryan Jarvis,4.6,35.8,1997,12476,257,119,"DOC-005063,DOC-004930",False,text-embedding-3-small,2024-08-12,True
DOC-000249,Serious to avoid think capital,Fly high push player. Individual plant fight answer gas point.,Part himself now actually work. Matter join address increase reach reach. Under herself theory every international. Wife shoulder cause fund offer option first.,Mobile,CI/CD,Java,Express,Redis,Expert,Alexander Austin,Tech Lead,Infrastructure,Davidson and Sons,"matter,these,the","couple,bar",2024-03-10,2024-06-16,MD,Spanish,15,4317,17,backend-services,DataHub,v2.2,Archived,Secret,True,Sean Hanson,4.8,27.3,1615,6071,248,64,"DOC-008431,DOC-003977",True,e5-large-v2,2024-07-11,True
DOC-000640,Long walk capital,Have difficult best more everyone quality.,Should commercial need. Peace behind item apply eat. Director pass campaign out tend boy. Heavy early worker agree product.,AI/ML,UI/UX,SQL,Flutter,Kafka,Beginner,Henry Green,Tech Lead,Infrastructure,"Mendez, Morales and Jackson","leave,one,standard","although,growth",2024-04-06,2024-04-07,TXT,Portuguese,20,4073,16,data-pipeline,AiPlatform,v2.0,Deprecated,Secret,False,,3.2,65.8,1991,1549,551,139,"DOC-004543,DOC-001534",True,bge-small-en-v1.5,2024-05-02,False
DOC-002540,Appear test edge book reach,Garden quite energy everyone language.,Player without lose finally those another. Performance force thought thought answer as. Law improve agent. American make young thousand raise among.,Frontend,Microservices,C#,Next.js,Redis,Advanced,Amber Smith,Frontend Engineer,Security,"Dunlap, Tyler and Booker","whole,concern,need","every,energy",2024-07-18,2024-09-30,PDF,French,38,5378,21,frontend-core,CoreAPI,v1.3,Under Review,Public,False,,4.9,21.1,734,7976,846,105,"DOC-006844,DOC-000065",False,all-MiniLM-L6-v2,2024-10-02,True
DOC-003293,Management perhaps over spend itself,Form student prevent able others. May difficult particular yes small floor large.,Management machine from woman energy mind. Close free by open them old fish show. Reality firm bar couple test remember. With staff book age. Everybody surface opportunity class. Actually suffer direction break project method daughter soldier.,Data Engineering,Testing,Python,Express,MongoDB,Intermediate,Ricky King,Frontend Engineer,Data Science,Henry Inc,"show,actually,only","meeting,light",2024-09-09,2024-10-11,TXT,French,39,6091,24,frontend-core,SecureAuth,v2.2,Archived,Restricted,False,,3.5,30.9,1585,3792,702,5,"DOC-001232,DOC-002435",False,all-MiniLM-L6-v2,2024-10-18,True
DOC-002217,Single middle north performance conference read,Join class thought few. Range doctor animal return western.,Tough prevent threat matter likely hold sell. Quite some offer number approach network play. Summer early power movement. Understand unit stay consider detail.,Backend,CI/CD,JavaScript,Express,MongoDB,Beginner,Jacob Thomas,Backend Developer,Infrastructure,Barton-Daniels,"task,turn,far","share,state",2024-04-06,2024-04-14,HTML,French,17,3456,13,backend-services,TechMind,v2.4,Approved,Secret,False,,4.3,60.8,309,12799,779,45,"DOC-004223,DOC-003673",True,bge-small-en-v1.5,2024-04-24,False
DOC-007003,Rock morning dinner another forget wait,Concern picture remain church purpose they attention. Idea everything day into with score sure.,Interest TV little different present color part three. Civil animal house game free. Whether evening key off someone since. Budget offer experience imagine provide.,AI/ML,Microservices,TypeScript,Django,Kafka,Intermediate,Mason Edwards PhD,DevOps Architect,QA,"Taylor, Casey and Shea","voice,study,economic","for,stage",2024-04-29,2024-05-13,HTML,Spanish,20,4013,16,backend-services,TechMind,v2.2,Deprecated,Public,True,Kristine Miller,3.2,27.3,630,288,114,70,"DOC-002465,DOC-008658",False,text-embedding-3-small,2024-05-16,True
DOC-007294,Visit western lot,Field what company open be water believe.,Choice four will song. Billion cover blood will care. Hit poor TV be. Field seem policy manage. Allow upon security director reach. If fine front fill eight down outside. Staff interest quite Mr hope usually painting job. Class than involve on paper enter.,Backend,Databases,C#,Spring Boot,Kafka,Advanced,Russell Curry,Frontend Engineer,Infrastructure,Perkins Group,"building,else,by","growth,discussion",2024-03-11,2024-05-23,HTML,English,22,6577,26,auth-api,DataHub,v3.9,Draft,Public,True,Nathan Parks,4.9,35.0,514,1240,929,134,"DOC-008586,DOC-000632",False,bge-small-en-v1.5,2024-05-26,True
DOC-000084,Charge from while husband federal,By PM role shake model crime or.,Able good hit college sound hit. Form quality trip hope establish artist. Idea majority health time statement home final. Well speak especially begin establish admit. Fall treat city you image close anyone. Sense beautiful research collection draw.,Data Engineering,CI/CD,TypeScript,Express,AWS,Expert,Brian Lewis,DevOps Architect,Infrastructure,Harper Ltd,"audience,little,perform","five,box",2025-01-31,2025-03-25,TXT,Spanish,27,3292,13,cloud-infra,DataHub,v1.4,Deprecated,Internal,False,,3.9,89.8,829,2123,147,70,"DOC-009113,DOC-001179",False,e5-large-v2,2025-04-10,True
DOC-005059,Fill modern born enjoy kitchen,Civil view work suddenly system real. Firm hit cut street tax carry reveal woman.,Various goal history year. Hold something fire mention. Wait within baby high address share. Collection cover six memory both style eat. Suggest color meet usually experience that simply.,Data Engineering,Authentication,Java,Spring Boot,Docker,Intermediate,Brandon Gonzales,Tech Lead,Product,"Huang, Brown and Smith","theory,fly,environment","safe,part",2024-04-09,2024-06-17,DOCX,English,35,6829,27,mobile-app,DataHub,v2.3,Draft,Public,False,,3.5,67.5,1976,3873,387,49,"DOC-006246,DOC-007836",False,all-MiniLM-L6-v2,2024-07-13,True
DOC-009961,Manage fine five area,Pick low letter weight PM.,Out too side analysis light chance none. Yet miss between why rock toward. Threat against thousand art station himself quite.,Frontend,APIs,Rust,Flutter,AWS,Beginner,Samuel Rice,Backend Developer,Security,"Trevino, Barnes and Nichols","usually,gas,expert","him,us",2024-07-03,2024-09-19,HTML,English,32,2812,11,mobile-app,AiPlatform,v1.4,Deprecated,Public,True,Matthew Duran,3.9,64.6,380,6441,11,65,"DOC-008113,DOC-009307",False,text-embedding-3-small,2024-10-05,True
DOC-006988,Anyone feeling term paper,Each off we economic. Statement fact wish because field notice.,Site memory security available set significant not. Ability end street economy. Form nice by half out experience. Whatever respond cover man nor culture tree owner. Result interest deal.,AI/ML,LLMs,Python,React,Docker,Expert,Kevin Hunt,Security Specialist,QA,Kline PLC,"once,TV,amount","send,picture",2024-12-24,2024-12-29,PDF,English,33,603,2,auth-api,SecureAuth,v3.7,Approved,Restricted,False,,4.8,65.3,90,13553,344,120,"DOC-006628,DOC-000544",True,text-embedding-3-small,2025-01-20,True
DOC-003895,Pm agree state,Organization military situation billion material watch hotel wall.,Surface event number doctor popular final. Bill computer itself party. Identify knowledge material because might. Director impact describe all space. Size life able return. State activity without man grow.,AI/ML,Authentication,Go,Flutter,MongoDB,Beginner,Joel Castro,Frontend Engineer,Engineering,"Dunn, Hendrix and Stephens","leader,late,for","inside,modern",2024-06-09,2024-07-18,TXT,English,22,6861,27,data-pipeline,TechMind,v1.1,Under Review,Secret,False,,3.4,21.5,1755,11158,851,4,"DOC-003063,DOC-009976",False,all-MiniLM-L6-v2,2024-07-24,False
DOC-008680,Music would least let executive onto,Yard side relate.,Bill majority significant participant oil garden certainly. Never single ever hope. Wife level car simply push true present around. Sometimes century care learn continue whom true. Word rock consider always lot mind. Speech finally their notice share quality real month. White she tend those together yet along.,Cloud,UI/UX,C#,Vue.js,MongoDB,Expert,Janet Jackson,Tech Lead,Engineering,"Webster, Gregory and Chandler","big,traditional,fine","from,see",2025-01-01,2025-02-12,MD,Portuguese,33,6383,25,data-pipeline,SecureAuth,v1.2,Approved,Internal,False,,4.8,76.3,740,6042,514,141,"DOC-001099,DOC-006041",False,text-embedding-3-small,2025-02-27,True
DOC-009815,Administration most sport face continue reality,Apply hit clearly fine.,Although fall they point. Try prove wait. Break role ever. Quality agree federal left. Scene hit throughout once natural race tend.,Cloud,APIs,Java,Spring Boot,AWS,Advanced,Sharon Lopez,Data Engineer,Security,Taylor Ltd,"two,away,none","what,music",2024-06-22,2024-07-25,TXT,English,10,3221,12,frontend-core,SecureAuth,v2.3,Approved,Public,False,,3.3,74.0,1313,12979,827,30,"DOC-008817,DOC-003192",True,bge-small-en-v1.5,2024-07-28,True
DOC-005065,Glass civil sign join,Next see sense line. Call identify develop another Democrat party.,Audience list history eye her. The loss bill property become score without. Total themselves sport market day suffer affect. Operation matter player range hard director.,DevOps,Microservices,Python,FastAPI,PostgreSQL,Beginner,Elizabeth Barry,Frontend Engineer,Data Science,Duffy PLC,"agent,certainly,mother","shake,second",2025-01-25,2025-04-23,TXT,English,19,6726,26,backend-services,DataHub,v1.4,Approved,Public,False,,4.5,35.5,1714,6905,9,147,"DOC-002674,DOC-005553",True,bge-small-en-v1.5,2025-05-08,False
DOC-006493,Draw early course someone,Professor suddenly meet investment. Role morning learn throughout represent white.,Reason as see special. Statement range let certainly man. Concern science area as value morning majority. Fund enter audience artist key treatment. Imagine near trouble institution. Baby anyone experience begin full. Race break family former benefit follow policy.,Cloud,LLMs,Python,Next.js,Docker,Expert,Gregory Chapman,Data Engineer,Security,Miller-Holmes,"compare,PM,cause","feeling,laugh",2024-01-13,2024-04-04,PDF,French,38,3642,14,auth-api,AiPlatform,v1.8,Approved,Internal,True,Logan King,3.7,85.7,432,10934,228,24,"DOC-000669,DOC-006787",False,e5-large-v2,2024-05-03,False
DOC-002093,Development choose occur upon lead,Human floor mention prevent PM development away. Hundred deep fish away speak.,Put ground door bank common Democrat. Live charge personal crime. Else television American machine sister pull.,Mobile,APIs,SQL,Express,Docker,Advanced,Terri Cole,Backend Developer,Data Science,Washington Inc,"nice,later,member","several,vote",2024-11-15,2025-02-07,TXT,English,34,3881,15,auth-api,CloudScale,v2.4,Archived,Secret,False,,3.3,76.0,1985,3839,101,132,"DOC-001500,DOC-007606",False,e5-large-v2,2025-02-22,True
DOC-003387,Take any mother shoulder,Walk will five interest around size.,Cause something worry into daughter. Boy its wear behavior analysis on. Their eat tend camera industry recognize however. Crime than on prove generation. Not head each imagine practice reveal later. Minute offer discuss crime easy over more.,Frontend,Testing,JavaScript,Spring Boot,Redis,Beginner,Ryan Maxwell,Tech Lead,Product,Green Group,"establish,indeed,anything","where,wrong",2024-03-04,2024-05-25,HTML,Spanish,15,1417,5,data-pipeline,CloudScale,v1.5,Deprecated,Internal,True,Bruce Ross,3.1,92.6,1267,12432,602,125,"DOC-002547,DOC-003169",False,bge-small-en-v1.5,2024-06-22,True
DOC-007957,Traditional seek million fill listen argue,Major street travel majority yes. Mission realize such picture economic significant available opportunity.,Drop know whose police relationship billion. Certainly friend he seek tax worker what baby. Day painting simple perform collection community fact hotel. Brother single million describe. Fund wall country decide. Need through foot rather white.,Security,UI/UX,Rust,React,MongoDB,Intermediate,Juan Wood,Security Specialist,Engineering,"Madden, Huerta and Lopez","carry,sign,cold","through,drop",2024-07-30,2024-08-27,HTML,Portuguese,6,3700,14,backend-services,CoreAPI,v1.7,Approved,Public,False,,4.4,81.5,1921,7763,84,128,"DOC-002829,DOC-005740",True,text-embedding-3-small,2024-09-02,True
DOC-008868,Range whole garden,Eat employee loss money.,Discuss tree range read describe. Beat yourself them data. Major item between call information eat few. Tend become whether write thank all. Right to room food hour college. Compare whether card school. Congress level hair meeting land couple send. Foreign community yeah glass.,Data Engineering,CI/CD,C#,FastAPI,Kubernetes,Advanced,William Wong,Backend Developer,Data Science,"Weaver, Lopez and Sampson","bit,well,song","five,look",2024-05-18,2024-06-19,TXT,Portuguese,20,1696,6,cloud-infra,SecureAuth,v3.1,Deprecated,Internal,False,,4.6,66.5,615,5911,884,123,"DOC-000831,DOC-002083",True,all-MiniLM-L6-v2,2024-06-25,True
DOC-009302,Store industry production,Statement house purpose thousand.,Tend executive road. Price above list chair. Participant while dream Congress culture. Media serious raise very reflect off yet leg. Edge picture quite customer than career. Box arm age something he. Security skin husband opportunity best.,Frontend,CI/CD,JavaScript,React,Kubernetes,Expert,Maria Brock,Backend Developer,Infrastructure,Castaneda Ltd,"ready,thought,score","without,data",2024-03-30,2024-04-14,DOCX,French,8,5746,22,auth-api,SecureAuth,v3.8,Archived,Public,False,,3.5,76.8,1599,5201,101,102,"DOC-001965,DOC-000828",False,all-MiniLM-L6-v2,2024-04-21,True
DOC-005601,Half strong describe level player sit,History happen herself world born enter air.,Relationship across many pick. My late let. Hundred everything evening plant north. Politics put probably admit strong. Budget as phone what eye car look attention. Article arrive president none break soon partner.,Cloud,APIs,JavaScript,Flutter,MongoDB,Intermediate,Karina Christensen,Frontend Engineer,Product,Tucker-Martin,"federal,program,TV","population,sort",2024-04-07,2024-04-25,TXT,Spanish,35,830,3,frontend-core,CloudScale,v1.0,Draft,Public,True,David Burns,4.1,59.1,1870,7111,882,119,"DOC-004854,DOC-008486",True,e5-large-v2,2024-05-11,True
DOC-004570,Guy top attention meeting policy,Southern cup success short prove TV.,Fund attack truth later. With trade form exactly story network car buy. Discover go must. Ask wish than else including recognize put. Would travel seem popular head. Kid my career current similar out.,Security,CI/CD,JavaScript,Flutter,PostgreSQL,Beginner,Sandra Silva,Data Engineer,Data Science,Morton LLC,"phone,somebody,each","pretty,that",2024-06-07,2024-08-27,DOCX,Portuguese,20,1310,5,data-pipeline,AiPlatform,v1.1,Approved,Secret,False,,4.4,58.6,1675,8614,449,118,"DOC-009339,DOC-003166",True,all-MiniLM-L6-v2,2024-09-02,True
DOC-008937,Available eye stage,Tree key answer offer. Hotel pick usually.,Owner attack pressure my. Network catch total audience. Event table test turn small business. Price especially full unit next. Pick consumer low name. Country movement third president the.,Security,UI/UX,Java,Express,AWS,Beginner,Anthony Washington,Tech Lead,Product,"Johnson, Baker and Sanchez","main,its,hope","charge,care",2025-02-01,2025-03-08,MD,French,23,2949,11,auth-api,DataHub,v3.4,Approved,Internal,False,,3.5,41.5,1225,10258,305,1,"DOC-001665,DOC-008980",True,all-MiniLM-L6-v2,2025-03-17,True
DOC-002000,Next question too off feel strategy,Again trip high as where important not.,Executive manage beautiful school. Service wife activity page Republican into individual. Heart any Mr. Cell performance sign. Age boy improve charge south total tree. Listen black us I fight past.,AI/ML,UI/UX,Python,Express,MongoDB,Intermediate,James Hall,DevOps Architect,Engineering,Dominguez LLC,"once,simply,difference","citizen,although",2024-01-29,2024-04-28,DOCX,Portuguese,2,4957,19,auth-api,SecureAuth,v1.0,Deprecated,Secret,True,Andrew Cunningham,4.6,78.7,148,3697,733,112,"DOC-008471,DOC-003361",True,all-MiniLM-L6-v2,2024-05-07,True
DOC-004658,Look camera skin chair,Mention we participant itself go national.,Stand sister however always wife claim young to. Play interesting course north dog style produce. Officer stand college government consumer store color. Everybody energy challenge less accept store.,DevOps,Databases,Python,Express,Kafka,Advanced,Sandra Ortiz,Tech Lead,Data Science,Rhodes PLC,"plan,effect,bit","hot,data",2024-04-04,2024-05-07,DOCX,English,15,1170,4,data-pipeline,DataHub,v2.5,Draft,Internal,True,Rebecca Murphy,3.4,63.1,149,5493,551,29,"DOC-004489,DOC-005388",True,e5-large-v2,2024-05-09,True
DOC-008767,Teacher heavy sea its our,Determine south way within last close arm.,Director security suddenly car near person. Second find dog growth indeed low. Manager investment list seven claim.,Backend,Authentication,Go,Express,Docker,Advanced,William Griffin,Backend Developer,Infrastructure,Richardson PLC,"situation,reduce,oil","else,movement",2024-10-19,2024-12-22,MD,Spanish,19,7582,30,auth-api,CloudScale,v3.0,Draft,Restricted,False,,3.9,97.4,1581,2065,589,8,"DOC-000476,DOC-008395",True,bge-small-en-v1.5,2025-01-05,True
DOC-008784,Hospital but kind stand,Officer about whatever cut. Collection dog enter oil yourself scientist.,Policy single hospital guy agency identify. Hit give hair. Really girl building floor attention hear serve. Attack peace skill something writer. True mean film worry both skin.,DevOps,UI/UX,C#,FastAPI,Docker,Advanced,Stephen Williamson,Security Specialist,Engineering,"Hernandez, Barrett and Rowe","current,watch,win","century,morning",2024-04-24,2024-06-25,MD,Spanish,25,1215,4,cloud-infra,CoreAPI,v1.7,Deprecated,Internal,True,Natalie Thompson,4.8,27.1,1544,5748,913,38,"DOC-004878,DOC-004865",True,bge-small-en-v1.5,2024-07-01,True
DOC-006797,Fill career she rest,Artist various worry fly parent month.,Right good Mr store. Treat foot contain gas west ability total. But politics into role a. Research mission size course. Or ability help ok quickly hospital let.,Security,Microservices,Rust,React,GraphQL,Beginner,Sheri King,Security Specialist,Security,"Hood, Pratt and Hall","plant,side,heart","certain,friend",2024-03-01,2024-05-04,MD,Spanish,40,5145,20,backend-services,AiPlatform,v3.7,Draft,Secret,False,,4.5,23.5,1586,14585,325,71,"DOC-000203,DOC-007809",True,all-MiniLM-L6-v2,2024-05-28,True
DOC-000033,Wonder or send task your lawyer,Claim get animal daughter management skin. Pass data middle service responsibility he.,Create garden skill some whom himself. Trouble medical hold yet fill all also. Perform design fear open red bill. Successful community person generation hour. Professional specific go force century small such. Interesting always rest mission other certainly. Write box relate PM billion huge company.,Mobile,Databases,JavaScript,Django,GraphQL,Advanced,Mike Decker,Backend Developer,Infrastructure,Miller Inc,"population,pick,study","design,check",2024-04-25,2024-07-29,HTML,Portuguese,13,4825,19,backend-services,CoreAPI,v1.8,Draft,Restricted,True,Natasha Garner,4.2,70.0,1999,5415,647,0,"DOC-004645,DOC-001727",True,e5-large-v2,2024-08-02,False
DOC-004920,Little beat quickly hope,Thank author remember government include say professional end. Tax Democrat think key for front room.,Song market authority among kind table. Employee clear six three none in whose. Floor finally happen write various magazine. Article information different apply born. Son realize federal represent writer find do.,Data Engineering,LLMs,JavaScript,Next.js,Kubernetes,Expert,Andrew Johnston,Tech Lead,Infrastructure,Palmer-Keith,"family,various,such","certainly,church",2024-12-22,2025-01-26,TXT,English,18,6386,25,data-pipeline,CoreAPI,v2.5,Draft,Secret,True,Hannah Mitchell,4.4,37.5,162,10377,767,147,"DOC-007889,DOC-008256",False,text-embedding-3-small,2025-01-29,True
DOC-007985,Hospital ground official bit technology,Pick of question return option my senior wear. Base left road prepare too paper.,Police benefit art approach draw. Resource popular door cost. Tough job structure very course according thus conference. Field now her. Good international page build forward appear move. Board require up could large determine act young. Matter many away off camera.,Data Engineering,Databases,Python,FastAPI,Redis,Expert,Mitchell Nichols,Data Engineer,Data Science,Holden-Li,"enjoy,difference,money","suddenly,affect",2024-12-16,2025-03-12,MD,French,16,4458,17,frontend-core,CloudScale,v2.5,Archived,Public,False,,3.7,24.6,695,13280,402,145,"DOC-003699,DOC-006544",False,all-MiniLM-L6-v2,2025-04-07,False
DOC-000363,Keep paper throughout most site,To plant society process score identify. Research remain security make per song democratic.,Candidate learn hold memory force debate Mrs middle. Table body serious case authority. Present sit nice since she. Create per kind image community.,Frontend,Authentication,SQL,Django,Kubernetes,Intermediate,Brandon Martinez,Backend Developer,Engineering,Montgomery-Oliver,"myself,over,you","in,ahead",2024-11-19,2024-12-31,MD,Portuguese,31,4231,16,mobile-app,SecureAuth,v2.5,Approved,Internal,False,,3.5,26.8,1568,12494,570,127,"DOC-002057,DOC-006775",True,e5-large-v2,2025-01-28,True
DOC-006011,Large agent program morning country,Eye radio avoid full water.,Above work five clearly. Alone modern sure owner ready only city. Use herself cold finish evidence. Member task program similar vote let development. Our make security site floor. There heart authority mission news bank. No role really door assume front. Her poor enjoy rather produce learn yet politics.,Frontend,CI/CD,JavaScript,Spring Boot,PostgreSQL,Beginner,Anita Conley,Tech Lead,Infrastructure,"Rivers, Peterson and Bruce","no,once,might","western,be",2024-07-14,2024-07-26,MD,French,33,6200,24,data-pipeline,AiPlatform,v2.0,Draft,Public,False,,3.4,94.5,1046,706,151,38,"DOC-007040,DOC-007124",True,e5-large-v2,2024-08-05,True
DOC-005858,Huge way support clear,Human save network somebody future. Television human hundred physical.,Science stand reflect matter thank nature. The until black must cold. Weight main think edge speech. Level anything become wall age tough. Visit baby star month.,Mobile,Testing,Go,FastAPI,PostgreSQL,Expert,Alicia Carpenter,Tech Lead,Engineering,Hood LLC,"explain,family,compare","husband,when",2024-10-03,2024-11-13,PDF,English,29,705,2,data-pipeline,TechMind,v2.5,Archived,Restricted,False,,4.3,26.8,1518,11775,105,100,"DOC-001065,DOC-004605",True,all-MiniLM-L6-v2,2024-12-03,True
DOC-003820,Difficult officer blood article either,System mean attention such. Our necessary up meet.,Person south democratic reach cold country. Here team him them other the probably. Appear seem open only floor total time. Chance another both stuff prevent. Able enjoy beyond yard treatment after deep skin. Often letter seven have defense position seven.,DevOps,Testing,Java,Spring Boot,Kubernetes,Expert,Raven Williams,Security Specialist,Infrastructure,"Adams, Chen and Moore","shoulder,decision,four","goal,toward",2024-07-22,2024-09-26,PDF,Portuguese,13,1250,5,backend-services,CoreAPI,v3.3,Deprecated,Internal,True,Matthew Ramirez,3.6,94.9,1132,8930,758,140,"DOC-004670,DOC-001997",True,e5-large-v2,2024-09-28,True
DOC-006273,Series which system should decide like,Need nice when new though no. Reality including site together company different you.,Conference sound student us building. Result interest manager situation. Beautiful final feeling station century movie room. Report camera line morning face soldier mind gun. After Mrs choice win. Condition international impact value. Lay see third none TV.,Mobile,UI/UX,C#,Next.js,Docker,Advanced,Brandy Hamilton,DevOps Architect,QA,Mitchell PLC,"ever,leave,its","study,dream",2024-08-30,2024-12-03,PDF,Portuguese,25,1503,6,mobile-app,AiPlatform,v3.5,Draft,Public,False,,4.0,48.7,82,7468,230,23,"DOC-005995,DOC-007244",True,bge-small-en-v1.5,2024-12-26,True
DOC-008351,Too type my hot idea recognize,Speech source strategy now. Power oil hot throughout poor party two.,Treat quality organization meet board huge. Billion still deep difficult. Everybody her probably number out. Themselves charge because recent style window. Yard figure forward believe executive end central. Reason whatever sport suggest poor. Develop huge not oil effect once rate. A various drive rest bed money series red.,DevOps,CI/CD,TypeScript,Spring Boot,Redis,Advanced,Danielle Rogers,Tech Lead,Data Science,Jenkins LLC,"improve,professor,medical","home,fill",2024-04-26,2024-06-07,DOCX,French,27,5012,20,backend-services,AiPlatform,v1.3,Draft,Public,True,Taylor Eaton,4.7,29.0,395,11804,418,50,"DOC-004269,DOC-008126",True,text-embedding-3-small,2024-06-22,True
DOC-005742,Many simply top on,Piece cause physical should. Phone consumer central hit last job.,They behind over quality season fast. May contain send ball decision. Ask plan myself. Man magazine itself sign beat. Home style southern least suggest. Age interesting quality senior standard. Firm cost process change heavy day different.,Security,CI/CD,Go,React,GraphQL,Intermediate,Theresa Simmons,DevOps Architect,Infrastructure,"York, Green and Burton","issue,question,drug","single,team",2024-01-22,2024-04-23,TXT,Spanish,23,7929,31,frontend-core,AiPlatform,v2.3,Under Review,Restricted,False,,4.9,23.6,271,7350,213,17,"DOC-002320,DOC-009119",True,e5-large-v2,2024-05-19,False
DOC-001368,Style seek focus generation help summer,Its past place draw wait current.,Paper bag evening attorney. Receive describe rule should. Fact no draw report interesting reach recognize. Method term dinner trip way station. Personal customer student seek baby. Information but care article administration heavy dark.,Security,UI/UX,C#,Next.js,Kafka,Advanced,Harold Powell,Tech Lead,Infrastructure,Pope and Sons,"dinner,system,appear","another,list",2024-08-11,2024-08-20,HTML,Portuguese,2,627,2,cloud-infra,TechMind,v3.7,Approved,Restricted,True,Frances Thomas,3.7,47.2,1296,14544,374,65,"DOC-003684,DOC-008283",False,text-embedding-3-small,2024-08-23,False
DOC-003153,Feeling science wish travel,Whom become lay require.,Raise everybody serious whom baby thing end power. Food parent author magazine consumer unit. Set then two under. Ready ago water she year someone increase whatever. Land against pass building item break hit in. Success industry air agency.,Frontend,Databases,C#,FastAPI,Kafka,Beginner,Brittany Castro,Frontend Engineer,Product,Garza Group,"whose,kid,create","nor,film",2024-11-24,2025-02-19,PDF,French,30,5557,22,cloud-infra,DataHub,v2.9,Under Review,Public,True,Stacy Johnson,3.8,89.0,34,12341,971,7,"DOC-001325,DOC-007437",False,e5-large-v2,2025-03-11,True
DOC-000090,Marriage black share Democrat,Power until station. Sell seem building call well role start.,Dinner class positive group run generation rise get. Lot indeed right more entire system. Ball choice long check. Always former kind letter agree matter.,DevOps,LLMs,Java,Spring Boot,Docker,Advanced,Desiree Mills,Backend Developer,Data Science,"Fernandez, Moore and Boyer","together,morning,white","American,full",2024-04-17,2024-05-10,DOCX,Portuguese,34,1293,5,backend-services,CoreAPI,v1.1,Approved,Secret,False,,4.9,90.3,948,11931,322,120,"DOC-002431,DOC-000267",False,text-embedding-3-small,2024-05-18,True
DOC-009789,Color pay art year,Record dinner house certainly stage safe.,Until step good away ok. Billion attorney represent wait bring bar. Work anyone sound his enough same network. Deal human friend worker budget dog forget. Trade public decade beyond worker popular.,Frontend,LLMs,JavaScript,React,AWS,Advanced,Mrs. Tara Wiggins,Data Engineer,Engineering,Cunningham-Pennington,"remain,identify,budget","by,cell",2024-11-06,2024-11-14,MD,English,39,1191,4,data-pipeline,SecureAuth,v2.3,Under Review,Secret,True,David Russell,4.6,40.1,676,298,943,148,"DOC-006578,DOC-001765",True,bge-small-en-v1.5,2024-12-03,True
DOC-009493,Treat until energy talk care,Society plant program age spring. Rock car life keep between.,Probably amount become music. Factor push strong. Cause red expect from red responsibility. Far offer bar half.,Security,UI/UX,Go,FastAPI,AWS,Intermediate,Joseph Fisher,Frontend Engineer,Engineering,Mendoza-Johnson,"yes,majority,less","book,executive",2024-12-15,2025-03-07,MD,Portuguese,9,2456,9,mobile-app,CoreAPI,v3.6,Deprecated,Secret,True,Erik Patterson,4.3,54.9,141,12255,397,21,"DOC-003905,DOC-001533",True,bge-small-en-v1.5,2025-03-14,True
DOC-003068,Nature main forget develop same,Song between structure open myself. Pm court environment already everything.,Laugh must memory class mean. He citizen recognize level religious. Region environment recently bill color history. Wrong red which her report gas strategy. Fire wife list western now matter.,Security,Authentication,Go,React,Redis,Advanced,David Montoya,Security Specialist,Product,James Ltd,"whole,pull,growth","business,trip",2024-09-11,2024-11-14,TXT,Portuguese,33,6407,25,auth-api,SecureAuth,v1.7,Approved,Secret,True,William Johnson PhD,4.7,26.8,710,13188,430,109,"DOC-006268,DOC-000915",True,text-embedding-3-small,2024-11-19,False
DOC-002263,Hotel make wrong best design your,Thought member since maintain minute certainly only.,Owner weight step notice now. Edge also out assume always possible score. At fish before defense painting. Customer focus threat different. Value car leave couple lawyer learn.,AI/ML,APIs,TypeScript,Spring Boot,AWS,Beginner,Henry Jacobson,Backend Developer,Infrastructure,"Bowman, Wallace and Hunter","anything,worker,wrong","sister,use",2024-08-02,2024-10-01,HTML,Spanish,13,6121,24,cloud-infra,DataHub,v2.3,Under Review,Restricted,True,Ryan Hall,3.8,30.1,1466,3182,970,8,"DOC-009329,DOC-002139",True,e5-large-v2,2024-10-08,True
DOC-009270,Camera might leg ready million,Agency always adult reveal say security medical. Miss democratic summer understand property.,Daughter hair play. Different where follow event describe early. Book main health church our. Sister mention offer piece meeting young local create. Serve since various trip energy poor including care. Alone environmental will.,Security,Databases,TypeScript,FastAPI,Kafka,Advanced,Justin Carpenter,Data Engineer,Product,Ross-Mcintosh,"strong,decade,three","including,window",2024-04-13,2024-07-19,HTML,Spanish,36,1141,4,mobile-app,TechMind,v1.4,Archived,Public,True,Jason Montgomery,4.0,71.4,1660,13810,298,70,"DOC-008269,DOC-009334",True,e5-large-v2,2024-07-31,True
DOC-000208,Finish military possible any,Field shoulder against side. Sing sister five must senior safe candidate.,Push discuss heart push. Manager set learn build. Explain win answer effect. Range strategy American on.,Security,UI/UX,SQL,React,GraphQL,Expert,Gloria Blair,Data Engineer,Engineering,Newton-Hunter,"fund,sort,short","floor,color",2024-02-15,2024-05-05,DOCX,French,25,2846,11,mobile-app,CloudScale,v2.2,Draft,Public,False,,4.5,83.1,269,11911,978,72,"DOC-003796,DOC-009693",True,text-embedding-3-small,2024-05-13,True
DOC-009417,Want three either human than administration,Way professional quite cut prevent up. Subject deep form point state nature.,Manage someone second dinner we. Without interest participant trip. Smile TV interesting two present garden. Plant state with ball father.,Frontend,Authentication,Java,Flutter,Kubernetes,Advanced,Diane Burns,Backend Developer,Security,Oliver Inc,"window,how,material","above,every",2024-10-14,2024-11-04,HTML,English,16,6080,24,backend-services,SecureAuth,v3.9,Draft,Public,True,Jacob Peterson,4.0,77.0,1738,11530,199,123,"DOC-006435,DOC-007058",False,e5-large-v2,2024-11-22,True
DOC-004732,Finally of soldier,Again soon money day so.,Story team close feel option as. Hot civil adult kid week. Car outside everything billion reveal no thus. Claim fly nor economy. Common green scene learn space nearly spring. Watch officer produce response bad office likely. Election together fly interest.,Cloud,UI/UX,Go,Next.js,AWS,Intermediate,Kevin Mata,Security Specialist,Infrastructure,Lee PLC,"beautiful,among,evidence","moment,every",2024-03-16,2024-05-02,TXT,Spanish,40,2070,8,backend-services,TechMind,v2.7,Under Review,Internal,False,,3.7,81.5,476,14614,532,123,"DOC-000849,DOC-006209",False,text-embedding-3-small,2024-05-23,False
DOC-001940,Cut price manager interview foreign energy,Forget smile truth painting walk respond another sit.,Tonight threat forward none mouth. Chair rock phone attack. Friend on wonder read your. Walk rather difficult. South tend future card half must.,Frontend,Databases,C#,Flutter,Docker,Intermediate,Sarah Davidson,Frontend Engineer,QA,Adkins-Gonzalez,"strategy,short,crime","politics,base",2024-11-04,2024-11-05,TXT,English,7,2888,11,data-pipeline,AiPlatform,v1.5,Archived,Restricted,False,,3.6,22.6,625,4364,786,103,"DOC-002592,DOC-004847",False,e5-large-v2,2024-11-08,True
DOC-007848,Material type card their young,Condition more history religious institution. To parent charge individual green daughter property.,Especially police produce hope accept may six. Bag deep ok field leg price. Pressure small expect cold store less whom. Fly difference yourself right maybe manager political.,Mobile,CI/CD,TypeScript,Django,AWS,Advanced,Jeffrey Simon,DevOps Architect,Security,Flores and Sons,"go,air,fly","address,white",2024-04-05,2024-04-29,DOCX,Spanish,40,7002,28,data-pipeline,SecureAuth,v2.8,Deprecated,Internal,True,Tiffany Garza,3.2,92.4,286,3839,600,36,"DOC-004741,DOC-003208",False,e5-large-v2,2024-05-10,True
DOC-009683,People left senior few outside positive,Officer party evidence national have to president church. All get purpose recent reflect.,Billion teach would interesting. Pretty want or nation whether. Husband if site eight discuss throughout culture. Quite animal something compare allow. Around same education especially minute sometimes happen.,Data Engineering,Microservices,JavaScript,React,Kubernetes,Intermediate,Scott Kane,Security Specialist,Data Science,Martin Group,"network,deep,her","recognize,memory",2024-01-24,2024-03-02,TXT,French,7,3709,14,mobile-app,CloudScale,v3.0,Archived,Secret,False,,3.9,43.7,1203,359,683,70,"DOC-003751,DOC-006782",True,bge-small-en-v1.5,2024-03-18,True
DOC-004108,Future thing actually security week art,Black make hear behavior store foreign as.,Without whatever we brother. Employee alone huge participant important rest. Deep always force various throw order agreement. Station knowledge quality administration success night force room. On ever represent stuff test everybody catch. Difference state size itself commercial war.,Cloud,Authentication,TypeScript,Express,PostgreSQL,Beginner,Alice Mccarthy,Security Specialist,Infrastructure,Lopez-Jones,"professional,past,individual","show,newspaper",2024-08-22,2024-11-25,PDF,Portuguese,28,2580,10,auth-api,SecureAuth,v3.9,Archived,Internal,True,Michael Frazier,3.7,88.7,1205,12906,724,104,"DOC-003344,DOC-005317",True,e5-large-v2,2024-12-02,True
DOC-004885,Should around own floor chance condition,Above reality inside player poor interview. Red Congress plan example parent Democrat thousand.,Own usually throw. Miss girl along yard. Real sea modern expect. Under thank growth she without.,AI/ML,Microservices,SQL,Vue.js,PostgreSQL,Intermediate,Karen Palmer,Security Specialist,Data Science,"Ballard, Davis and Castaneda","at,dinner,environmental","well,result",2024-10-24,2024-12-28,MD,Spanish,17,6093,24,cloud-infra,AiPlatform,v1.7,Draft,Public,True,Erin Warren,4.9,73.1,1247,4489,374,63,"DOC-006979,DOC-002492",True,all-MiniLM-L6-v2,2025-01-24,False
DOC-006927,Note career staff international compare,Choose simple center policy. Actually though place clear woman.,Tend on table theory community. Summer lose line through ability church. Friend guy protect one sense strong. Receive single respond why news. Hope maintain painting energy four run. Difficult the yes page. Break herself pass thus.,Data Engineering,Microservices,Java,Vue.js,PostgreSQL,Intermediate,Austin Woodard,Frontend Engineer,Engineering,Patel Ltd,"party,another,together","inside,institution",2024-12-29,2025-02-03,HTML,English,4,7602,30,mobile-app,TechMind,v3.5,Deprecated,Internal,False,,3.9,95.2,1896,2767,703,111,"DOC-000016,DOC-006237",True,text-embedding-3-small,2025-02-16,True
DOC-004460,Save admit two night everybody,Into cost so stay him. Rise bed run information.,Over hard figure finish. Word relate get around. Exist oil Mrs position dinner. Soon detail yet morning people.,Data Engineering,Testing,TypeScript,Django,AWS,Advanced,Kimberly Mendoza,Frontend Engineer,Engineering,"Rogers, Taylor and Bryan","these,while,detail","other,form",2024-09-14,2024-09-27,TXT,Portuguese,33,2321,9,frontend-core,CoreAPI,v3.0,Draft,Internal,True,Katherine Mclean,3.6,91.8,799,6973,728,91,"DOC-000406,DOC-000900",False,all-MiniLM-L6-v2,2024-10-10,False
DOC-004456,Speak popular use,Compare stuff quite all economy husband light win.,Stand go Mr language grow their. Bad more worry. Pick activity attention happen be sea town. Blue could lead night decision loss. Media assume skin candidate late. Learn most next apply happy agency still. Difficult four end only just.,Cloud,Databases,Go,Vue.js,Redis,Intermediate,Judy Hernandez,Backend Developer,Product,Simon-Herrera,"me,stage,hospital","movement,follow",2025-02-01,2025-04-24,TXT,Spanish,9,941,3,backend-services,CloudScale,v2.2,Archived,Internal,False,,4.5,94.1,516,2787,794,105,"DOC-000421,DOC-000849",True,all-MiniLM-L6-v2,2025-05-05,False
DOC-005599,Price foot name not,Their trade support receive. Sign door artist somebody.,Receive affect case go head table. Food century girl fire necessary. Stuff talk understand employee seven radio laugh. Soon price democratic environment laugh study. Shake fine smile cultural enjoy of. Take agree appear deal. Civil go know speech marriage.,Backend,Microservices,Python,FastAPI,Kafka,Intermediate,Michael Spencer,Tech Lead,Data Science,Scott PLC,"whose,include,body","money,pressure",2024-12-23,2025-01-15,MD,English,10,6085,24,cloud-infra,DataHub,v1.5,Approved,Secret,False,,4.0,97.3,1553,6763,941,135,"DOC-005101,DOC-003633",True,all-MiniLM-L6-v2,2025-02-10,True
DOC-002448,Late you present positive not evening,Course rest mouth myself father eye. Result magazine administration agent another.,Many federal card bad. Story free soon recognize some apply. Field protect recently man glass whose since. Pm stay dark change green sort analysis million. Experience left myself card this world.,AI/ML,Databases,Rust,Vue.js,Kubernetes,Beginner,Theresa Silva,Backend Developer,Infrastructure,Ballard-Johnson,"reason,sort,firm","strong,that",2024-01-24,2024-03-06,TXT,Spanish,27,6202,24,frontend-core,CloudScale,v3.0,Deprecated,Internal,False,,4.6,79.2,1143,9489,250,137,"DOC-001591,DOC-008433",True,bge-small-en-v1.5,2024-03-12,True
DOC-004634,Memory they popular worker often,Value official very write establish trade. Evening public important everyone create sort.,Perform by between artist ok now. Effort career here little citizen. Other century actually door one drug find. President him force movement throughout. Society less now data decision. Popular price visit memory leader picture. Wonder past matter class indeed administration exactly sit.,Backend,UI/UX,Java,Flutter,AWS,Beginner,Elizabeth Morris,Security Specialist,QA,White-Anderson,"deal,star,determine","figure,break",2024-02-06,2024-03-29,MD,French,5,1028,4,backend-services,DataHub,v3.4,Under Review,Internal,True,Drew Carter,4.8,21.5,1169,7468,163,49,"DOC-007498,DOC-004575",True,e5-large-v2,2024-04-02,True
DOC-007527,Nation position probably recently,Throughout type design around none hospital former. Business we the.,By official plan white. Clear remember star interview field health power. Beautiful style environmental often avoid above here president. Try top range thus analysis term specific. Some apply inside finally. Us low star. Create main thing research. Claim under in tell story without.,Cloud,APIs,C#,React,Kubernetes,Intermediate,Lance King,Frontend Engineer,Security,Ramsey-Preston,"morning,bad,executive","key,wrong",2024-05-08,2024-07-26,MD,French,8,6898,27,frontend-core,DataHub,v2.5,Draft,Internal,False,,4.9,42.3,1786,12420,264,74,"DOC-003363,DOC-006137",True,e5-large-v2,2024-08-21,True
DOC-008533,Road threat bank spring,Others short energy class range trouble put dog. Recently whom health herself senior go find short.,Summer front nice mention catch continue receive. Number between seat major think. Him entire rather such. Top four kitchen ahead turn less.,Frontend,UI/UX,SQL,Flutter,PostgreSQL,Intermediate,James Friedman,Frontend Engineer,Infrastructure,Roman Ltd,"myself,hear,game","early,forget",2025-01-26,2025-03-20,HTML,Spanish,35,6580,26,mobile-app,DataHub,v3.6,Draft,Secret,True,Stephen Nunez,4.3,77.5,1903,8417,656,88,"DOC-001269,DOC-007173",True,text-embedding-3-small,2025-04-06,False
DOC-004373,Open laugh be else,Up hotel religious. Prevent pay camera those former.,Common political nearly benefit girl. Increase wish today always. Court third blood possible form south. Account relationship point paper home paper difficult. Blood sell general instead himself list I course.,Security,LLMs,Rust,Flutter,Kubernetes,Intermediate,Mikayla Hayes,Tech Lead,Engineering,Wolfe Ltd,"many,manager,several","during,computer",2024-01-12,2024-02-23,MD,French,26,1541,6,cloud-infra,DataHub,v3.1,Archived,Public,True,Joshua Reed,3.6,60.7,1643,6197,920,54,"DOC-006882,DOC-009440",True,all-MiniLM-L6-v2,2024-03-11,True
DOC-004881,His hope city dog especially wife,Both long stuff minute police. Within people lot team stay young low.,Build building if fall. Technology day become professor account have. Law away argue site small. Development movie receive.,DevOps,APIs,Java,Next.js,Redis,Beginner,Christine Hendrix,DevOps Architect,Infrastructure,Green-Yang,"card,person,nor","learn,local",2024-07-30,2024-08-13,TXT,French,39,4663,18,cloud-infra,CloudScale,v2.8,Archived,Public,True,Debra Jones,3.2,65.6,800,8228,611,109,"DOC-008637,DOC-002231",True,text-embedding-3-small,2024-08-27,False
DOC-003850,Under control level laugh certainly rich,Somebody PM southern positive drop respond about war.,Analysis produce skin time. Five reveal last official top total. She education travel decision store defense. Meet least where.,Security,Microservices,Rust,Flutter,MongoDB,Expert,Kristen Johnson,Data Engineer,Data Science,"Ballard, Arnold and Frazier","sort,detail,tend","per,practice",2024-08-22,2024-09-03,PDF,Portuguese,36,7949,31,cloud-infra,TechMind,v3.3,Under Review,Secret,False,,3.5,28.1,396,2162,624,132,"DOC-003489,DOC-000385",True,all-MiniLM-L6-v2,2024-09-27,True
DOC-003467,Training western note black your must,Whom indicate tell. Us church of although.,West personal order father grow coach both Congress. Finish plan training program. Improve travel nature actually. Land owner cause around.,Mobile,Microservices,TypeScript,FastAPI,AWS,Beginner,Marc Stewart,Data Engineer,QA,Miller-Miller,"edge,lead,season","mouth,child",2025-02-01,2025-02-03,DOCX,Spanish,36,2226,8,mobile-app,CoreAPI,v2.0,Approved,Internal,False,,3.3,24.9,882,9660,425,96,"DOC-007732,DOC-008115",True,bge-small-en-v1.5,2025-02-11,True
DOC-009376,Director thousand firm grow recent,Consider walk which plan no reduce.,Contain big human choose buy boy. Move idea project important. Apply defense lawyer against material. Page can huge. Compare again degree consider protect design. Baby environmental sense class whatever by. Study buy cell similar every difficult.,Security,Databases,Rust,Spring Boot,MongoDB,Expert,Katie Perry,Security Specialist,Engineering,"Rojas, Reed and Carrillo","have,race,local","house,experience",2024-10-10,2025-01-12,DOCX,Spanish,10,6853,27,mobile-app,CoreAPI,v3.8,Approved,Internal,False,,4.7,21.7,546,14108,967,65,"DOC-006210,DOC-003700",False,all-MiniLM-L6-v2,2025-02-03,True
DOC-004520,Live cup step stock program remember,Health good purpose forward system. Fine traditional method much.,Better husband save mission she. Use continue defense particular require seem suffer talk. Although ball source evidence response consider worker. Lawyer floor recently over large it open. Trial establish vote game talk happen. Ask single particular generation. Some maintain true scientist career huge civil.,Data Engineering,Authentication,Python,Vue.js,MongoDB,Intermediate,Robert Rose,Frontend Engineer,Infrastructure,Stevens Ltd,"prevent,decision,way","tough,life",2024-11-04,2025-01-02,PDF,French,22,7577,30,auth-api,TechMind,v2.1,Archived,Public,True,Katherine Collier,4.9,27.3,275,14025,734,6,"DOC-004792,DOC-006372",True,e5-large-v2,2025-01-04,True
DOC-001594,Society friend blue serve character model last,Technology spend and man sport important marriage.,Foot good parent available through that others. Participant sometimes various great. Theory near son keep your analysis. Sea really TV. Two view along federal shoulder bed Mrs hold. Amount go their left impact business. Reality artist vote thus power not special. Guy eye sport leg grow bank yeah.,Security,CI/CD,TypeScript,Next.js,AWS,Intermediate,Mark Mullins,DevOps Architect,Data Science,"Barrett, Pope and Jones","pay,hot,attorney","use,never",2024-01-18,2024-02-02,HTML,English,28,2322,9,data-pipeline,SecureAuth,v1.4,Approved,Restricted,False,,4.4,43.0,1234,2371,232,75,"DOC-007643,DOC-002036",False,e5-large-v2,2024-02-24,True
DOC-005025,Able see center ready crime grow,Similar over southern central back. Recent catch behavior fine director believe finish.,Seven clearly different brother can daughter. Stock none prove really campaign exist. Act message local never adult true. Off new news sort late away word. Only manager lay box media certain. Ready treat center indeed where including response.,DevOps,APIs,TypeScript,Vue.js,Kafka,Advanced,Harold Maldonado,Tech Lead,Security,Rivas Ltd,"true,thing,organization","arm,go",2024-11-21,2025-02-25,DOCX,Portuguese,17,3240,12,frontend-core,DataHub,v3.5,Approved,Secret,False,,4.6,33.1,1509,3432,841,9,"DOC-003224,DOC-004355",True,e5-large-v2,2025-03-14,False
DOC-006856,Issue time actually would,Head term language very he share which sometimes. Card pretty where old meeting.,Player bring team participant. Finish million spend order open. Man ready exactly. Lot head sometimes piece rather foreign. Power house recent. Future just three some player red record. Despite style take sport college could difference. Space democratic trouble statement herself account discussion.,Cloud,UI/UX,Go,Express,Kafka,Beginner,Stephen Delgado,Tech Lead,Security,"Shaw, Hurley and Bailey","involve,style,this","environment,pass",2024-10-25,2024-10-28,PDF,Portuguese,4,6682,26,mobile-app,CloudScale,v2.3,Deprecated,Internal,False,,4.7,43.9,1073,3154,314,4,"DOC-001736,DOC-001946",True,e5-large-v2,2024-11-13,True
DOC-007901,Data investment soon,Under rest marriage traditional serve.,Partner film security ago. Skin fear audience peace wind pattern who. To answer employee either those. American sometimes personal from instead fall policy. Eight four order student. Positive seven recently painting response structure.,DevOps,Testing,Python,Django,PostgreSQL,Advanced,Alvin Howard,Tech Lead,QA,"Sullivan, Wang and Meyer","fight,end,wall","heart,born",2024-08-02,2024-10-30,DOCX,Spanish,33,1272,5,cloud-infra,CloudScale,v2.9,Deprecated,Internal,True,Paul Khan,3.0,30.3,1771,12918,741,123,"DOC-005712,DOC-009288",True,text-embedding-3-small,2024-11-17,True
DOC-002550,Sometimes sure argue him,Police source number nothing on.,Tonight management reduce suffer despite morning. Front relationship officer end major how structure. Woman moment sort fall. Fly crime life measure arrive remain large. Present top your management better not grow.,Cloud,UI/UX,Go,Flutter,Kafka,Expert,Tiffany Davies,DevOps Architect,Product,"Joseph, Gonzalez and Lucas","change,role,store","yard,how",2024-03-18,2024-06-26,HTML,English,40,7139,28,data-pipeline,SecureAuth,v3.7,Under Review,Restricted,False,,3.9,46.0,1080,943,923,129,"DOC-001150,DOC-005763",False,bge-small-en-v1.5,2024-07-24,True
DOC-006880,Sit hundred approach development bill,Themselves event because skin because baby.,How great finally every interesting. Course meet there truth game affect like fill. Loss say owner glass name radio tell. Personal building main statement beyond exist. Quickly difference understand kid war focus. Require cut control foreign all end anything.,Backend,LLMs,TypeScript,React,Kubernetes,Beginner,Robert Brown,Tech Lead,Data Science,Berry-Russo,"our,conference,music","loss,hit",2024-09-18,2024-10-09,DOCX,French,2,2779,11,frontend-core,TechMind,v1.7,Approved,Internal,True,Shelley Mitchell,4.1,70.5,960,14697,388,80,"DOC-008354,DOC-003183",True,e5-large-v2,2024-10-12,True
DOC-003474,View continue difference indicate,Suddenly now result surface early. Today opportunity federal if.,Nearly start spring government account. Lay itself yet leader center prepare. Paper image ask. Cell others seven audience tax. First research design option idea her. New official executive force.,Security,Databases,Go,React,GraphQL,Beginner,Joseph Suarez,Tech Lead,Data Science,Young-Roberts,"reality,everybody,threat","market,stuff",2024-05-22,2024-08-11,HTML,Spanish,18,5334,21,data-pipeline,SecureAuth,v1.6,Archived,Secret,True,Kenneth Bates,4.2,96.4,214,9544,428,118,"DOC-000705,DOC-005028",True,all-MiniLM-L6-v2,2024-08-20,True
DOC-000369,Woman use popular,Share against executive simply hair choose class write.,Actually arm be few old garden. First receive even behind. My either good just around war shoulder. Federal appear majority.,AI/ML,Authentication,Java,Vue.js,Kafka,Expert,Shawn Hernandez,Security Specialist,Data Science,Ruiz and Sons,"view,determine,director","safe,exactly",2024-05-18,2024-06-10,DOCX,Spanish,39,5631,22,auth-api,TechMind,v3.6,Deprecated,Restricted,True,Karen Leonard,4.1,52.4,944,7597,532,8,"DOC-003640,DOC-000221",True,text-embedding-3-small,2024-06-12,False
DOC-008805,Enjoy despite recently short,Blood make beat ball owner able. People girl night agent.,Statement eye media develop. Against woman cover run. Crime staff work phone. Describe free tough of woman area. Serious wall likely American the a color. Buy general eye throw be responsibility rate. Task option tough whom religious party. Arrive nearly couple often know.,Cloud,Testing,SQL,Django,Kubernetes,Expert,Carolyn Wall,Security Specialist,QA,"Gonzalez, Allen and Woodard","his,mind,miss","population,major",2024-06-29,2024-07-25,DOCX,English,19,4671,18,frontend-core,TechMind,v2.3,Deprecated,Internal,True,Jeremy Garcia,3.5,64.9,205,7910,31,103,"DOC-008609,DOC-009463",False,all-MiniLM-L6-v2,2024-08-23,True
DOC-002197,Test win carry conference,Box perform kitchen among matter.,Large PM choice. Tax house including final establish. Expect last imagine society new center.,Backend,APIs,JavaScript,Express,GraphQL,Advanced,Hunter Stanley,Security Specialist,Data Science,Skinner LLC,"focus,fill,more","occur,cut",2024-10-28,2024-12-03,PDF,English,10,7024,28,mobile-app,AiPlatform,v3.7,Deprecated,Public,True,Joyce Sweeney,3.2,20.4,840,11316,108,28,"DOC-002418,DOC-003455",True,text-embedding-3-small,2024-12-26,True
DOC-004527,Civil mission board PM,Wrong eight relationship probably write area figure. Return catch reason approach someone indeed.,Take authority seven alone idea. Simply suggest wish great item. Certain simple perform later fish much. Right actually ok identify ask her assume.,Frontend,APIs,Rust,Spring Boot,Kafka,Intermediate,Dr. Gabriel Dixon,Data Engineer,QA,"Bailey, Hernandez and Anderson","child,suddenly,hear","family,high",2024-08-06,2024-10-16,DOCX,Portuguese,26,5893,23,cloud-infra,DataHub,v3.6,Approved,Restricted,False,,4.8,24.2,1708,2336,975,85,"DOC-003803,DOC-000747",False,all-MiniLM-L6-v2,2024-10-20,True
DOC-006453,Executive explain Congress evidence,Impact quickly deep son. Others group poor avoid past.,Clearly road enough at commercial Mrs. A outside bed service run. Outside week read level radio. Miss near style. Particular adult around accept. Pressure night at live entire level indeed traditional. Window doctor whether of.,Mobile,Authentication,Go,FastAPI,Docker,Advanced,Dalton Wells PhD,Frontend Engineer,Security,Sharp Ltd,"read,clearly,wife","responsibility,much",2024-06-28,2024-08-24,DOCX,Portuguese,25,1992,7,auth-api,SecureAuth,v2.1,Archived,Restricted,False,,4.2,21.0,1675,8604,556,37,"DOC-004879,DOC-004345",False,all-MiniLM-L6-v2,2024-09-04,True
DOC-005461,Painting consider the my play trial,Open compare hot ask. None face as realize way writer enjoy.,Central same capital change always. Identify boy investment design. Deep hair born. Less race good home fear door shake. Everyone total increase debate current second determine movement.,Backend,APIs,JavaScript,Vue.js,Docker,Beginner,Lisa Hill,Security Specialist,Security,Griffin-Johnson,"involve,low,campaign","together,this",2024-01-28,2024-03-16,DOCX,Spanish,37,5612,22,cloud-infra,AiPlatform,v3.6,Under Review,Public,False,,4.6,26.7,1180,13293,961,109,"DOC-006886,DOC-003988",True,bge-small-en-v1.5,2024-04-07,True
DOC-005131,Note positive region billion data,Stand term production whether onto. Tree occur care claim sport write different operation.,Begin station option. Sit phone himself many peace. Bag machine adult. Success husband find. Perform game use interview trial guy.,Cloud,APIs,JavaScript,Express,AWS,Expert,Tonya Jenkins,Tech Lead,Infrastructure,Phillips-Jackson,"card,risk,risk","arm,occur",2024-06-01,2024-06-26,MD,Spanish,37,7236,28,backend-services,SecureAuth,v1.4,Approved,Public,False,,3.7,46.1,1570,13842,52,136,"DOC-001432,DOC-005550",True,all-MiniLM-L6-v2,2024-07-26,False
DOC-009842,Moment loss return degree major return,Affect article live. Good lose sound dream far shoulder.,Maintain kitchen write. Yeah song worry deep painting. Street have start any skin service outside. Speech message again cell ready.,Data Engineering,UI/UX,Python,Vue.js,AWS,Beginner,Nancy Robinson,Security Specialist,Security,"Brown, Mitchell and Sims","property,early,such","own,unit",2024-01-20,2024-01-31,HTML,Spanish,37,7660,30,mobile-app,SecureAuth,v1.8,Under Review,Restricted,False,,3.1,69.9,1928,8785,998,46,"DOC-009053,DOC-009967",True,bge-small-en-v1.5,2024-02-29,True
DOC-005907,Yes side window thought nice,Guess school especially week road capital. Along discuss prepare blood.,Pick there maintain develop gun down. Player as laugh listen move class sound. Give whether suffer ground born. Agreement plant study character court.,Frontend,LLMs,C#,Express,Redis,Expert,Christopher Powell,Data Engineer,Infrastructure,Simmons Inc,"our,instead,human","phone,cost",2024-10-24,2024-11-02,DOCX,English,19,4623,18,frontend-core,SecureAuth,v1.1,Archived,Secret,True,Courtney Jones,3.1,38.1,1618,7397,730,65,"DOC-003440,DOC-006953",True,text-embedding-3-small,2024-11-26,True
DOC-007093,Small walk perhaps stuff sure,Growth build try feel. Culture prepare skin people class history wonder.,Suffer opportunity sell traditional bed. Candidate way understand property system. Board number teacher reality theory wrong hit threat. Along rule church total. Program four interview. Forget particular so budget job most phone. Daughter by cause air.,Backend,Databases,Go,FastAPI,Kafka,Beginner,Amy Willis,Frontend Engineer,Data Science,Lee Ltd,"owner,affect,see","knowledge,resource",2024-03-30,2024-04-03,TXT,French,39,1013,4,backend-services,AiPlatform,v1.3,Deprecated,Public,True,Rhonda Mendoza,3.3,63.0,620,13260,569,109,"DOC-009043,DOC-000183",False,e5-large-v2,2024-04-07,False
DOC-002051,Production watch impact rock street,Continue east talk seem.,Reduce finally card challenge recent place. Eight edge decade sometimes human thing can forward. Inside sense order even. Call by goal south apply. Simple produce parent cell catch no rule step. Place high pull top quite when skill.,Data Engineering,Microservices,Java,Vue.js,MongoDB,Advanced,Edward Allen,DevOps Architect,Infrastructure,Roberts-Monroe,"adult,stage,expert","central,deep",2024-02-18,2024-05-25,TXT,Portuguese,28,4663,18,auth-api,TechMind,v3.5,Approved,Secret,True,Troy Johnson,4.1,53.1,821,7438,442,36,"DOC-003535,DOC-009999",False,all-MiniLM-L6-v2,2024-06-02,True
DOC-009048,Too professor read current whole,Though industry box figure woman. Forget Mrs improve safe hour law easy.,Tree the carry among size maintain. Fact use power nothing response. Represent artist decide environment. Hair none meeting whether.,Data Engineering,CI/CD,Go,Next.js,PostgreSQL,Advanced,Matthew Melendez,Frontend Engineer,Data Science,Mendez Ltd,"language,rule,reflect","free,build",2024-07-05,2024-07-26,DOCX,Spanish,30,4273,17,cloud-infra,CloudScale,v1.6,Archived,Internal,False,,4.5,24.9,1034,9157,946,55,"DOC-002918,DOC-002519",True,bge-small-en-v1.5,2024-08-15,True
DOC-005409,Place join understand huge many,Admit air very may. Treat probably daughter many indeed political.,Wonder offer anyone admit. Lay quite of may behind him. Similar southern past see daughter others child. Blood who actually hospital. Start first hold minute reality thing sister.,Backend,LLMs,SQL,Flutter,AWS,Beginner,Monica Hunter,DevOps Architect,QA,"Peters, Thomas and Hayes","social,much,line","lawyer,tend",2024-11-15,2025-02-14,PDF,English,36,3243,12,frontend-core,CloudScale,v2.7,Deprecated,Public,False,,4.0,72.1,944,12035,55,11,"DOC-002040,DOC-003456",True,all-MiniLM-L6-v2,2025-02-26,True
DOC-007720,Leg product know,Nothing tree them note surface baby product.,Quality build left feel charge increase cut. Agent middle realize sing candidate more. Benefit attention environmental impact past interesting. Watch wind night best management story morning political. Institution program policy attack.,Mobile,Databases,JavaScript,Django,PostgreSQL,Beginner,Paul Myers,Security Specialist,Infrastructure,Cain-Ortega,"home,music,job","hospital,again",2024-10-03,2024-10-07,TXT,English,25,2257,9,backend-services,AiPlatform,v3.2,Deprecated,Internal,False,,4.1,59.6,1492,2153,662,130,"DOC-002084,DOC-002101",True,e5-large-v2,2024-11-05,True
DOC-006174,Outside everybody design,You whole listen account he. Report policy three there purpose.,Billion series her so prevent each action. Agency policy experience simply husband argue think. Eight network general beat. Serious war bar development born quickly whom. Feeling close manage build view home. Threat everybody determine close every civil blue short. Thus yard situation. Produce impact member strong.,Frontend,APIs,Python,Flutter,Redis,Beginner,Elizabeth Costa,Frontend Engineer,Infrastructure,Flores-Thomas,"represent,authority,modern","probably,firm",2024-05-22,2024-06-03,HTML,Spanish,14,4530,18,auth-api,AiPlatform,v1.8,Archived,Public,True,Donald Gonzales,4.7,57.3,980,2906,301,60,"DOC-007385,DOC-007280",True,text-embedding-3-small,2024-06-05,True
DOC-005174,Whatever morning chair activity task feeling,Know save face finally. Green employee onto inside should specific group.,Class return live begin make I water once. Continue indicate above realize establish. Charge couple side coach travel serious. If back read out difficult. Instead its others west national thing. Carry bar science and. Happy lawyer process girl.,Mobile,LLMs,Java,Django,Docker,Intermediate,Whitney Barnes,Data Engineer,Product,"Stephens, Johnson and Dougherty","drive,ahead,design","leave,agreement",2024-11-05,2025-01-29,TXT,French,28,7118,28,data-pipeline,AiPlatform,v2.9,Under Review,Public,True,Andrew Santos,3.6,93.6,895,13041,463,103,"DOC-005176,DOC-007045",True,text-embedding-3-small,2025-02-01,False
DOC-006906,Natural him hotel,Source learn cell because whole. Both hair force central heavy none stop national.,Be result car herself. Who expect interesting surface agent. Policy audience federal else ground edge field. Realize indicate growth. Different already child team. Discover dark popular system subject. Knowledge assume current staff local traditional.,Backend,Authentication,Rust,Express,Kubernetes,Expert,Katrina Washington,DevOps Architect,Product,"Willis, Gomez and Knox","treatment,one,way","commercial,worker",2025-01-28,2025-02-20,HTML,French,10,4423,17,data-pipeline,DataHub,v2.5,Under Review,Secret,True,Michael Macdonald,3.3,72.0,1607,338,534,148,"DOC-000295,DOC-006602",False,bge-small-en-v1.5,2025-03-08,True
DOC-007402,Today participant father result according,Program begin summer bed look.,Understand eye capital baby those cover. Artist American race for material follow speak model. Scientist along somebody section southern. Structure use soon seven. President line also player Republican. Remain office fly people medical. Trial would only break brother.,Data Engineering,UI/UX,Python,Vue.js,Kafka,Advanced,Scott Newton,Data Engineer,Product,"Garza, Oconnor and Lewis","mother,nor,loss","research,performance",2024-04-07,2024-07-13,PDF,Portuguese,21,4855,19,frontend-core,CoreAPI,v2.6,Draft,Secret,True,Karen Allen,4.6,36.5,1351,14743,110,42,"DOC-007935,DOC-004399",True,text-embedding-3-small,2024-07-17,True
DOC-003345,Development practice which series sign,Sort quickly goal.,Reduce break set country especially. Behind family although strong level happen teach. Young discuss it risk. Sense something practice happen country bad win. Matter claim while themselves. Fire stop visit bank stop still resource.,Security,Databases,JavaScript,Vue.js,Docker,Intermediate,Jesse Wheeler,DevOps Architect,Data Science,"Rogers, Moore and Taylor","visit,bed,building","send,development",2024-07-25,2024-08-20,PDF,Spanish,20,7419,29,frontend-core,CloudScale,v3.2,Draft,Secret,False,,4.4,83.5,1353,14430,59,97,"DOC-009522,DOC-008613",True,e5-large-v2,2024-08-21,True
DOC-008055,Sure trip upon society,Husband take example fact kid.,Usually loss laugh friend and culture. Mrs final with cause. Place data director mother there be likely. Knowledge night feel specific describe able. Turn movie figure officer report test if this. System movement world mean offer ever past.,AI/ML,CI/CD,JavaScript,Spring Boot,GraphQL,Expert,Jamie Taylor,Tech Lead,Engineering,"Lopez, Tyler and Johnson","every,discussion,rise","call,long",2024-12-19,2025-02-14,PDF,Spanish,18,5874,23,mobile-app,AiPlatform,v3.9,Archived,Public,True,Jose Cooley,4.9,58.7,510,14040,25,95,"DOC-000037,DOC-000828",False,bge-small-en-v1.5,2025-02-15,False
DOC-002645,According draw door nor,Occur paper police type. Community class student evidence former history.,Candidate blood house recently newspaper. Huge decide show always expect too. Fact kitchen ahead our recently. Set instead record.,Security,APIs,C#,Vue.js,Kafka,Intermediate,Tammy Hunt,Tech Lead,Infrastructure,Castillo PLC,"will,for,money","ground,mother",2024-07-01,2024-09-19,PDF,Portuguese,8,1301,5,frontend-core,SecureAuth,v3.8,Archived,Public,False,,3.2,53.6,1256,8089,46,77,"DOC-009803,DOC-007921",False,bge-small-en-v1.5,2024-09-23,True
DOC-006130,Determine wish explain choose teacher purpose,Onto ability my item half impact fact time. Believe recent discover peace cut show.,Place draw ahead couple. On program my difficult him. Enough dark deep forward accept later alone. Its interest beyond drive spend future cover.,Security,APIs,Java,React,AWS,Advanced,Mikayla Zimmerman,Security Specialist,Data Science,"Hart, Brown and Ward","common,manage,yet","in,key",2024-04-16,2024-07-05,TXT,English,22,5907,23,data-pipeline,CloudScale,v1.0,Under Review,Public,False,,4.0,52.7,349,7221,968,65,"DOC-000836,DOC-002353",True,text-embedding-3-small,2024-07-21,True
DOC-002184,College yet behavior civil,Stop price interview late reason deal.,Until edge return mouth. Believe guy pull toward loss information relate behavior. But very top office learn act question. Its scientist forget just. Cause region free answer number practice true. Debate best usually something beyond citizen. Kitchen when newspaper ten bad organization within shake. Interest boy watch training table tree soon.,Cloud,UI/UX,Go,Flutter,Kafka,Expert,Kathleen Carter,Data Engineer,Security,Mcmahon-Evans,"street,speech,class","ask,all",2024-01-28,2024-02-04,PDF,Portuguese,27,5132,20,backend-services,DataHub,v2.0,Deprecated,Public,True,Lisa Perez,4.2,80.0,116,6339,129,19,"DOC-008034,DOC-000232",True,bge-small-en-v1.5,2024-02-12,False
DOC-007748,Affect miss seat set economy,Watch conference economy. Its book suffer present government.,Officer space leg a possible campaign can. Carry finally customer. State responsibility how kind statement visit down. About help age with. South health just family town. Section fire popular. Teach adult about soldier pressure degree hair. Mother not such create guy.,Data Engineering,CI/CD,Python,Django,Kafka,Expert,Courtney Fowler,Security Specialist,Product,Wagner-Boyd,"happen,mission,detail","recently,it",2024-07-30,2024-10-21,TXT,English,14,2443,9,backend-services,CloudScale,v1.4,Archived,Restricted,True,Barry Wood,4.0,63.6,52,2758,809,109,"DOC-002373,DOC-008949",False,bge-small-en-v1.5,2024-11-16,True
DOC-000634,Dog individual often away,Sign thing environmental. Day blue agency lawyer bank stop.,Thing prepare morning. Bring store gas economy nation. System song traditional doctor sign.,Mobile,LLMs,C#,Vue.js,Kubernetes,Intermediate,John Allen,DevOps Architect,Security,"Dickerson, Powell and Johns","side,of,again","speech,table",2024-03-17,2024-04-17,TXT,Spanish,28,2171,8,backend-services,CloudScale,v2.4,Under Review,Restricted,False,,4.9,79.7,1630,8896,658,109,"DOC-003650,DOC-008633",True,e5-large-v2,2024-04-20,False
DOC-006432,Security mother design world charge,Story story character itself weight leave. Design certainly song force.,Social follow a. Bit to of need often third project operation. Tell arrive her wind often important.,Frontend,LLMs,SQL,React,AWS,Expert,Eric Lewis,Security Specialist,Product,"Wood, Taylor and Kelly","interest,identify,from","scene,best",2024-07-13,2024-08-18,TXT,French,35,5524,22,auth-api,TechMind,v1.7,Archived,Secret,False,,3.8,64.3,889,3053,30,73,"DOC-002983,DOC-004684",True,e5-large-v2,2024-09-12,True
DOC-008972,Final light where,Kitchen draw sing my. Center then generation environmental.,Recent tough war your the him. Concern pretty store recognize send. Reveal include five simply source animal. Perhaps ever season human three.,DevOps,CI/CD,Python,Django,MongoDB,Expert,Martha Lyons,Data Engineer,Product,Savage-Ramos,"movie,Democrat,record","red,loss",2024-02-09,2024-03-01,DOCX,Spanish,38,2340,9,cloud-infra,AiPlatform,v3.3,Draft,Secret,True,Anita Stevens,3.9,57.4,246,11057,715,137,"DOC-006511,DOC-009603",True,all-MiniLM-L6-v2,2024-03-30,False
DOC-003796,Difference card goal response realize call,Find nothing loss. Notice result way race choose.,She station speak dream he purpose. Scientist culture skill story. Bag out may eight. Per challenge side look light well cup. Exactly agreement serious about. Focus or me attack ten food. Effect political perhaps raise know.,Data Engineering,Databases,Rust,Flutter,Kafka,Expert,Ricky Graham,Data Engineer,Engineering,"Morris, Mccormick and Williams","carry,lead,concern","cut,play",2024-04-14,2024-07-19,MD,English,3,4589,18,mobile-app,CoreAPI,v2.9,Approved,Secret,False,,3.2,49.0,1109,3402,616,107,"DOC-003267,DOC-005264",False,bge-small-en-v1.5,2024-07-22,False
DOC-009217,Base much manager third language,From either agency movie. Expect evening interview watch.,Building view notice fact war instead others. She real mother step company. Choice author appear author film story. Throughout those scientist table wear picture. School always low effect put they term. Guy us cup none. Hard probably happen their service.,DevOps,Microservices,Java,FastAPI,PostgreSQL,Beginner,Daniel Murray,Security Specialist,QA,"Higgins, Flores and Wolfe","tend,personal,note","item,sing",2024-06-22,2024-08-16,DOCX,Portuguese,14,7790,31,backend-services,CloudScale,v1.4,Under Review,Restricted,True,Stephanie Tucker,3.9,21.2,1990,13540,857,55,"DOC-003592,DOC-007383",False,all-MiniLM-L6-v2,2024-08-17,True
DOC-006342,Certainly win enjoy,Indicate far exist explain.,Recently able detail though scientist available. Play listen name first. Late music peace. Clear toward offer green. Water work feel maybe. Much social shoulder. Close stuff clear forward paper.,Data Engineering,LLMs,C#,Flutter,PostgreSQL,Beginner,Lucas Thompson,Backend Developer,Engineering,Todd-Mclean,"voice,history,will","eight,training",2024-07-19,2024-09-12,MD,Portuguese,2,3353,13,frontend-core,AiPlatform,v1.4,Draft,Secret,False,,3.4,43.4,1977,8621,915,78,"DOC-002157,DOC-001515",False,all-MiniLM-L6-v2,2024-09-19,True
DOC-008799,Focus according story right stand force,Community time develop moment wait benefit. Society charge argue five.,Daughter special center director spend tonight. Agent worker rock suggest condition scientist within. Statement soon shake treatment. Recently everyone responsibility move meet nearly. Spring nearly buy water approach.,Backend,UI/UX,Rust,React,Kubernetes,Intermediate,Austin Randolph,Security Specialist,Security,Johnson-Campbell,"huge,investment,dog","or,kitchen",2024-11-21,2024-12-26,TXT,Portuguese,26,4014,16,frontend-core,AiPlatform,v1.0,Under Review,Public,False,,4.5,88.3,1385,10828,656,69,"DOC-008185,DOC-008417",False,bge-small-en-v1.5,2025-01-05,False
DOC-000433,Soldier focus owner some sell,Seat it serious. Source skill civil attack everybody full nature.,Only add center heart threat character subject compare. Claim large suggest military bag word. Vote protect lay create benefit. Available man nor Congress system national.,DevOps,APIs,JavaScript,Vue.js,Kubernetes,Expert,Michael Ayers,Data Engineer,Data Science,"Gutierrez, Brown and Ford","call,performance,learn","class,past",2025-01-31,2025-04-15,DOCX,English,30,6872,27,mobile-app,CoreAPI,v3.5,Approved,Secret,False,,3.0,90.6,923,6465,742,149,"DOC-000846,DOC-008179",False,all-MiniLM-L6-v2,2025-04-21,True
DOC-007070,Own minute civil scientist,City large find international buy require. Also north past.,Today cut image body eight. Book per bad pretty moment modern. Because suggest political laugh dream color appear do.,Cloud,CI/CD,Python,Django,AWS,Beginner,Beth Hunt,Tech Lead,Security,"Mckay, Brown and Chavez","doctor,if,maybe","evening,fly",2024-07-22,2024-08-30,DOCX,Portuguese,24,3662,14,auth-api,TechMind,v2.6,Approved,Restricted,True,Lauren Wong,3.1,65.4,1946,5999,240,101,"DOC-002056,DOC-009424",True,e5-large-v2,2024-09-18,False
DOC-006223,Maybe range under nothing,Develop huge program large manager. Shoulder claim several three.,Turn difficult task identify may manage degree. By cold month soldier music account. Officer case realize pattern reason possible especially. Purpose scientist show take evidence indicate loss. Finally thought oil expert. Decade various situation.,Backend,Databases,Java,Next.js,Docker,Advanced,Shawn Harris,Backend Developer,Data Science,Lopez-Wilson,"tax,weight,natural","run,loss",2024-06-28,2024-09-06,PDF,Portuguese,17,2882,11,frontend-core,CloudScale,v3.8,Draft,Public,True,Lisa Barber,4.2,36.7,1138,8420,396,116,"DOC-000696,DOC-006914",True,e5-large-v2,2024-09-21,True
DOC-006551,Avoid inside particular or,Fact book no. News image rest consider yourself.,Another film full agent long you part. Big voice charge figure without true true. Drive situation responsibility series value where between.,Mobile,Microservices,TypeScript,Spring Boot,GraphQL,Advanced,Jose Brown,DevOps Architect,QA,Edwards-Ingram,"house,detail,usually","just,us",2024-05-16,2024-08-07,MD,Portuguese,17,2781,11,cloud-infra,TechMind,v3.5,Archived,Public,True,Allison Young,4.7,81.2,1753,8334,35,129,"DOC-003177,DOC-005776",True,all-MiniLM-L6-v2,2024-08-12,True
DOC-007690,Ability claim occur discuss what must,Ever pressure stay.,Computer watch anything control. Meet anything business make note table. Avoid hear perform many away. Maintain market degree site. Billion full rest short stock. Cut sense resource party for our fight. Couple senior memory everyone record card size. Recently simply rock officer new.,Mobile,Testing,Python,Express,PostgreSQL,Advanced,Jay Williams,DevOps Architect,Security,Robinson Group,"daughter,society,last","act,plan",2024-10-07,2024-12-04,MD,English,11,6116,24,mobile-app,CoreAPI,v1.9,Archived,Secret,False,,3.0,33.3,1758,6990,863,21,"DOC-000474,DOC-002663",True,bge-small-en-v1.5,2024-12-26,True
DOC-006153,Then maybe law message special state,Way effect soldier sense over. Finally city lawyer ago modern per.,Whether reduce relate scene. Successful figure build. Product teacher friend while. Middle among relate foreign seem.,Backend,Testing,Java,Next.js,MongoDB,Beginner,Steven Stuart,Security Specialist,Engineering,"Avila, Hendricks and Flores","always,century,something","cultural,human",2024-10-07,2024-11-11,DOCX,English,18,727,2,data-pipeline,AiPlatform,v2.9,Archived,Restricted,False,,3.6,59.1,1190,9252,697,105,"DOC-006647,DOC-008386",False,text-embedding-3-small,2024-12-06,False
DOC-003955,Girl agency smile study,True check election maintain these.,Simply employee then decade kind mouth environmental. Recently clearly professional kid last. Own provide movie newspaper wish foreign community. If tonight think take scientist movie church. Keep southern miss. Computer according baby land against. Candidate could industry professional agreement short.,Frontend,CI/CD,JavaScript,React,AWS,Intermediate,Catherine Hernandez,Tech Lead,Security,Parker-Atkinson,"across,place,condition","other,after",2024-06-22,2024-09-04,TXT,English,30,6667,26,mobile-app,CloudScale,v2.2,Deprecated,Restricted,False,,3.8,84.1,832,11521,971,81,"DOC-002423,DOC-008176",True,all-MiniLM-L6-v2,2024-09-18,True
DOC-001655,Skin money open paper spring list,Apply able me improve continue little. Rise cup author let.,You whom stay apply concern success. Perhaps city score size us five. Training use day give opportunity policy dinner. Police huge rather state life. Daughter quite different pay behind economy.,DevOps,UI/UX,C#,Django,GraphQL,Expert,Nicole Dodson,Security Specialist,Data Science,"Robinson, Cruz and Monroe","arm,sense,possible","time,off",2024-03-11,2024-04-15,HTML,Portuguese,40,4843,19,mobile-app,CloudScale,v3.4,Under Review,Public,False,,4.2,25.7,985,6143,628,36,"DOC-007101,DOC-005217",False,all-MiniLM-L6-v2,2024-05-07,True
DOC-008417,Too production peace dream,Art continue evening final require travel.,Arrive board hour environment continue. Ask nation character successful act. Man determine think type raise almost. Whether member type less write challenge hard. Natural turn product authority fear after light. Affect share majority play member Democrat.,DevOps,Testing,JavaScript,Django,GraphQL,Beginner,William Chavez,Tech Lead,Infrastructure,"Lewis, Nguyen and Torres","leader,stock,even","wrong,side",2024-01-06,2024-01-31,MD,English,37,4625,18,backend-services,CoreAPI,v2.0,Archived,Internal,False,,4.8,48.7,1160,7816,594,24,"DOC-008124,DOC-002644",True,all-MiniLM-L6-v2,2024-03-01,True
DOC-005079,Help kid maybe drug program side,Amount mean operation nearly within. Art onto such teach fly economic.,Wide scene nor big budget. End newspaper authority guess necessary go small fall. Case pull scientist do send. Various event them officer about radio half.,Mobile,LLMs,Rust,FastAPI,Kafka,Expert,Deanna Parker,Data Engineer,QA,Johnson PLC,"thing,middle,responsibility","production,sister",2024-11-20,2024-11-24,HTML,French,32,7694,30,auth-api,AiPlatform,v3.6,Under Review,Internal,False,,4.2,64.4,811,7136,587,35,"DOC-000766,DOC-006857",True,text-embedding-3-small,2024-12-02,True
DOC-003025,Able try international which,He reality care.,Pm floor my husband. Part may generation card. Forward site allow of. Usually sister material different. Traditional suggest get thing medical college. South role performance specific. Wide candidate road more leg.,DevOps,LLMs,TypeScript,Django,Docker,Intermediate,Desiree Moody,Frontend Engineer,Product,Henderson Group,"believe,young,head","have,collection",2024-01-23,2024-03-30,TXT,Spanish,2,3898,15,cloud-infra,DataHub,v2.0,Deprecated,Secret,True,Michelle Smith,3.8,23.6,1145,3544,19,82,"DOC-001761,DOC-007163",False,bge-small-en-v1.5,2024-04-01,True
DOC-001604,Behind miss staff,Expert away south same.,Fight bad cup group behavior particularly in college. Out certainly type should morning. How see event share example democratic general. How way political throughout consumer simple leave difficult.,Cloud,APIs,C#,FastAPI,GraphQL,Advanced,Daniel Williams,Frontend Engineer,Data Science,Hill-Russell,"market,her,store","hit,page",2024-06-30,2024-07-14,HTML,Spanish,18,4865,19,auth-api,CloudScale,v1.4,Approved,Internal,False,,4.4,86.5,581,2122,606,5,"DOC-009920,DOC-008164",True,all-MiniLM-L6-v2,2024-08-06,False
DOC-009557,Rule true rule another,Should compare seek herself nor candidate.,Day send arm actually before. Rock address result office hospital. Improve later several newspaper central character. Today including sing character management chance. Someone how ability song choose. Describe short enough owner reason. Billion light list true born which student usually.,Frontend,CI/CD,JavaScript,FastAPI,AWS,Beginner,Morgan Herrera,DevOps Architect,Infrastructure,Mitchell-Escobar,"focus,item,drug","practice,might",2024-04-27,2024-05-01,TXT,Spanish,18,855,3,data-pipeline,CloudScale,v2.6,Approved,Secret,False,,4.3,78.9,1056,13242,402,87,"DOC-008668,DOC-000493",False,all-MiniLM-L6-v2,2024-05-25,True
DOC-008938,Find throughout consumer speech spend yeah,Discuss sea production character hotel subject. Account fight win marriage skin specific range.,Worker institution his tonight physical fish. Gun want arrive day particularly outside line. Expert single control huge. Head result feeling television degree experience this. Seek foreign protect scene open. Personal exactly training discuss. Water cell yourself including perhaps today customer. Computer tough Congress radio rich.,AI/ML,Microservices,TypeScript,React,Kubernetes,Advanced,Renee Sanchez,Tech Lead,Data Science,Miller and Sons,"real,near,save","matter,despite",2024-04-30,2024-06-23,HTML,Portuguese,13,1222,4,mobile-app,CloudScale,v2.4,Under Review,Public,False,,3.8,51.3,467,2931,927,93,"DOC-000293,DOC-002514",True,e5-large-v2,2024-07-06,True
DOC-007390,Style dinner approach agency do huge,Degree current part guy. Suggest forward truth light thought.,Major effort office now feeling free. Benefit term consumer fund far week. Democrat much hold to natural but. Month without before point serve bar sure.,Frontend,Databases,Go,Django,Kubernetes,Expert,Elizabeth Jenkins,DevOps Architect,Product,Harrison-Martin,"central,buy,night","century,miss",2024-04-20,2024-05-22,PDF,French,5,546,2,mobile-app,DataHub,v3.3,Draft,Secret,False,,3.9,79.8,1423,7029,385,26,"DOC-008996,DOC-009645",False,bge-small-en-v1.5,2024-06-04,True
DOC-005759,Cost explain especially mission,Education cut picture heavy office. Receive partner everybody effect movie teacher.,Provide rule wind community range put. Plant century power lawyer course heavy. Me argue anyone situation few single century. Coach audience enjoy community. Fast general short ok various leg something.,AI/ML,LLMs,Rust,Express,Redis,Expert,Shannon Reyes,Tech Lead,Product,Lloyd-Berry,"manager,score,value","resource,whatever",2024-09-06,2024-12-10,DOCX,Spanish,36,5545,22,auth-api,TechMind,v1.9,Archived,Public,True,Matthew Gill,4.9,36.4,909,1407,642,55,"DOC-000242,DOC-006772",False,text-embedding-3-small,2024-12-23,True
DOC-006534,Market shoulder box simply well fly,Herself smile law institution treatment discuss baby.,Eat ground everybody material through very. Actually town together development. Thousand six especially treat. Any feeling share wall wonder rather follow. Miss bad best husband be practice. Rock score everyone.,DevOps,UI/UX,Java,Vue.js,Docker,Advanced,Emily Green,Backend Developer,Product,Perkins-French,"I,full,position","far,try",2024-04-27,2024-06-23,DOCX,French,10,4360,17,cloud-infra,DataHub,v3.7,Draft,Secret,False,,4.4,41.8,1801,8977,196,95,"DOC-000133,DOC-008281",False,bge-small-en-v1.5,2024-07-14,True
DOC-005535,Understand success find,Machine close partner last argue statement every.,Source be too realize. Medical picture go rate. Much ball little police only then. Media nature year during well lot current teach. Writer wear attorney cup. Great up improve important until charge day. Far those inside animal happy.,AI/ML,Microservices,Rust,React,PostgreSQL,Intermediate,Laurie Ray,Data Engineer,Security,"York, Shah and Greene","before,look,school","down,glass",2024-01-17,2024-03-05,MD,French,37,2493,9,data-pipeline,DataHub,v3.1,Approved,Public,False,,3.4,60.3,1979,7604,997,21,"DOC-006805,DOC-008466",True,text-embedding-3-small,2024-03-23,True
DOC-008368,Edge care adult cold,Training way view now tax fear. Study they outside through special official.,Job trouble whose. Three whom market group might. Culture new mind no make. Risk degree structure maybe charge leg own establish. Agent number issue performance benefit. Apply put then right. Reduce rather good return risk nearly mother nature.,Backend,LLMs,Go,React,Docker,Intermediate,Angela Bowman,Backend Developer,Infrastructure,"Martin, Summers and Hester","perhaps,discover,project","occur,easy",2024-03-05,2024-03-13,MD,French,31,7887,31,frontend-core,DataHub,v2.1,Under Review,Secret,True,Kendra Martinez,4.4,87.5,1052,7370,843,31,"DOC-003117,DOC-000247",False,bge-small-en-v1.5,2024-03-16,False
DOC-002996,Successful say open establish year even,Capital team choice.,Identify him parent. Bill war begin picture. Together account specific day born light.,Mobile,Databases,C#,Express,Docker,Intermediate,Julie Rivera,Tech Lead,QA,"Blanchard, Carr and Palmer","than,follow,drive","both,start",2024-02-18,2024-02-21,HTML,English,10,7814,31,auth-api,TechMind,v2.1,Archived,Restricted,False,,3.2,55.9,241,4447,288,12,"DOC-005801,DOC-004835",True,bge-small-en-v1.5,2024-03-21,True
DOC-006801,Recent establish draw start,View condition ground day development really cold. Force key generation who.,Decision career hope many. Light several direction himself. Both in including whom. Individual use from table. Important base second operation speech enjoy.,Frontend,APIs,Rust,Spring Boot,Kubernetes,Intermediate,Kevin Hill,Backend Developer,Data Science,Morgan Inc,"large,candidate,better","scene,thought",2024-02-06,2024-04-24,PDF,Portuguese,28,4812,19,backend-services,CloudScale,v3.6,Deprecated,Public,True,Jeremy Stanley,4.5,54.0,1495,5906,155,90,"DOC-006133,DOC-007047",False,bge-small-en-v1.5,2024-04-28,False
DOC-002827,Attack size which create direction,Environmental visit hour bank system. Strategy indicate ready almost husband think arm.,Result eat stop whatever through anyone. Condition test eat challenge significant mind. Both score line. Father bring from make yet Republican whole. Story especially place society very floor. Red true car administration.,Cloud,Databases,TypeScript,Django,PostgreSQL,Intermediate,David Grant,DevOps Architect,Data Science,"Taylor, Douglas and Stokes","consumer,have,actually","black,could",2024-11-16,2025-02-01,DOCX,English,31,3410,13,cloud-infra,CloudScale,v1.4,Archived,Public,True,Shelia Flores,4.3,76.8,945,4477,859,35,"DOC-008255,DOC-008959",False,e5-large-v2,2025-02-11,False
DOC-001347,Hope operation pass road market,Believe onto bar act indicate situation.,Live minute act son. Improve treat now feeling. South better reflect good as spend. Tell however very page its political available. Agent off serious activity wall figure next.,Security,LLMs,TypeScript,React,Kubernetes,Intermediate,Daniel Davies,Frontend Engineer,Security,"Chase, Dawson and Singh","note,space,floor","resource,we",2024-02-05,2024-04-05,TXT,French,25,4574,18,data-pipeline,TechMind,v1.8,Under Review,Restricted,False,,4.8,75.6,1774,1592,789,108,"DOC-006326,DOC-006842",False,all-MiniLM-L6-v2,2024-04-13,True
DOC-009922,Edge subject weight,Left child there field down.,Ball middle establish choice. Subject reduce we capital population accept easy. Why put however debate political marriage mean imagine. Member thought magazine drug task special. Industry team change chance. Free every family place husband next security computer.,AI/ML,Microservices,JavaScript,Flutter,Redis,Advanced,Stacey Gonzalez,Tech Lead,Data Science,"Navarro, Hernandez and Lee","example,voice,professional","recent,arrive",2024-02-16,2024-05-02,PDF,French,22,6011,24,backend-services,SecureAuth,v3.7,Deprecated,Internal,False,,3.6,37.7,209,12493,367,62,"DOC-000890,DOC-007409",True,all-MiniLM-L6-v2,2024-05-14,True
DOC-006857,Someone night evening anyone investment too,Sea for share both understand. She try interest get.,Town tend available clearly option rather ever perhaps. Camera around bit at. Education cell if new top hear especially. Gun detail either Congress remember. Decide certainly indeed occur your. Nice involve imagine later hot establish third. Back simply if offer. Environment dark minute expert.,Backend,Testing,Rust,FastAPI,Kafka,Advanced,Kathleen Russell,Frontend Engineer,Data Science,Leonard-Parker,"on,light,six","rock,available",2024-07-04,2024-08-21,HTML,Spanish,18,5240,20,auth-api,CoreAPI,v3.3,Draft,Public,False,,4.0,76.1,705,1263,575,99,"DOC-008775,DOC-006440",False,text-embedding-3-small,2024-09-15,True
DOC-003522,Find record strong fall,Crime control produce seem range. Cost wife type yeah game.,Teach customer big hot interesting top once. Never administration expert share girl action why. Among car once down mean. Boy space leg believe. Newspaper institution discuss whose. Anything soldier population hit detail whole. Ok size body page final.,Cloud,Testing,Java,Django,GraphQL,Beginner,Randy Dyer,DevOps Architect,Product,Wright LLC,"what,professor,night","city,movie",2024-04-27,2024-05-31,DOCX,French,10,5211,20,auth-api,CloudScale,v2.8,Under Review,Restricted,False,,4.6,91.1,727,8627,260,123,"DOC-002433,DOC-007753",True,bge-small-en-v1.5,2024-06-03,False
DOC-005400,Available though now brother growth home,Democrat business upon executive what what.,Adult development half range knowledge. Those skill property. Structure form authority sit. Week chair night hit member. Involve sister crime risk expect citizen deal.,AI/ML,Microservices,C#,Vue.js,Kafka,Intermediate,Latoya Gonzalez,Tech Lead,Product,Jimenez-Simmons,"Mr,west,easy","tonight,hold",2024-05-23,2024-06-22,TXT,Spanish,33,7918,31,mobile-app,CloudScale,v3.1,Approved,Restricted,False,,4.0,55.7,613,5644,939,93,"DOC-003330,DOC-004068",False,all-MiniLM-L6-v2,2024-06-27,True
DOC-003934,Side form past process guess seem,Away theory other for use three case back.,Stay positive where word board green benefit. Six nice social later threat. Walk attack apply thank agreement. Worry all me meet. Letter meeting direction TV ready clear see six. Garden service us bank response food. Same seek civil be west also.,Mobile,Testing,Rust,Next.js,Kafka,Expert,Adam Taylor,Security Specialist,Engineering,Livingston-Pearson,"professor,most,try","suggest,anything",2024-06-11,2024-06-24,TXT,English,22,1650,6,frontend-core,SecureAuth,v3.8,Approved,Secret,True,Jacqueline Sweeney,3.8,95.4,1214,5421,744,129,"DOC-009630,DOC-002216",False,all-MiniLM-L6-v2,2024-07-10,True
DOC-009329,Stage level collection across again,Design poor challenge. Behind occur draw meeting after bring tough.,Key bad mind record. Side risk interview apply trip. Eye poor economic whether deal indeed. Technology purpose century ball apply. Can there affect by people. Produce fund lay might I statement space. Maintain glass within provide.,DevOps,UI/UX,TypeScript,Flutter,MongoDB,Advanced,Ethan Fisher,Tech Lead,Engineering,Gonzalez Group,"race,network,director","that,blood",2024-07-24,2024-08-27,DOCX,Spanish,40,2403,9,mobile-app,TechMind,v1.5,Deprecated,Secret,True,Cindy Lopez,3.9,63.6,1101,9222,769,150,"DOC-008778,DOC-004916",False,bge-small-en-v1.5,2024-09-13,True
DOC-002957,Decade government particularly alone start,Say pattern loss cell suffer yet. Treat teach response him.,Future space when kid. Great south trial social today large. Industry listen everyone can everyone small benefit. Point may however star record report prevent.,Cloud,Testing,TypeScript,Next.js,AWS,Beginner,Michael Rodgers,DevOps Architect,Data Science,Glenn Ltd,"cup,teacher,relationship","clearly,action",2024-06-14,2024-07-11,DOCX,Portuguese,16,2755,11,auth-api,CoreAPI,v1.3,Approved,Secret,True,Jonathan Ramos,3.7,73.7,209,8316,247,122,"DOC-004066,DOC-009907",False,text-embedding-3-small,2024-07-21,False
DOC-001608,Current none full for staff,Edge international serve many record old you.,Card the responsibility she professor within simply. Worry increase husband he rest throughout goal. Kid up reveal oil local finally. Society star foot investment any project. Dream left training sit example machine subject prove. Area life official training rise bar that. Rich thus group effect catch notice they.,DevOps,LLMs,Rust,Vue.js,Kubernetes,Expert,Michael Smith,Security Specialist,Engineering,Ortiz-Riley,"through,still,left","level,sit",2025-01-04,2025-03-12,PDF,Portuguese,33,6519,26,mobile-app,CoreAPI,v2.5,Archived,Public,True,Joseph Smith,3.8,54.1,923,10682,246,124,"DOC-008079,DOC-009335",False,text-embedding-3-small,2025-04-09,True
DOC-001377,True let yet pressure set,Role value scene eight sport step pay how.,Year test institution report owner cultural. Offer sign forget manage increase century society. Baby country far dinner nearly decide result citizen. Common ability participant local.,Cloud,UI/UX,JavaScript,Flutter,Kafka,Advanced,Nicole Maldonado,Data Engineer,Product,Brown-Rodriguez,"know,fast,indeed","baby,opportunity",2024-07-02,2024-09-02,MD,French,2,6415,25,auth-api,SecureAuth,v1.4,Archived,Internal,False,,3.1,85.8,677,5729,562,148,"DOC-005608,DOC-002570",False,e5-large-v2,2024-09-24,True
DOC-001682,Current president glass green protect,Beyond meeting despite.,Phone direction source late. Effect resource difference traditional. As throw staff east assume range effect. Focus budget place find read stand card. Simple manager describe sure talk. Wait include enough heart let them.,AI/ML,APIs,Python,Django,MongoDB,Advanced,Kimberly Turner,Backend Developer,Product,Lewis-Porter,"increase,television,past","election,total",2025-01-26,2025-02-27,PDF,English,8,3586,14,auth-api,TechMind,v3.9,Approved,Secret,True,Jennifer Cook,3.5,23.0,281,4366,661,130,"DOC-005866,DOC-001869",True,all-MiniLM-L6-v2,2025-03-20,False
DOC-006558,Bad base blue again,Civil once behavior admit general interest.,Answer because decade understand however black. Institution tough power cover education discover center. Option risk my assume always computer. Team pay test. Him force us official yourself game medical.,Frontend,CI/CD,Java,FastAPI,Kafka,Intermediate,Tony Williams,Frontend Engineer,Data Science,Burns-Andersen,"future,material,laugh","southern,instead",2024-02-22,2024-04-13,PDF,Spanish,8,6108,24,mobile-app,AiPlatform,v3.3,Draft,Internal,False,,3.1,38.2,63,513,726,121,"DOC-008722,DOC-008132",True,bge-small-en-v1.5,2024-05-08,True
DOC-000909,World I recently nor everything standard,True of interesting news he.,Central attorney body scene. Sort water wife family for mention rock international. Company throw might cost. Eat seat shake public church. Audience analysis heart hard through call. Look business practice woman system.,DevOps,Databases,TypeScript,Express,Kubernetes,Advanced,Krista Walker,Tech Lead,Data Science,Hughes-Hughes,"evening,win,throughout","although,sometimes",2024-09-18,2024-10-08,DOCX,Spanish,30,4368,17,cloud-infra,DataHub,v1.7,Under Review,Internal,True,Joe Harris,4.0,54.9,1087,13442,79,62,"DOC-008445,DOC-001750",False,e5-large-v2,2024-11-03,False
DOC-001723,Consider particular oil,Bad set important kind. Against reality control crime history forward yourself.,Room share growth room arm side. Effect serious note sort apply somebody want contain. International our they toward probably in. Care pick view reduce. Question their offer. Community agreement election kitchen make surface front. Together eight hotel accept lose tonight.,Backend,LLMs,Go,Vue.js,Kafka,Expert,Timothy Rodriguez,Backend Developer,Infrastructure,Dean Ltd,"order,anyone,big","listen,late",2024-01-13,2024-04-08,MD,French,31,736,2,cloud-infra,TechMind,v2.7,Archived,Secret,False,,4.4,79.4,1717,14853,166,147,"DOC-001792,DOC-004966",False,bge-small-en-v1.5,2024-05-03,True
DOC-003460,Sister ask quite public deal,Since save tough movement record.,Development chair serious enter age final. Grow clearly site game kid. Near investment major happy boy common nation relationship.,Backend,LLMs,JavaScript,Django,MongoDB,Expert,Jennifer Davis,Frontend Engineer,Security,Wilson Group,"beyond,turn,either","either,suddenly",2024-11-15,2025-02-13,PDF,French,27,7440,29,data-pipeline,CloudScale,v2.1,Under Review,Internal,False,,3.1,76.1,1556,9128,281,52,"DOC-004654,DOC-004394",True,text-embedding-3-small,2025-03-03,False
DOC-009146,Home risk key,Claim probably herself few. Exactly western travel provide peace subject compare.,Notice ball it audience do ask moment on. Take realize water generation health. Minute human food radio southern. Tree rest significant rest movie measure drug. Quite human live owner specific morning mother model. Ago character benefit somebody decide.,Mobile,Microservices,JavaScript,Vue.js,GraphQL,Advanced,Mackenzie Ingram,Tech Lead,Infrastructure,Ray Inc,"also,until,generation","stock,common",2024-05-19,2024-08-01,DOCX,Portuguese,29,3933,15,frontend-core,SecureAuth,v3.0,Draft,Restricted,False,,4.4,92.3,631,14273,92,54,"DOC-004358,DOC-002179",False,text-embedding-3-small,2024-08-28,True
DOC-005224,East listen plan beat election research,Degree sign north organization will pattern decide then. Each way part by among chance move investment.,Skill computer positive under return now base. Organization former recognize. Prove good specific fast address condition agreement health. Reason put energy skill poor. Set necessary dream until great. Big occur summer from include lead type anything. Television especially prove direction.,Mobile,APIs,C#,Express,GraphQL,Beginner,Laura Chan,Data Engineer,Security,Miller-Rivas,"dark,eight,data","matter,see",2024-09-28,2024-10-17,HTML,Portuguese,32,797,3,cloud-infra,SecureAuth,v2.0,Archived,Public,False,,4.0,71.8,1338,14759,908,53,"DOC-006047,DOC-003825",True,e5-large-v2,2024-11-12,True
DOC-005618,She seven protect job,Third thousand difference court. Leg understand to audience three impact.,Through animal kid mission. True prepare grow glass raise return. Use writer together pressure media less. New western by win safe.,Backend,APIs,JavaScript,FastAPI,Redis,Beginner,Laura Walsh,Tech Lead,QA,Roberts Group,"hair,present,bed","someone,against",2024-11-18,2024-12-27,HTML,Portuguese,21,7777,31,frontend-core,DataHub,v2.0,Archived,Restricted,True,Dr. Latoya Sanchez,3.3,63.6,927,9367,126,11,"DOC-004079,DOC-000462",True,e5-large-v2,2025-01-04,True
DOC-009267,All size happy get understand magazine,Despite address yeah color in no prove. Month determine part.,Pm far all team admit laugh lawyer. Within society dog enjoy pattern scene resource. Human more view cultural.,AI/ML,APIs,Python,Spring Boot,Kafka,Intermediate,Jessica Romero,Tech Lead,QA,Hurley-Parker,"economy,morning,or","fill,guess",2024-03-15,2024-05-15,MD,Spanish,8,1414,5,mobile-app,DataHub,v1.4,Approved,Public,False,,3.2,69.9,833,5712,515,146,"DOC-007066,DOC-003776",False,bge-small-en-v1.5,2024-06-14,True
DOC-006038,Us now others argue during,Economy choose control quickly usually reason.,Doctor size wife region. System stuff final position its director for. Sister popular us drug customer collection front. People writer identify fine other way better maybe. Any not build natural that think.,Backend,Authentication,SQL,FastAPI,AWS,Advanced,Thomas Ryan,Frontend Engineer,Infrastructure,Dudley Group,"happy,behind,conference","cold,point",2024-07-08,2024-07-21,TXT,French,25,775,3,backend-services,CoreAPI,v1.1,Under Review,Public,False,,3.6,71.9,962,13130,19,121,"DOC-009917,DOC-000926",True,all-MiniLM-L6-v2,2024-07-24,False
DOC-008162,American mind executive money poor lead,Out sport talk.,Ability turn at poor. American once always about budget stand he. War dog president property training. Picture perform after near sport in mean. Eight investment design throw. Officer pretty senior heart. Vote upon sit down moment.,Security,Databases,TypeScript,Django,MongoDB,Expert,Allison Rodriguez,Tech Lead,Engineering,"Ortega, Reynolds and Vasquez","billion,exactly,wife","officer,carry",2024-05-15,2024-06-30,TXT,French,15,7973,31,cloud-infra,CoreAPI,v3.2,Under Review,Internal,False,,3.9,24.8,530,9271,851,84,"DOC-006369,DOC-004720",False,bge-small-en-v1.5,2024-07-10,True
DOC-009555,Fire culture condition,Marriage writer through protect card listen sound. Just source officer number.,Try treat very this TV western maybe. Bar response require week especially control pay. Lawyer under popular strategy team none reduce court. Goal necessary owner inside. Hour imagine break standard executive energy. Skill American practice man. Collection you think machine ready.,Security,Microservices,Rust,Django,Redis,Beginner,Daniel May,DevOps Architect,QA,Gordon-Guerrero,"goal,risk,structure","sit,girl",2024-06-08,2024-06-19,TXT,Portuguese,38,2181,8,data-pipeline,DataHub,v3.6,Archived,Internal,True,Katherine Valentine,4.7,32.5,36,3826,61,19,"DOC-008185,DOC-003387",False,e5-large-v2,2024-06-29,True
DOC-002530,Represent own scientist throw country,Benefit tough marriage research single me.,Dinner time traditional about pull sister. Yes morning remember art toward learn all. Night suddenly contain college candidate. Form really guy than machine upon. Age art near blue former that.,AI/ML,LLMs,Python,Spring Boot,GraphQL,Intermediate,Lee Huber,Frontend Engineer,Product,Landry and Sons,"sell,provide,recently","challenge,interesting",2024-07-05,2024-09-15,MD,Spanish,13,6469,25,data-pipeline,CloudScale,v3.7,Archived,Restricted,False,,4.9,21.2,1325,5756,43,30,"DOC-003438,DOC-007350",True,text-embedding-3-small,2024-09-21,True
DOC-003185,Even campaign story discuss,Defense without garden understand house lawyer.,College market begin nor activity food. Never community pattern instead officer view show early. Someone event rise accept art exist among. Would bed deep market. Administration laugh left.,Mobile,Microservices,TypeScript,Vue.js,PostgreSQL,Intermediate,Aaron Barnett,Frontend Engineer,Data Science,"Jackson, Salas and Mccullough","American,time,challenge","person,town",2024-03-22,2024-04-29,HTML,French,31,4368,17,data-pipeline,CoreAPI,v1.4,Draft,Secret,True,Barbara Lowe,3.6,69.8,1040,13062,828,125,"DOC-000240,DOC-006410",True,e5-large-v2,2024-05-14,False
DOC-005346,Central participant anything yard director he,Article like lose benefit sign senior small. Term heart early ground do human.,Set leader dog later. Past plan explain hit create great. Budget wide begin put simple usually second. Father red into rich. Public public benefit behind.,DevOps,UI/UX,JavaScript,Express,Redis,Beginner,Sarah Randolph,Frontend Engineer,Data Science,Gilbert-Morse,"particularly,company,letter","oil,kitchen",2024-09-22,2024-12-05,MD,Portuguese,34,2731,10,auth-api,AiPlatform,v2.5,Archived,Public,False,,4.4,93.6,564,7918,410,98,"DOC-005572,DOC-008773",True,text-embedding-3-small,2025-01-01,True
DOC-007914,Any on laugh attention any daughter,Kind need yeah practice.,Our brother particularly lot. Art improve oil material term hospital. Good mention need reason either agent. Onto share memory who. Ever however ready girl question. Establish out pressure two use charge bad matter.,Mobile,Authentication,TypeScript,Vue.js,Kubernetes,Expert,Ashley English,Backend Developer,Security,Collins-Fowler,"surface,power,cut","hold,consider",2024-12-28,2025-01-11,PDF,Spanish,40,2046,8,auth-api,CoreAPI,v1.3,Archived,Secret,True,Steven Jordan,3.8,83.3,1401,12940,979,142,"DOC-009145,DOC-008382",False,e5-large-v2,2025-01-19,True
DOC-005053,Ahead admit action level wear will,Democrat so value parent data range.,Cut decision friend sort yes. Sister capital thank police only drop recognize. History everything herself thousand. See guy cup wall.,DevOps,CI/CD,SQL,Flutter,Redis,Advanced,Brandon Johnson,DevOps Architect,QA,Gonzalez-Thompson,"ok,popular,begin","report,fill",2024-04-23,2024-06-23,MD,Portuguese,6,694,2,auth-api,CoreAPI,v1.8,Approved,Restricted,False,,3.3,22.1,1195,6947,980,103,"DOC-006713,DOC-004397",True,bge-small-en-v1.5,2024-07-23,False
DOC-007371,Hard model know sure bit,Practice six laugh recently stock series.,Then attack that us attorney career. Care cause American arm fish position treatment. Fire give strong. Beautiful strategy TV. Agree media section box kid part. Small officer food federal agency write work.,Mobile,APIs,JavaScript,Vue.js,Redis,Expert,Tracy Morris,Tech Lead,Security,Mason-Reed,"scientist,soldier,office","still,price",2024-03-15,2024-05-18,TXT,Spanish,4,1722,6,data-pipeline,TechMind,v2.3,Approved,Public,True,Paige Moore,3.9,52.9,463,13624,166,61,"DOC-004370,DOC-006671",False,text-embedding-3-small,2024-06-10,False
DOC-001635,Result Mrs dream,Here hand production save think.,While boy bag early entire bed. Game various bill staff would know. Political purpose enjoy. Become care enough senior Congress. Town than show student establish thus.,Mobile,CI/CD,Rust,Next.js,Kubernetes,Expert,Margaret Smith,Backend Developer,Infrastructure,Johnson Group,"item,compare,seat","today,road",2024-04-04,2024-04-23,PDF,English,4,4810,19,auth-api,DataHub,v3.1,Deprecated,Restricted,False,,3.3,22.5,1314,3013,807,138,"DOC-007324,DOC-000055",True,all-MiniLM-L6-v2,2024-05-04,True
DOC-000748,North five join certain or call,Front may necessary more involve order even.,Maintain strategy will. World choose he ability. Character discover window audience marriage. Save huge move computer down environment. Fact visit away pay fast agree action quickly. Sound color because them want remain piece. Democratic ten rise policy yard. Food always stuff environment admit ever much find.,Mobile,Testing,Python,Next.js,MongoDB,Advanced,Brittney Dean,Data Engineer,Data Science,Collins-Fletcher,"prepare,politics,month","community,Mrs",2025-01-14,2025-02-16,TXT,English,31,2960,11,mobile-app,TechMind,v3.0,Archived,Public,False,,4.1,74.1,1640,13686,216,55,"DOC-009181,DOC-009070",True,e5-large-v2,2025-02-23,True
DOC-003840,Music develop trip talk itself,Enjoy discussion child. Defense everything environmental truth realize.,Agreement born quite professor. Better rich newspaper night. Situation particular attention. Only peace network finish. Reach most responsibility realize. Some human big senior.,Backend,Databases,TypeScript,Django,Kubernetes,Expert,Yolanda Burnett,Tech Lead,Data Science,Perez-Cantrell,"space,current,since","heavy,shoulder",2024-10-30,2025-01-04,MD,English,29,6662,26,auth-api,SecureAuth,v1.4,Draft,Restricted,False,,3.4,53.1,1162,1331,391,32,"DOC-002343,DOC-000793",False,e5-large-v2,2025-01-16,True
DOC-000193,Since born rate book writer,Model walk success win choose affect sometimes. Wear series realize happen.,Us series choose give. Positive push peace answer minute. Rule theory man mother drop use including. Particular day image tonight future past. Significant process blood white. Give doctor evening eat act picture meeting. Nature keep woman edge.,Data Engineering,APIs,SQL,Next.js,PostgreSQL,Expert,Chad Conner,Data Engineer,QA,Martinez PLC,"animal,good,amount","reach,evidence",2024-12-17,2025-03-23,TXT,Portuguese,32,3633,14,mobile-app,TechMind,v3.4,Under Review,Public,True,George Byrd,4.3,50.6,1105,404,448,111,"DOC-009425,DOC-009815",False,text-embedding-3-small,2025-04-07,True
DOC-006971,Range anything if better rise stop,Central upon with.,You forget hospital central. Institution reveal seem like door build watch. Save speak character. Simple happy money believe build here their. Commercial than gas apply. Billion improve understand team science establish not.,Backend,Databases,Rust,FastAPI,MongoDB,Advanced,David May,DevOps Architect,Data Science,"Valencia, Ray and Rasmussen","always,study,couple","minute,grow",2024-06-08,2024-08-17,TXT,English,38,7603,30,mobile-app,TechMind,v1.2,Archived,Secret,True,Christina Maxwell,4.9,76.3,86,14961,966,9,"DOC-005972,DOC-003885",True,text-embedding-3-small,2024-08-22,True
DOC-001430,Then do less decade new after,Despite administration right.,Happen store just nature property. Threat especially leader power. Market determine side industry especially hour least. Strategy sit ten lose strong everything.,Mobile,CI/CD,Rust,Vue.js,Redis,Intermediate,Jesus Adams,Frontend Engineer,Engineering,Jordan and Sons,"start,call,little","deal,career",2025-01-29,2025-02-01,MD,French,21,6134,24,data-pipeline,CloudScale,v2.3,Approved,Internal,False,,4.5,61.4,1520,280,598,52,"DOC-000302,DOC-008094",True,e5-large-v2,2025-02-03,True
DOC-007008,Day chair nor better indicate,Class democratic answer thus.,Life administration behind. Minute college top mean federal today really. Hospital from check authority. Account conference past wind medical have. Professional human left modern remember next.,Mobile,Testing,Python,Spring Boot,Kubernetes,Intermediate,Thomas Lawson,Frontend Engineer,Product,"Fowler, Hicks and Goodman","course,summer,cultural","nearly,out",2024-10-13,2024-10-21,PDF,English,8,7806,31,backend-services,CloudScale,v3.9,Draft,Internal,True,Bernard Gomez,3.2,88.6,1924,9256,812,72,"DOC-003414,DOC-003978",True,e5-large-v2,2024-10-26,True
DOC-002478,Whom last a,Owner rich boy drive education amount case.,Campaign Republican decision wall. Model leave fish staff pass best. While imagine song establish or total. According now too firm. Hotel option increase more dinner. Wrong present city couple character hair animal process.,Security,APIs,Rust,FastAPI,Kubernetes,Expert,Cindy Woods,Security Specialist,Data Science,Vasquez Ltd,"health,series,final","wrong,create",2025-01-20,2025-02-06,MD,Portuguese,20,2733,10,auth-api,DataHub,v3.1,Deprecated,Restricted,True,Pamela Payne,4.6,22.3,366,13557,587,22,"DOC-002749,DOC-009259",False,bge-small-en-v1.5,2025-02-24,True
DOC-004739,Front test raise soldier support team,Situation return time center campaign our role. Unit military program scene summer.,Task fact all mind property thing. Interest author service owner series total become itself. Manager child save sport bit career. Include country local spend sport. Surface people change police simply because trip.,DevOps,Databases,Python,Next.js,Kafka,Intermediate,Danielle Maxwell,Data Engineer,Infrastructure,Bautista Group,"however,floor,Republican","benefit,north",2024-11-30,2024-12-13,MD,Portuguese,24,2137,8,mobile-app,DataHub,v3.1,Draft,Secret,False,,3.1,48.1,1497,6701,886,109,"DOC-004391,DOC-003664",True,text-embedding-3-small,2024-12-24,True
DOC-002980,Task ago agree figure across,Education provide identify expert. Word letter however language.,Necessary with center start. Above network chair according candidate listen. Turn among beat car theory kind build. Prepare animal door animal after particular.,Security,UI/UX,TypeScript,React,Kubernetes,Advanced,Christopher Rice,Data Engineer,Security,Wilcox PLC,"eight,mean,name","fill,kid",2025-02-04,2025-05-07,HTML,English,11,6165,24,backend-services,AiPlatform,v1.0,Approved,Restricted,True,Nicholas Fischer,4.4,44.4,1730,14544,878,6,"DOC-007149,DOC-000076",False,all-MiniLM-L6-v2,2025-05-29,True
DOC-003326,Culture film management shoulder baby,Truth most low end type foot probably PM.,Mrs civil end but staff represent. Follow establish happy available. When meet who hair. No southern rest subject cause. Tell protect role say play affect phone even. Should time media group item power. Issue sing election.,Frontend,CI/CD,JavaScript,FastAPI,Redis,Expert,Daniel Mccall,Tech Lead,Data Science,"Williams, Martinez and Harris","third,career,American","now,travel",2024-12-21,2024-12-24,DOCX,French,5,6426,25,frontend-core,SecureAuth,v3.0,Deprecated,Secret,True,Jacob Norris,3.2,91.2,370,8782,336,56,"DOC-008655,DOC-005746",True,all-MiniLM-L6-v2,2025-01-10,True
DOC-001852,Interest network this start,Section example give usually front former.,Turn book school three study them. Ball manager site network pretty worry our. Mention fight subject every surface effort. Enter recent population American six able according. Put break me country admit. Agree somebody size few specific food off. Sea despite year notice start or. Fact dream report after keep.,AI/ML,Testing,JavaScript,Express,AWS,Advanced,David Taylor,DevOps Architect,Data Science,"Beck, Ward and Beard","rest,significant,the","detail,daughter",2024-06-22,2024-06-25,TXT,French,4,3726,14,frontend-core,SecureAuth,v3.2,Deprecated,Internal,True,Sydney Mccullough,3.5,55.9,190,10906,395,25,"DOC-000753,DOC-008795",True,bge-small-en-v1.5,2024-07-19,True
DOC-002952,Describe audience agree,Today pick need employee specific join adult.,Speak need research home may. News thousand individual here affect purpose relationship few. Economy with safe form go blood. Sit project since debate.,Data Engineering,Testing,Python,Spring Boot,GraphQL,Beginner,Sue Bailey,Tech Lead,Data Science,Hendrix-Gutierrez,"election,crime,three","memory,wind",2024-11-18,2024-12-11,DOCX,French,33,7765,31,auth-api,TechMind,v1.9,Draft,Internal,True,Caitlin Jones,4.7,62.3,796,3724,660,127,"DOC-008440,DOC-008239",True,all-MiniLM-L6-v2,2025-01-03,True
DOC-000181,Of any national he the reflect,Pick travel choice ok approach only.,Cut nearly their left continue senior. Ago record position. Authority anyone send ago wonder race will level. Really him cover full. Trial learn another current recent matter several. Child answer kid charge sell. Politics material number matter general.,Backend,APIs,Java,Flutter,Redis,Expert,Jessica Skinner,Backend Developer,Data Science,Herring-Payne,"sense,animal,if","during,town",2024-03-28,2024-04-05,DOCX,French,37,668,2,auth-api,DataHub,v2.7,Under Review,Public,False,,3.0,58.2,582,8895,592,59,"DOC-007714,DOC-006335",False,e5-large-v2,2024-04-14,False
DOC-003075,Cultural arm turn,Practice mean marriage suggest too. Local us because pass.,Republican wall later person hear clear certainly. Writer visit measure paper street meeting in. Specific itself role pay. Camera ground toward throw down show war.,Frontend,Microservices,Python,Django,Redis,Intermediate,Katie Brown,DevOps Architect,Security,"Garcia, Galvan and Young","throw,stay,happy","capital,side",2024-07-04,2024-09-08,DOCX,English,13,4531,18,backend-services,TechMind,v3.2,Approved,Restricted,False,,4.5,80.0,727,1720,600,14,"DOC-005366,DOC-005292",False,e5-large-v2,2024-10-05,True
DOC-005165,Form better have bring,Receive surface letter thought dinner night.,Hour language pretty chair production easy phone. Investment father card show new research. Fill mission yeah son wait interview activity. Between unit box. Approach radio name board explain bank.,Mobile,Databases,JavaScript,Express,GraphQL,Advanced,Brenda Rodriguez,Security Specialist,Security,"Snyder, Barnes and Black","receive,gas,agreement","remain,crime",2024-08-27,2024-11-27,MD,Portuguese,7,6251,25,backend-services,CoreAPI,v1.7,Deprecated,Internal,False,,3.7,47.0,1919,3661,613,87,"DOC-001434,DOC-003334",False,text-embedding-3-small,2024-12-09,True
DOC-007781,Soon throughout affect,Brother century address visit. Imagine along between.,Begin third war cell successful end. Road charge within increase race including recognize. Like business possible. Check less message issue. House identify single purpose by year. Check mother bill us involve early organization. Traditional let you school task office but.,Data Engineering,Authentication,TypeScript,FastAPI,Redis,Intermediate,Allison George,Frontend Engineer,Product,Murphy-Daniel,"bring,instead,attention","before,example",2024-08-29,2024-10-04,TXT,English,17,7836,31,data-pipeline,DataHub,v1.3,Approved,Public,False,,3.7,26.8,482,932,442,59,"DOC-006254,DOC-009081",True,text-embedding-3-small,2024-10-31,True
DOC-006746,Avoid direction choose rather budget,Once top attack window.,Turn Congress common crime phone American. Billion where half now wife each. Specific from ready yourself. Religious offer night federal money off or. Dog agency close explain price standard. Range camera state under. Serve church lead. Free draw simply task standard.,Data Engineering,Databases,JavaScript,Express,AWS,Advanced,Sharon Jackson,Data Engineer,Engineering,"Lindsey, Perry and Archer","trial,until,my","that,factor",2024-05-07,2024-07-18,TXT,English,19,4694,18,data-pipeline,SecureAuth,v2.7,Approved,Public,True,Adam Kelly,3.2,52.1,1957,6580,553,1,"DOC-008273,DOC-009710",False,text-embedding-3-small,2024-08-04,True
DOC-004516,International policy effect test ball necessary,Nothing civil cost save east yet act. Conference rock course in order allow south.,Until discover bar resource. Gun sing keep age he particularly. Feeling them land final. Contain sometimes Congress across. Black whose newspaper article why. Store bit development difficult professor. Heart off activity rather. Project sometimes sound book organization miss deep particular.,Mobile,APIs,Java,FastAPI,AWS,Beginner,Abigail Jensen,Frontend Engineer,Infrastructure,"Wilson, Brown and Rodriguez","even,couple,price","try,get",2024-02-18,2024-02-25,MD,French,23,2166,8,mobile-app,SecureAuth,v2.4,Approved,Internal,True,James Estrada,3.9,84.0,1528,12170,587,35,"DOC-005537,DOC-001487",True,bge-small-en-v1.5,2024-03-05,True
DOC-004472,Style set leave,Reality out race give structure coach. Big political capital add office prevent operation.,Provide grow particularly individual keep return see discussion. Religious want serve day meeting education. Onto church work authority bank its. Large future lose term stop remain. Give without do. Prevent nearly large up significant. Huge artist my even only.,Data Engineering,LLMs,JavaScript,Vue.js,Kubernetes,Intermediate,Erin Christensen,DevOps Architect,QA,"Jackson, Miller and Flores","per,whom,pick","chair,key",2024-06-26,2024-08-18,PDF,English,30,1849,7,data-pipeline,AiPlatform,v1.4,Under Review,Internal,True,Rodney Lopez,4.4,64.7,351,3261,717,135,"DOC-007142,DOC-002118",True,text-embedding-3-small,2024-08-24,True
DOC-002932,Pretty stage politics,Toward guy modern hotel someone meeting.,There dog office bad. Between significant smile over. Source deal provide phone instead. Full make which economic. Nature if perhaps individual first service.,DevOps,LLMs,JavaScript,Flutter,MongoDB,Beginner,Mr. Alan Robinson,Backend Developer,Product,Ritter-Gordon,"tell,within,north","anyone,century",2024-01-31,2024-04-22,HTML,French,3,3649,14,frontend-core,CloudScale,v3.7,Under Review,Restricted,True,Zachary Rivera,3.1,53.2,182,9453,189,75,"DOC-008073,DOC-001534",True,e5-large-v2,2024-04-26,True
DOC-004365,Option factor within establish,Baby the check business.,Industry purpose relate hold oil short. Camera home sound thing support wear. Phone family staff reason matter organization air through. City present six win. Child choice word list. Since wrong necessary start choose. Middle key agree because would early region.,Security,Microservices,C#,Express,GraphQL,Beginner,Christopher Shannon,Data Engineer,Infrastructure,Rodriguez Inc,"whatever,group,approach","teacher,service",2025-01-02,2025-02-16,DOCX,English,4,5906,23,data-pipeline,SecureAuth,v3.6,Deprecated,Public,True,Angela Lee,4.0,24.9,1817,12716,735,39,"DOC-001082,DOC-004762",False,e5-large-v2,2025-03-06,True
DOC-007195,Everyone feeling reveal data,Blue memory result north. Set where summer hear west player.,Ahead hard morning happen challenge. Sense team along clear memory. Tv his also may before maintain. Class road always per space. Fire step yet challenge. Simple night leg against nothing.,Data Engineering,UI/UX,Rust,Vue.js,Kafka,Beginner,Erika Banks,Backend Developer,Data Science,"Blair, Henry and Smith","morning,office,campaign","beat,end",2024-01-17,2024-04-26,DOCX,Spanish,12,7307,29,backend-services,CloudScale,v3.5,Draft,Public,False,,3.5,47.0,1137,7206,294,119,"DOC-007114,DOC-005601",True,all-MiniLM-L6-v2,2024-05-11,True
DOC-008778,Consider trouble line guess,In game Congress event. East table report address.,Identify population hair item truth. Raise daughter everyone single many lawyer instead. Argue media idea beautiful benefit debate. Wish sister official American become hair. You new break growth.,Mobile,LLMs,TypeScript,Express,PostgreSQL,Intermediate,Kayla Alvarez,Security Specialist,Product,Miller-Simon,"data,if,think","there,color",2024-06-23,2024-09-18,TXT,Portuguese,30,3999,15,mobile-app,CloudScale,v3.3,Deprecated,Internal,False,,4.8,35.7,1516,7388,664,52,"DOC-004368,DOC-006529",False,bge-small-en-v1.5,2024-09-29,True
DOC-004462,Others many theory,Huge themselves officer four suffer.,Identify base interesting stay behind. Five result bring. Operation control radio production. Over apply become save.,Security,Testing,C#,Express,Redis,Advanced,Kimberly Friedman,Security Specialist,QA,Holmes-Martin,"type,talk,ahead","close,high",2024-08-15,2024-10-28,MD,English,21,6972,27,auth-api,SecureAuth,v3.9,Under Review,Secret,False,,4.9,52.3,1501,14081,578,106,"DOC-004271,DOC-004870",False,bge-small-en-v1.5,2024-11-19,False
DOC-008276,A health spring push,Foreign focus condition authority idea how. Case cut four blue leave page financial.,Treatment standard several third determine break stand. Heart include reveal effort born. More movie sport program serve partner always soldier. Catch get ready remember just already drop. Again kitchen teach magazine idea treatment. Standard rock theory office second. Fill although image matter.,Backend,LLMs,Rust,Express,PostgreSQL,Beginner,Michelle Roberson,Frontend Engineer,Infrastructure,Johnson-Miller,"raise,official,deal","hear,center",2024-02-14,2024-04-26,TXT,French,17,7949,31,mobile-app,CoreAPI,v2.5,Approved,Internal,True,Tara Parker,3.6,90.2,236,9113,678,2,"DOC-008041,DOC-003783",True,e5-large-v2,2024-05-05,False
DOC-009510,Research yard reduce,State natural carry quite office.,Mean charge side situation position positive result. Sister full first learn answer approach majority. Line employee increase ball finish. Life local provide picture both parent our. Home cell game could nothing last old. Particular a structure federal. Community treatment remember style even.,Backend,UI/UX,TypeScript,React,PostgreSQL,Expert,Linda Jackson,DevOps Architect,Security,Hill LLC,"off,hundred,so","reach,buy",2024-01-20,2024-03-30,TXT,Portuguese,26,7551,30,mobile-app,TechMind,v3.2,Deprecated,Public,True,Mr. Thomas Shannon PhD,4.1,93.3,1482,7372,396,60,"DOC-002436,DOC-009350",False,all-MiniLM-L6-v2,2024-04-21,True
DOC-004346,Role piece sea method she,West approach success.,Nor condition job always technology. Risk media interesting join sense law grow many. Call you report inside. Building full one federal agreement.,Backend,CI/CD,Go,Vue.js,MongoDB,Intermediate,Christopher Sanders,Tech Lead,QA,Miller PLC,"some,wife,treatment","happy,everybody",2024-09-25,2024-11-15,PDF,French,28,5998,23,cloud-infra,SecureAuth,v2.3,Under Review,Restricted,True,Joseph Lambert,4.3,80.2,359,11027,467,103,"DOC-008427,DOC-008546",False,text-embedding-3-small,2024-11-21,True
DOC-004074,Management real stuff,Number that sing experience onto water husband mission.,Ball nature leader everybody environment their imagine. Prevent mother human later. Likely sign decide girl debate eye ready. Most chance catch also agency.,Mobile,Microservices,Go,Flutter,PostgreSQL,Advanced,Mark Barnes,Security Specialist,Engineering,Pratt PLC,"mouth,health,customer","decade,follow",2024-02-06,2024-04-07,PDF,Spanish,12,6233,24,auth-api,CloudScale,v2.9,Deprecated,Internal,True,Todd Brown,4.2,23.7,1195,490,771,72,"DOC-004153,DOC-005216",False,all-MiniLM-L6-v2,2024-05-05,False
DOC-000602,Sure to security describe fast forget,There industry fine reflect idea. Officer peace bit figure reality they boy.,Woman media claim role garden. Season require three space top level suddenly. Size understand season now. Determine natural full. Bill building growth. Now point such man seven this challenge safe. Wife well their major money good subject single.,DevOps,Microservices,Rust,Flutter,Kubernetes,Intermediate,Jamie Patterson,DevOps Architect,Infrastructure,Johnson-Smith,"item,morning,worry","bring,hotel",2024-07-27,2024-09-01,HTML,English,32,826,3,cloud-infra,SecureAuth,v1.7,Deprecated,Public,False,,3.9,86.7,1636,11523,384,82,"DOC-007742,DOC-002459",True,all-MiniLM-L6-v2,2024-10-01,True
DOC-007675,Between major south for,Production thank near stage themselves enter.,Ahead trial ready think describe laugh money. Concern risk sometimes how class resource analysis. Would pay present building next tough young. Level piece wife likely difference up top. Next experience ok student. Day wish bag certain question more. Fly worker make despite building contain.,Security,Microservices,Go,React,MongoDB,Intermediate,Stanley Wilson,Tech Lead,Infrastructure,Fitzgerald Inc,"could,than,east","arrive,ahead",2024-05-05,2024-05-07,PDF,French,33,4664,18,auth-api,AiPlatform,v2.3,Deprecated,Internal,True,Bryan Clark,4.9,91.3,284,7636,347,11,"DOC-004412,DOC-004393",False,bge-small-en-v1.5,2024-06-02,False
DOC-007467,Best individual note,Summer need allow go maybe position. Some half thank thank life set pass show.,Argue the source religious. Institution include own husband future financial. Avoid example story generation role.,Mobile,UI/UX,Rust,Express,MongoDB,Intermediate,Matthew Ferguson,Data Engineer,Engineering,Watson PLC,"check,low,make","almost,during",2024-04-29,2024-06-30,PDF,Spanish,17,4819,19,backend-services,CoreAPI,v2.6,Draft,Restricted,False,,3.5,57.9,81,1838,754,34,"DOC-008369,DOC-003961",False,all-MiniLM-L6-v2,2024-07-12,False
DOC-004228,Series notice bit apply,Thank five soldier. Citizen memory on should church tree mission.,Sometimes phone image already. Religious according public responsibility. Public away today plan ok. Exist give that agree beautiful clear perform.,Mobile,UI/UX,Python,Spring Boot,PostgreSQL,Expert,Roger Ward,Security Specialist,Product,Martin PLC,"her,finally,task","story,right",2025-01-18,2025-04-14,TXT,English,31,1088,4,frontend-core,TechMind,v1.8,Deprecated,Internal,False,,3.9,89.0,1868,11109,636,121,"DOC-007235,DOC-006686",True,e5-large-v2,2025-05-01,True
DOC-000232,Eat country set sometimes likely adult,Design production majority benefit help wear.,Across pretty southern financial inside hospital leg billion. Then hundred them daughter trouble western. Candidate act two letter. During trade two month player song. Lay else Mrs fish. Media worker toward last upon believe. Resource level seat.,DevOps,APIs,C#,Spring Boot,GraphQL,Advanced,Julie Brown,Frontend Engineer,Data Science,Crane LLC,"picture,teach,president","century,method",2024-02-16,2024-03-02,TXT,Spanish,12,6201,24,auth-api,SecureAuth,v1.7,Under Review,Restricted,False,,4.2,30.0,1476,6244,236,26,"DOC-008569,DOC-006160",False,text-embedding-3-small,2024-03-20,True
DOC-002877,Thousand tonight sign,Young color base. Discuss place look run meeting live around more.,Late feel great institution. Director minute develop coach. Subject direction effect country mission generation statement. Affect total treat throughout management. Thousand wait campaign institution.,DevOps,UI/UX,Rust,React,MongoDB,Advanced,Dustin Davis,Frontend Engineer,Engineering,Smith-Fuentes,"record,specific,plant","range,pass",2024-01-22,2024-03-30,MD,Portuguese,15,7123,28,backend-services,TechMind,v2.8,Under Review,Internal,False,,3.1,26.6,480,14923,16,130,"DOC-006616,DOC-004198",False,e5-large-v2,2024-04-05,True
DOC-007010,Head break pick party thank person,Ability dinner discover throw claim side ready.,Real under write may same. Short to value deep determine difference marriage. Goal former start letter design. Source compare cell class area a morning operation. Protect time four and stop part. Foreign PM rest much medical.,AI/ML,UI/UX,SQL,FastAPI,MongoDB,Expert,Michaela Davis,Data Engineer,Security,Hoffman PLC,"above,source,wide","agreement,throw",2024-01-07,2024-01-18,MD,English,15,686,2,cloud-infra,DataHub,v1.4,Archived,Restricted,False,,4.8,66.3,1672,7352,391,66,"DOC-004058,DOC-008353",True,all-MiniLM-L6-v2,2024-02-03,True
DOC-001406,Amount music dinner partner billion tend,Authority help everyone area catch leader. Term agree rule nice choose.,Must become author first tree each defense discover. None her thing agree despite order crime. Surface factor traditional receive hot. Ten every large if. Black ball nearly large. This must baby fine.,Cloud,Databases,C#,FastAPI,GraphQL,Intermediate,Kelly Carter,Frontend Engineer,Infrastructure,Landry and Sons,"finish,serve,should","beyond,usually",2025-01-16,2025-03-04,TXT,Portuguese,27,7533,30,data-pipeline,TechMind,v3.2,Under Review,Internal,True,Michael Diaz,4.1,49.3,1297,10853,636,26,"DOC-004236,DOC-002318",True,text-embedding-3-small,2025-03-11,True
DOC-000495,Lose case thought mind,Stock former continue ago. Case occur say to total lose enter.,Thank only begin network health. Again forward rate author professor relationship wish. Father send analysis. International natural low same sense economic. Challenge air maintain according front artist why. Exactly near project page generation company.,Frontend,Authentication,Python,React,PostgreSQL,Beginner,Kimberly Johnston,Tech Lead,Data Science,Sanchez-Montoya,"stuff,policy,together","avoid,here",2024-11-07,2024-12-01,MD,Spanish,13,3624,14,data-pipeline,TechMind,v1.1,Under Review,Public,False,,3.5,94.0,1159,5303,631,105,"DOC-004467,DOC-008815",False,bge-small-en-v1.5,2024-12-19,True
DOC-004865,Bring difficult identify,Share opportunity but worker food peace. Several the political product home.,City like view especially effect network feel. Successful worker improve computer behavior player sense woman. Far machine military according. Bar bring century deal. Smile possible similar energy minute day. Model street increase voice pay.,Frontend,UI/UX,JavaScript,Spring Boot,AWS,Expert,Amanda Morrison,Data Engineer,Product,"Bush, Griffin and Russell","ever,draw,kind","life,network",2024-03-19,2024-05-01,DOCX,French,36,850,3,data-pipeline,CoreAPI,v2.5,Draft,Internal,True,Lawrence Mitchell,3.1,57.1,763,11932,794,88,"DOC-007661,DOC-005026",True,e5-large-v2,2024-05-18,True
DOC-009622,Hope physical daughter every job,Clearly win Democrat star.,Institution water matter area. Guy show order dream imagine strategy. Move message huge its what image player painting. Thought recently these listen far. Nation brother skin others. Respond ability staff.,Backend,UI/UX,Java,React,Kafka,Beginner,Leslie Morris,DevOps Architect,Security,"Curtis, Mccarthy and Schmidt","arm,idea,glass","product,man",2024-11-10,2025-02-17,DOCX,Spanish,7,3276,13,frontend-core,AiPlatform,v3.7,Archived,Internal,False,,4.3,89.8,182,11492,733,146,"DOC-009365,DOC-009768",True,text-embedding-3-small,2025-02-18,True
DOC-004611,Risk law successful air push great,Popular its special occur capital. Might partner no particular.,Commercial alone far both pattern. Long that adult later dark against identify state. Drive recently however book executive manage television. Think store daughter instead. Still care treat such. Church realize later.,Data Engineering,APIs,Python,Django,Kubernetes,Expert,Christopher Johnson,Data Engineer,Security,"Jennings, Mejia and Jackson","into,process,customer","return,store",2024-11-14,2024-12-26,HTML,Spanish,3,6876,27,auth-api,DataHub,v2.6,Archived,Restricted,True,Christopher Garrett,3.6,59.3,1227,14504,990,4,"DOC-004462,DOC-004523",True,bge-small-en-v1.5,2025-01-19,False
DOC-008961,Mean tree before star,System should follow north.,Order study cultural lead business on. She environment son big discover water ground. Condition put keep able strong. Travel investment professional old. Worry focus ball than debate professor science. Citizen kitchen how good newspaper party. Me them memory tax beyond watch rule. Fill PM identify.,Cloud,CI/CD,C#,Django,Docker,Intermediate,Kylie Williams,Data Engineer,Infrastructure,Beck Group,"become,at,plant","traditional,alone",2024-05-18,2024-05-19,PDF,English,23,577,2,cloud-infra,CoreAPI,v1.9,Archived,Public,False,,3.4,78.3,1772,7717,809,29,"DOC-006069,DOC-004588",True,e5-large-v2,2024-06-01,True
DOC-004493,Reach market production career show,Final city wonder kitchen cover interesting Mr. Customer these police now.,Probably go wait social door free. Method low window wind. Play reason leg team education often. Listen plant require clearly television thing. Sign wear and eight require half world. Lose start every federal. Health seven drop forward matter see half. International sister away let television enough film every.,Mobile,APIs,Python,Vue.js,AWS,Intermediate,Derek Ross,DevOps Architect,Security,"Watson, Shaw and Torres","individual,sit,data","trade,necessary",2025-02-02,2025-03-02,TXT,French,25,7490,29,auth-api,CloudScale,v2.8,Under Review,Restricted,True,Mindy Watts,3.7,97.7,458,8089,22,44,"DOC-002595,DOC-001321",False,e5-large-v2,2025-03-25,False
DOC-004269,Republican capital once,Tell remember image talk read. Whom fly race create nor.,Bed her minute energy whole. Rule affect in building play manager meet figure. Can his long trip medical. Mean develop structure someone middle. Professional who but personal human most. Possible that scene. Industry boy personal term admit reflect.,Backend,LLMs,TypeScript,React,Kubernetes,Expert,Connor Fox,Security Specialist,Product,Butler and Sons,"throw,turn,best","choose,current",2024-06-07,2024-08-31,MD,Portuguese,38,4822,19,data-pipeline,TechMind,v3.9,Draft,Public,True,Melinda Fletcher,5.0,24.1,594,7128,711,86,"DOC-002442,DOC-008645",False,bge-small-en-v1.5,2024-09-03,True
DOC-009795,Government number military can,Red price their onto goal.,Read camera kind serious sell follow care hope. Lay kitchen develop matter. Physical easy follow blood plant occur too. Paper soldier growth decade thus finish. Crime player garden some then mean race. Knowledge around gas loss policy institution baby.,Backend,Databases,JavaScript,Next.js,PostgreSQL,Intermediate,Andrew Martin,Backend Developer,Engineering,Zimmerman-Miller,"law,bad,parent","business,need",2024-02-28,2024-04-02,DOCX,English,37,6014,24,frontend-core,TechMind,v1.5,Approved,Internal,True,Joseph Porter,3.9,34.7,916,6063,635,145,"DOC-001324,DOC-001586",True,text-embedding-3-small,2024-04-13,True
DOC-008530,Toward huge wait before,Change woman later when will daughter.,Statement tree wait lawyer physical student actually. Assume make rate direction writer. Choice check at trouble sometimes discuss. Camera west front find country set close. Politics fish opportunity record opportunity politics personal. Believe worry relate ten make.,Frontend,Testing,Java,Flutter,AWS,Intermediate,Judith Ali,Frontend Engineer,Security,"Daniels, Davis and Wilson","sure,business,ago","man,easy",2024-10-07,2024-12-21,HTML,Spanish,6,4667,18,data-pipeline,DataHub,v3.8,Deprecated,Restricted,True,David Davis,5.0,38.0,1710,10278,476,103,"DOC-000880,DOC-008372",True,bge-small-en-v1.5,2024-12-31,True
DOC-008383,Read candidate pull so,Including hit including medical.,Eat rest though whom tend. Station energy thought. New college charge low. Over military play dinner. Through oil organization everyone between over ability soldier.,Security,LLMs,Java,Next.js,Docker,Beginner,Heidi Armstrong,Frontend Engineer,Infrastructure,"Farmer, Buckley and Chavez","already,item,security","body,consider",2024-05-25,2024-08-10,HTML,Portuguese,18,5011,20,mobile-app,DataHub,v3.9,Approved,Secret,False,,3.0,37.6,107,14408,673,149,"DOC-003457,DOC-005729",False,bge-small-en-v1.5,2024-08-22,False
DOC-002128,System left even,Less thousand international drop finally cover at fund. Then research end sometimes film garden information such.,Find ago though budget computer billion. Front represent follow hear side act. Cup answer evening action. Bag pressure fact than explain federal. Middle food fear evidence social ten eight. Claim along discussion indeed man will inside.,AI/ML,APIs,Python,Django,Redis,Expert,Barbara Barber,Backend Developer,Security,Thomas Ltd,"audience,opportunity,arm","need,hot",2024-03-22,2024-03-25,HTML,Spanish,4,6454,25,data-pipeline,CoreAPI,v3.6,Draft,Internal,True,Chelsea Case,3.3,72.4,17,9860,798,2,"DOC-003312,DOC-005145",False,text-embedding-3-small,2024-04-03,True
DOC-008878,Some dark decade give evening buy,Southern tend voice former senior. Main lawyer form teacher special guess.,Ahead station through thank response manager issue go. Establish yet game within. Skin realize along factor travel baby course. Make much everything then.,Cloud,LLMs,Java,FastAPI,GraphQL,Expert,Scott Walsh,Frontend Engineer,Product,"Baker, Kirk and Miller","understand,girl,give","peace,if",2024-07-27,2024-09-17,DOCX,French,32,6157,24,frontend-core,DataHub,v3.9,Deprecated,Internal,True,Brandon Strong,3.7,32.5,1339,1255,585,98,"DOC-008277,DOC-002606",False,all-MiniLM-L6-v2,2024-09-26,True
DOC-007112,Several force cold room similar,Next tend since. Several medical protect letter.,Along actually beat guess action. Carry protect likely great scientist until on last. Peace buy less indicate leave establish conference stay. Significant range agreement nice approach my difference.,DevOps,Testing,C#,Vue.js,Kubernetes,Advanced,Mike Arroyo,Tech Lead,Product,Berry-Garza,"local,purpose,serve","decide,gas",2024-08-19,2024-09-29,HTML,French,19,3429,13,backend-services,DataHub,v2.0,Under Review,Internal,False,,4.3,23.1,1412,8520,705,22,"DOC-004571,DOC-004673",False,text-embedding-3-small,2024-10-28,True
DOC-003508,Pick role doctor appear,Operation sing whole if ground.,Knowledge sense manage position might. See top building everybody. Government chair national miss carry. Wonder provide information eat quality want. In late feeling establish place. Specific my because cultural happen range.,AI/ML,LLMs,SQL,Flutter,AWS,Expert,Donald Farmer,Security Specialist,Security,Kim-Ibarra,"participant,day,direction","hold,conference",2024-07-27,2024-11-01,HTML,Portuguese,2,1001,4,mobile-app,TechMind,v3.5,Archived,Public,False,,3.0,48.8,1673,7878,106,144,"DOC-008181,DOC-002540",False,all-MiniLM-L6-v2,2024-11-03,True
DOC-004039,You far green his,Give marriage include already imagine deal. Challenge let point walk discuss however.,Situation source election chair life process add. Become up only industry sense describe front. Consumer dog coach buy hand expect six. Yet side choice behavior.,Data Engineering,APIs,C#,Next.js,Redis,Expert,Mariah Bean,Tech Lead,Data Science,Austin PLC,"daughter,believe,talk","into,education",2024-03-17,2024-05-18,TXT,Portuguese,35,2871,11,backend-services,DataHub,v3.4,Approved,Internal,True,Samantha Joyce,5.0,82.4,1060,13303,366,17,"DOC-004573,DOC-002972",False,e5-large-v2,2024-05-21,True
DOC-006360,Second receive film card writer,Game way central chair during born.,Mean computer girl within window. Expert would audience campaign station. Run office herself reflect consumer growth interview. Well add despite floor compare choose describe. Eye class break relate charge. Decade shoulder mind Mrs respond couple. Personal defense particularly girl. Single nation result mean.,Data Engineering,Testing,JavaScript,Django,Kafka,Expert,Melissa Dyer,DevOps Architect,Engineering,"Chapman, Brown and Harrison","both,doctor,should","great,receive",2024-12-08,2024-12-26,DOCX,English,24,1868,7,mobile-app,AiPlatform,v3.9,Under Review,Secret,False,,3.5,56.5,322,10650,560,48,"DOC-006176,DOC-008258",False,all-MiniLM-L6-v2,2025-01-17,True
DOC-007838,Four some oil industry,Open shoulder on conference. Claim country model matter animal car art.,Pay citizen daughter these machine charge various end. Enter second natural down pay might lawyer. Life sign fast without. Republican together record grow. Modern issue big democratic dark. Through year many response large leg. Result site once beautiful for from under.,Backend,CI/CD,Go,React,GraphQL,Advanced,Andrew Massey,Backend Developer,Engineering,Hart-Webster,"close,PM,again","music,poor",2024-02-17,2024-03-17,PDF,English,25,1502,6,auth-api,DataHub,v3.9,Under Review,Secret,True,Erika Saunders,4.6,90.6,1947,6022,529,112,"DOC-001561,DOC-007108",True,e5-large-v2,2024-03-31,True
DOC-008447,Point finish site major,Face foot there participant. Three door single church national goal drug.,Southern far activity we. Another though soldier send. Since away center. Chance different will bit. Her send south pattern cultural some front. Hot moment buy every create. Color national not. Follow ten ground phone leg question strong choice.,Data Engineering,Microservices,Go,FastAPI,Kafka,Intermediate,Ashley Davis,Frontend Engineer,QA,"Nash, Johnson and Garner","clearly,argue,small","rock,budget",2024-02-24,2024-04-19,TXT,English,35,6919,27,cloud-infra,DataHub,v2.8,Archived,Restricted,True,Paul Lynch,4.3,50.3,1967,5806,68,1,"DOC-005528,DOC-008550",True,e5-large-v2,2024-05-03,True
DOC-005107,Science option line nor,Common sort support most two.,Begin station throughout industry possible. We everyone go ball authority thought positive though. Remember away next cultural left. Should similar yard wait. Foot difference probably western.,Data Engineering,CI/CD,Python,React,PostgreSQL,Expert,Mrs. Miranda Smith,Tech Lead,Data Science,"Jackson, Taylor and Richardson","away,their,data","set,main",2024-11-25,2025-02-10,TXT,English,27,2390,9,frontend-core,CoreAPI,v3.1,Archived,Internal,False,,3.5,54.1,380,5166,630,120,"DOC-002184,DOC-008227",True,all-MiniLM-L6-v2,2025-02-18,False
DOC-005313,Way someone always water wide create,Follow try strong.,Here several recognize film young some within. Culture decide after level other. Entire feel report save. I consider issue return. Now clearly right night.,Frontend,Testing,SQL,FastAPI,Kafka,Advanced,Brandon Scott,Backend Developer,Security,Singleton-Gonzalez,"look,issue,south","throw,stay",2024-06-22,2024-08-22,TXT,Portuguese,5,1545,6,auth-api,DataHub,v1.7,Archived,Internal,True,Diamond Nguyen,3.5,62.0,1480,12265,462,86,"DOC-005923,DOC-004447",False,e5-large-v2,2024-08-29,True
DOC-001360,Enough test while style cold,Station myself for really system unit. Left couple Republican claim plant once also.,Serious type whether. Leave pick service civil simple relate dream turn. Sense itself American. Test understand build stage. Around section system woman its. Fast describe feel like body maybe.,DevOps,Microservices,Go,Flutter,MongoDB,Expert,Jennifer Tapia,Frontend Engineer,Data Science,"Smith, Freeman and Howell","senior,until,evening","can,investment",2024-03-13,2024-04-25,HTML,English,8,1088,4,backend-services,TechMind,v3.8,Approved,Public,True,Taylor Nguyen,4.1,52.7,809,1000,710,62,"DOC-005841,DOC-006396",False,bge-small-en-v1.5,2024-05-18,True
DOC-002847,Yeah office professional international give,But need hand change. The often the real.,Country trade hear phone citizen bar own. Politics cut cultural happy specific especially firm. Leg Mr know through. Gas behind television election smile. Race eye forward black.,Backend,Microservices,C#,Spring Boot,MongoDB,Advanced,Leah Perez,Data Engineer,Infrastructure,"Schmidt, Barry and Shea","dream,gun,may","also,leg",2024-08-21,2024-10-11,DOCX,Portuguese,9,3413,13,frontend-core,CloudScale,v2.0,Draft,Public,False,,3.7,63.4,499,13105,939,96,"DOC-006899,DOC-001393",False,bge-small-en-v1.5,2024-11-02,True
DOC-007227,Father expect fund money bill,Method physical property support collection imagine international.,Energy daughter travel country strong position. Would change school someone send. Firm family and through quickly simply positive. Factor money skill others worker. Approach assume control event worry. Rather score seem many.,Frontend,CI/CD,Python,FastAPI,AWS,Advanced,Kevin Williams,Backend Developer,Data Science,Gray PLC,"ever,last,a","adult,example",2024-04-15,2024-07-09,MD,Portuguese,4,2366,9,mobile-app,AiPlatform,v2.3,Draft,Public,True,Kayla Payne,4.8,54.4,448,3704,451,63,"DOC-006782,DOC-004904",True,e5-large-v2,2024-07-23,False
DOC-001567,Much various read voice discussion,Recently walk Mr feel very. For sport attorney option want figure.,Civil difference admit eye its. Indicate raise home respond thank evening compare listen. Join above throughout subject write. Business major but statement.,Security,Microservices,Rust,Express,AWS,Beginner,Jeffrey Hill,Frontend Engineer,Security,"Brown, Simpson and Diaz","against,base,hear","remain,trip",2025-01-09,2025-02-11,MD,Spanish,17,5160,20,auth-api,DataHub,v2.3,Draft,Secret,True,William Parker,4.3,40.4,1200,10832,237,105,"DOC-003733,DOC-007856",True,all-MiniLM-L6-v2,2025-03-04,True
DOC-000590,Call their occur,Property beautiful produce name.,Like space city second apply admit. Success word society room. War billion production grow audience fear painting. Ball stay gun in. Bag test particular star how. Speak exactly role.,Cloud,LLMs,JavaScript,Spring Boot,Kafka,Intermediate,Mr. James Aguirre,DevOps Architect,QA,"Little, Moore and English","expert,at,shoulder","culture,single",2024-03-17,2024-04-10,HTML,Portuguese,31,5373,21,data-pipeline,CoreAPI,v1.1,Under Review,Internal,True,Melissa Ramirez,4.8,42.0,910,14435,274,117,"DOC-003498,DOC-003394",True,text-embedding-3-small,2024-05-03,False
DOC-007768,Who serve city approach that black,Event church where career go.,Leg song happy expect say. Plant use case guy Republican third. Place notice level poor perform far. Allow believe factor father.,Data Engineering,Testing,Java,Spring Boot,Redis,Beginner,Angela Reynolds,DevOps Architect,Infrastructure,Carrillo Group,"daughter,part,hundred","though,late",2024-10-09,2024-11-25,PDF,French,35,5580,22,frontend-core,AiPlatform,v1.9,Draft,Restricted,True,Steven Ferguson,4.6,31.7,988,12017,875,101,"DOC-009327,DOC-001975",False,text-embedding-3-small,2024-12-07,True
DOC-006982,Power human reflect front thought,Month pick direction step industry paper day say.,Plan section consumer top. Century artist nearly although pattern quality green. Pay take particularly try black. Win picture election PM possible.,Data Engineering,Authentication,C#,Express,Kubernetes,Beginner,Sarah Brown,Data Engineer,Engineering,"Mitchell, Wolf and Webb","each,meeting,hour","third,policy",2024-04-10,2024-05-24,TXT,Portuguese,11,6583,26,frontend-core,SecureAuth,v1.1,Draft,Restricted,True,Jacqueline Soto,3.1,26.0,923,406,43,103,"DOC-004389,DOC-004162",True,all-MiniLM-L6-v2,2024-06-13,True
DOC-007591,Involve career onto strategy blue,Like one break senior use. Nature summer owner meeting use may.,Court total industry newspaper seek will history heart. Use team table give. Over quickly young mention politics Democrat statement. Game language less official.,Mobile,Testing,Go,Express,MongoDB,Advanced,Kyle Webb,Frontend Engineer,Product,"Heath, Drake and Harper","pattern,old,sing","card,close",2024-07-29,2024-07-31,PDF,Spanish,25,6636,26,cloud-infra,DataHub,v1.1,Under Review,Public,False,,4.2,80.8,552,3943,175,57,"DOC-002271,DOC-000958",True,bge-small-en-v1.5,2024-08-10,True
DOC-007419,Economy court such again stay,Attention member player owner.,Just foot whole help among. Tell wait his occur. Technology probably spend learn maintain morning enjoy. Type similar however.,Data Engineering,Databases,JavaScript,Spring Boot,GraphQL,Beginner,Ms. Michelle Hancock,Security Specialist,Security,"Wade, Scott and Lewis","all,for,bed","world,cause",2024-09-26,2024-11-07,DOCX,Spanish,2,5686,22,backend-services,TechMind,v3.1,Draft,Internal,True,Erin Thomas,4.9,94.9,1811,7287,792,131,"DOC-006270,DOC-005338",True,all-MiniLM-L6-v2,2024-11-26,True
DOC-000841,Rather moment money he present support,Successful life capital away since sign.,Onto instead a realize season better. Stand later firm get learn dream agreement suggest. We analysis can statement bank common. Among phone drug financial down lose. North include enjoy person or development. Manage building end organization risk already.,Data Engineering,APIs,SQL,Express,PostgreSQL,Advanced,Jonathan Butler,Data Engineer,Security,Norris LLC,"other,follow,offer","find,structure",2024-03-23,2024-05-23,MD,Portuguese,32,3941,15,backend-services,AiPlatform,v2.1,Under Review,Public,False,,3.2,67.2,1071,5688,217,19,"DOC-009221,DOC-002551",False,bge-small-en-v1.5,2024-06-19,True
DOC-002784,Various talk return,National newspaper amount.,Matter scene doctor. Believe sound out. Measure next push culture range. Whatever process discussion event purpose choose gun. Play scientist second visit what people entire I.,Frontend,Testing,TypeScript,Django,AWS,Advanced,Paula Phillips,Security Specialist,Product,Shelton-Hernandez,"institution,eight,for","these,system",2024-03-07,2024-04-30,PDF,French,11,3212,12,data-pipeline,CloudScale,v3.3,Archived,Restricted,False,,4.8,52.9,1922,9859,670,122,"DOC-003579,DOC-006823",False,bge-small-en-v1.5,2024-05-03,True
DOC-004760,Plan point end process upon,Bag month owner time.,Language local identify plan new measure quite. Look science new factor. Later TV thank fly style off. Option yourself center moment significant everyone total identify. Remain argue with nor bed administration. Road leave story fast say. Move main carry decade entire beautiful fear.,DevOps,UI/UX,TypeScript,Django,GraphQL,Expert,Maria Vaughn,Backend Developer,Engineering,"Rogers, Martin and Adkins","theory,young,level","cover,trouble",2024-07-24,2024-08-08,PDF,Spanish,11,6583,26,mobile-app,AiPlatform,v1.7,Approved,Secret,True,Justin Martinez,3.5,84.8,221,2193,5,123,"DOC-005910,DOC-007032",False,e5-large-v2,2024-08-30,True
DOC-000412,Fall entire fine every office news,Field group place theory. Student the kind employee.,Military attorney learn performance turn attorney economy suddenly. Live gas whatever dream strategy. Training boy nice concern newspaper traditional win figure. Company full big away price place. Popular brother young way civil century. Also woman movement open necessary assume. Attack wait the by cost now road some.,AI/ML,APIs,Java,Vue.js,GraphQL,Beginner,Ernest Sandoval,Backend Developer,Data Science,Roberts-Perry,"take,important,last","above,soon",2024-09-05,2024-11-27,PDF,French,36,7011,28,backend-services,CloudScale,v2.9,Archived,Internal,True,Valerie Gonzales,4.1,82.2,438,1257,584,128,"DOC-004518,DOC-001941",True,all-MiniLM-L6-v2,2024-12-04,True
DOC-004076,Important source hear success,Another each modern woman member thought mission woman. American hard general radio different free thousand.,Side less join daughter history argue. Born professor each television brother executive. Bill open rest group including success. Girl interesting skill bring.,DevOps,UI/UX,C#,Django,MongoDB,Expert,Brittany Shaw,Frontend Engineer,Infrastructure,"Clayton, Stark and Crawford","defense,already,simple","security,set",2024-08-18,2024-10-27,PDF,Portuguese,19,7974,31,frontend-core,TechMind,v1.9,Draft,Secret,True,Larry Freeman,4.6,85.4,948,6235,806,113,"DOC-005051,DOC-005138",True,bge-small-en-v1.5,2024-10-31,True
DOC-005128,Let common write top after special,Bed million degree next themselves.,Nor nothing miss rock. Show condition deal news. Audience market happy determine coach also around. Million trial contain forget bring. Time yeah heavy leader church. Call nothing company money adult. Cultural he start.,Cloud,CI/CD,Rust,Next.js,AWS,Beginner,Caroline Wood,Data Engineer,Security,"Johnson, Ritter and Rogers","above,stay,project","back,young",2024-11-27,2025-01-09,HTML,Spanish,2,3242,12,mobile-app,AiPlatform,v1.9,Under Review,Secret,False,,3.9,85.9,76,7464,245,7,"DOC-004687,DOC-008802",False,text-embedding-3-small,2025-01-12,False
DOC-003033,Like manager generation they station reflect,Read game organization kind. Necessary voice crime food.,Win Mr kid military practice. Easy finish care name. Tv method watch picture wait. Conference which hotel look anything the.,Frontend,APIs,SQL,React,AWS,Advanced,Edwin Anderson,Security Specialist,Data Science,"Smith, Macias and Davis","floor,so,ever","believe,positive",2024-01-27,2024-01-30,DOCX,Spanish,29,7162,28,frontend-core,CoreAPI,v3.4,Under Review,Public,True,Johnny Zimmerman,3.9,42.5,1033,12174,807,136,"DOC-009336,DOC-002822",True,bge-small-en-v1.5,2024-02-25,True
DOC-008532,Something blue million decision citizen,Area grow if.,Term girl book possible live. Table reveal law conference. Effect five chance think yard amount bring increase. Improve reveal pressure growth feeling however safe add. Left form laugh various red power.,Frontend,LLMs,Go,Next.js,GraphQL,Advanced,Carol Hurley,Data Engineer,Infrastructure,Matthews-Martinez,"poor,born,network","audience,sell",2025-01-07,2025-03-25,TXT,French,33,785,3,cloud-infra,DataHub,v1.9,Deprecated,Internal,True,Ryan Waller,4.8,57.8,1107,6721,600,45,"DOC-002916,DOC-006236",False,all-MiniLM-L6-v2,2025-04-12,False
DOC-008637,Couple dream much,How ok international reduce form least. Safe movie somebody.,Ability moment especially past there upon middle. Call now national black inside behavior job. Director over notice hair. Accept interesting employee become go western money fire.,Frontend,Microservices,SQL,Django,AWS,Expert,Ryan Hanson,Tech Lead,QA,Brown LLC,"wish,do,yard","case,moment",2024-04-10,2024-05-23,MD,French,4,6513,26,cloud-infra,TechMind,v3.1,Under Review,Public,False,,4.4,97.9,1450,6268,808,72,"DOC-000052,DOC-001952",False,all-MiniLM-L6-v2,2024-06-02,False
DOC-002778,Center discuss deal hit,Different morning detail direction later evidence. Specific four surface.,Few of issue its every his seat. Stuff way yet. Movie worker break improve TV share may serious. Style they reality take grow high. Science admit seek but. Medical behind thank certain agent understand. Risk official series call year.,AI/ML,LLMs,Java,Express,PostgreSQL,Beginner,Sherry Smith,Tech Lead,Product,Blair PLC,"score,star,high","prove,wrong",2024-12-15,2025-02-24,MD,English,27,6921,27,frontend-core,AiPlatform,v1.5,Draft,Secret,True,Connie Watson,4.6,33.8,1845,7906,926,129,"DOC-003017,DOC-002071",False,e5-large-v2,2025-03-03,True
DOC-005874,Choice leader measure huge again,Parent cover no evidence fine present next.,Recent everyone summer simply culture American government pull. Himself development world. Admit area third may wrong listen thought. Character left car until eight. Door born law position. Avoid both build lot. Medical president throw plan. Present as present style here.,AI/ML,Microservices,TypeScript,FastAPI,AWS,Beginner,Hayden Ramirez,Tech Lead,Product,Manning-Mcbride,"half,statement,then","nation,increase",2024-05-18,2024-06-11,HTML,French,39,5500,22,mobile-app,DataHub,v3.7,Archived,Restricted,True,Joseph Griffin,4.8,89.3,1259,3768,197,39,"DOC-003981,DOC-007496",True,all-MiniLM-L6-v2,2024-06-24,True
DOC-001137,Own your pull ago rest personal,Son rather seem within four.,Benefit hospital almost. Hit few front experience rise. Note crime system lead relate table hit best. Add school investment training open people.,Backend,APIs,TypeScript,React,Redis,Intermediate,John Greer,Tech Lead,Infrastructure,Hernandez Ltd,"cup,could,forget","doctor,sometimes",2024-09-16,2024-09-20,HTML,English,29,2816,11,frontend-core,AiPlatform,v2.6,Under Review,Internal,False,,4.6,79.8,503,5139,589,146,"DOC-008211,DOC-004560",True,e5-large-v2,2024-09-21,True
DOC-007266,Arm those material citizen,Member suddenly never although blood pressure movie. Good think fast front trouble.,Recognize wonder seven attention issue. Resource agent drive center however media. Ball idea wish. Yet green detail several nature fast. Region middle sing. Community city though seek detail dark challenge. Attorney near party amount.,Frontend,APIs,SQL,Spring Boot,MongoDB,Expert,Kelly Nunez,Security Specialist,Security,Cohen-Harvey,"expert,feeling,benefit","our,oil",2024-03-25,2024-05-06,TXT,French,6,5152,20,mobile-app,CloudScale,v3.6,Draft,Public,False,,3.8,47.2,1675,1055,177,148,"DOC-006113,DOC-001907",False,bge-small-en-v1.5,2024-05-09,False
DOC-002017,Church everyone memory popular,Involve collection more high across also appear nature. Agency before until return guy.,Perform eye often maintain southern color. Seem term street work away same head for. What that she day some. Challenge as letter body. Detail traditional at dinner. Certain candidate performance condition.,Security,Testing,Rust,Spring Boot,GraphQL,Expert,Gina Miller,Backend Developer,Engineering,Hernandez-Smith,"last,least,table","evidence,method",2024-11-16,2024-12-06,MD,English,35,7901,31,frontend-core,AiPlatform,v3.3,Under Review,Internal,False,,3.9,22.6,1629,1646,476,44,"DOC-006146,DOC-002840",False,text-embedding-3-small,2024-12-25,False
DOC-000875,Page modern policy he major quality,Month land prevent customer art so later.,Police store yeah off. Must or first there cup continue arrive eat. Bar measure piece but allow month middle. Enough big idea box.,Security,Testing,Java,FastAPI,PostgreSQL,Beginner,Timothy James,Tech Lead,Infrastructure,Rogers-Alvarez,"ground,room,career","finish,method",2024-02-21,2024-04-04,TXT,Spanish,8,6575,26,frontend-core,SecureAuth,v1.9,Deprecated,Internal,False,,3.3,33.1,855,9019,596,8,"DOC-004932,DOC-002029",False,all-MiniLM-L6-v2,2024-04-13,True
DOC-003043,Rise minute receive suffer stuff behind,Various help family community it need present.,Dark visit play economic woman. Possible small fast measure course. Control above laugh sure. Writer new real pattern her.,Security,APIs,C#,Flutter,Docker,Advanced,Matthew Graham,DevOps Architect,Product,Khan Ltd,"whose,herself,than","modern,east",2024-01-26,2024-04-17,DOCX,English,10,3535,14,data-pipeline,CloudScale,v1.9,Archived,Secret,False,,4.0,99.0,1658,6744,641,124,"DOC-006864,DOC-000228",True,all-MiniLM-L6-v2,2024-05-02,False
DOC-000251,Great safe nation,Training when man whom hot their collection.,Process strategy subject represent to. Network service girl law garden least nature. Respond among red fact every discover. Letter live issue unit sell affect.,Cloud,Databases,Rust,Next.js,GraphQL,Expert,Michael Navarro,Frontend Engineer,QA,Gonzalez-Lopez,"return,be,chair","boy,knowledge",2024-12-18,2025-03-07,PDF,Portuguese,18,2484,9,cloud-infra,CloudScale,v1.8,Deprecated,Public,False,,3.6,40.5,792,8614,240,106,"DOC-001389,DOC-007170",True,e5-large-v2,2025-03-20,True
DOC-009978,Relate seek station chair,Across machine television matter social. Fly enough decide make health finally perhaps dream.,Ready across history offer Republican effect dark. Enter race seven fight. Yeah lead series seven.,Frontend,UI/UX,JavaScript,Flutter,MongoDB,Advanced,Jessica Harper,Backend Developer,Product,"Frank, Taylor and Mitchell","mission,reveal,meet","remember,event",2025-01-24,2025-04-05,MD,Portuguese,34,6210,24,mobile-app,SecureAuth,v2.5,Approved,Public,True,Lindsay Mcdonald,4.6,64.0,617,14218,116,28,"DOC-000858,DOC-002862",True,bge-small-en-v1.5,2025-04-15,True
DOC-002434,Health condition mouth better around care,Wind purpose nice heavy might.,Star produce development police past process. Couple assume decade city out just nice. Over fight especially do choose defense. Art level system agreement fear impact cultural. Public military second often provide sea door. Per very become test pay soldier.,DevOps,Authentication,JavaScript,Vue.js,PostgreSQL,Advanced,Robert Obrien,Security Specialist,QA,"Cunningham, Austin and Gonzalez","want,hit,look","true,expert",2025-01-08,2025-02-16,PDF,French,40,2568,10,frontend-core,CloudScale,v3.2,Under Review,Public,False,,3.1,20.2,1965,449,248,29,"DOC-009275,DOC-000342",False,text-embedding-3-small,2025-03-12,True
DOC-000263,Write vote media daughter power,Idea nice or work build notice even.,Officer would machine well decade action research civil. Then music partner happy brother state field very. Model allow whole pattern. System lead give road. Name probably trouble professor long. Treat bill old relationship. Bag left style single understand listen. Entire nation end pay capital theory hotel.,DevOps,Databases,Rust,FastAPI,MongoDB,Intermediate,Andrew Boone,Tech Lead,Data Science,Higgins LLC,"work,share,kid","gun,reach",2024-02-15,2024-05-02,HTML,English,37,6076,24,frontend-core,DataHub,v3.4,Archived,Public,False,,3.1,80.0,1420,5147,382,148,"DOC-003936,DOC-001371",False,all-MiniLM-L6-v2,2024-05-11,False
DOC-002819,Box note quickly,A learn want to yes these. Paper say hospital expert story.,Nature spring really. Before performance sing must. Accept during contain carry value. Approach building top civil especially word time. Usually never white.,Security,CI/CD,Python,Spring Boot,Kubernetes,Intermediate,Christopher Brown,Frontend Engineer,Data Science,Hughes Group,"ok,management,factor","increase,manage",2024-12-28,2025-03-21,TXT,English,37,1114,4,mobile-app,TechMind,v1.0,Under Review,Restricted,True,Christine Kline,3.6,58.0,387,2416,473,120,"DOC-001177,DOC-004670",False,all-MiniLM-L6-v2,2025-04-05,True
DOC-006825,Treat best as recently top fire,None call something hot play name term. Suffer pretty nice style.,Company story need start down. Alone move but power language country. Get vote bag attention worry ball culture.,DevOps,APIs,Python,Next.js,AWS,Intermediate,Natalie Bradley,Frontend Engineer,Engineering,Brown-Holloway,"color,story,market","drive,lose",2024-04-29,2024-06-19,TXT,French,33,5699,22,data-pipeline,SecureAuth,v1.7,Deprecated,Secret,False,,3.5,69.1,1902,734,965,110,"DOC-003374,DOC-001191",False,text-embedding-3-small,2024-06-29,True
DOC-001499,Dog interest special free,Force ask my industry design.,Fact determine data. Give democratic a staff attorney. Process her room heart sister may.,Mobile,Databases,Rust,Vue.js,PostgreSQL,Expert,Wanda Coleman,Backend Developer,Data Science,Hall-Booker,"let,traditional,effort","follow,paper",2024-09-10,2024-12-09,HTML,Portuguese,15,782,3,mobile-app,TechMind,v1.4,Draft,Internal,True,Christopher Johnson,4.8,21.8,1377,8265,802,89,"DOC-004981,DOC-006326",False,e5-large-v2,2025-01-08,False
DOC-008619,Newspaper shoulder accept reach most,City record send keep place fast.,Short compare daughter outside red agreement other. Account across type tonight environmental drive work. Other TV our event sing although. Relationship provide bank.,AI/ML,APIs,Go,FastAPI,MongoDB,Intermediate,Luke Baxter,Backend Developer,Product,Blankenship Inc,"relationship,party,everyone","cause,international",2024-06-26,2024-09-17,MD,English,6,629,2,cloud-infra,CoreAPI,v3.8,Deprecated,Public,False,,3.2,59.9,178,13636,202,143,"DOC-004406,DOC-000728",True,all-MiniLM-L6-v2,2024-09-24,True
DOC-000300,War too develop training black,Green cost send than cut. Technology remain case side foreign.,Claim forward war explain if already put see. Project officer exactly than. Light worry Democrat standard phone son describe nation. Turn prevent yes center alone test actually once. They area one meeting price environment sport. Stock exist election.,Security,CI/CD,TypeScript,React,GraphQL,Beginner,Daniel Ramirez,Tech Lead,Product,Smith Ltd,"century,you,admit","firm,treat",2024-04-20,2024-07-04,TXT,French,14,7819,31,auth-api,SecureAuth,v3.0,Approved,Internal,True,Roy Garcia,4.7,48.3,1590,6241,577,135,"DOC-000639,DOC-003627",False,e5-large-v2,2024-07-23,True
DOC-001782,People event large choose call simple,Thus real serious media out born seven.,My Mr sea. Life exist fly religious. Force none management information industry. Member return skill food condition.,DevOps,LLMs,Java,Flutter,Kafka,Intermediate,Mr. Kevin West,Tech Lead,Product,"Wagner, Stevens and Day","professional,life,effort","subject,every",2024-05-15,2024-08-10,MD,Portuguese,40,3286,13,backend-services,TechMind,v1.0,Deprecated,Restricted,True,Michael Bell,3.6,71.9,1488,7185,734,114,"DOC-006537,DOC-007474",True,e5-large-v2,2024-08-31,False
DOC-009347,Medical how possible,Ground again anyone girl budget record. Pm mind decision model political enter local trip.,Ok would he evening window. Upon view put. Yet catch smile them half believe serious your.,AI/ML,Testing,C#,Flutter,MongoDB,Intermediate,Angie Brown,Data Engineer,Product,"Smith, Blair and Shepard","mouth,floor,strategy","seem,happen",2024-11-04,2024-11-19,HTML,English,12,556,2,data-pipeline,SecureAuth,v3.6,Under Review,Restricted,True,Dr. Yvonne Garcia,4.8,99.5,710,10950,311,35,"DOC-004263,DOC-006450",True,all-MiniLM-L6-v2,2024-11-29,True
DOC-003603,Even their such,Agency hope theory quite cause practice begin grow. Cause try whole until pull play international she.,End everything ground. Provide whom wonder everyone while often bring least. Health itself finish get television build. Hold high ever she. Represent notice probably position kid. Somebody field animal community local time with walk.,Data Engineering,UI/UX,SQL,Flutter,MongoDB,Intermediate,Michael Jackson,Tech Lead,Data Science,Savage-Conley,"outside,grow,necessary","one,become",2024-06-13,2024-07-19,DOCX,Portuguese,28,2200,8,cloud-infra,SecureAuth,v1.5,Approved,Public,False,,4.9,98.8,895,14174,181,21,"DOC-002585,DOC-001816",False,e5-large-v2,2024-07-22,True
DOC-009210,Century consider Congress surface paper since,Require tree reason operation task key.,Six fish inside term. Onto might up better. Job story will. Kid hair near own. Always practice physical your church million cell benefit.,Data Engineering,UI/UX,TypeScript,Next.js,AWS,Intermediate,Karen Anderson,DevOps Architect,QA,Beasley-Moore,"recently,goal,citizen","kind,seven",2024-09-25,2024-10-05,PDF,Portuguese,3,5002,20,cloud-infra,SecureAuth,v1.5,Under Review,Secret,False,,3.4,56.7,1654,109,330,37,"DOC-002391,DOC-004004",True,text-embedding-3-small,2024-10-19,True
DOC-008949,Student agree clear,Chair theory bring will eye up.,Notice worker reveal present read beat call. Offer visit apply argue add. Second him provide run policy TV. Upon range option too just. Good sure even arm near indeed fire. Health fine listen section seek now.,Mobile,Microservices,Java,Express,GraphQL,Beginner,Natalie Shaw,Data Engineer,Engineering,Howard and Sons,"edge,within,name","talk,speak",2024-02-01,2024-05-09,DOCX,French,35,7585,30,cloud-infra,SecureAuth,v2.5,Under Review,Secret,True,Robert Shaw,3.2,92.5,653,5165,785,43,"DOC-006949,DOC-005059",False,all-MiniLM-L6-v2,2024-05-19,False
DOC-009080,Bar than wife listen,Expect improve church city.,Soldier determine own accept success whom. So this factor certain. Task still Mrs development region serious. High it military onto player dark yeah against. Medical behavior thing not other leader system. Toward cold one house bag any.,Security,LLMs,Rust,React,Redis,Expert,Francisco Barnes,DevOps Architect,Engineering,Clark-Johnson,"expert,maybe,sell","compare,will",2024-12-26,2025-02-04,HTML,English,35,4978,19,backend-services,SecureAuth,v3.8,Archived,Restricted,False,,4.4,71.8,1712,12566,544,15,"DOC-009326,DOC-002136",False,text-embedding-3-small,2025-02-22,False
DOC-004276,Economic few paper,Purpose girl newspaper buy sea east general.,Hold instead any most movement relate. Consumer available eye morning difficult which particularly. Like close firm site phone task.,Security,APIs,Rust,FastAPI,AWS,Beginner,Ricky Hart,Backend Developer,QA,Fields-Stevenson,"national,seat,soon","difference,unit",2024-05-21,2024-06-25,MD,French,27,507,2,mobile-app,DataHub,v3.7,Archived,Public,False,,4.0,96.1,672,3783,485,97,"DOC-005892,DOC-003698",False,all-MiniLM-L6-v2,2024-07-19,False
DOC-003623,Without provide fire his focus,War every that our clearly suffer light.,Huge upon another thousand later. Fly ahead half institution eight. Enjoy party explain shoulder pass. Likely hit color support least else. Study mind team capital write. Month tough be white newspaper relate tend.,Cloud,Microservices,TypeScript,FastAPI,GraphQL,Expert,Carlos Martin,Data Engineer,Product,Bennett-Henry,"source,enter,free","dinner,population",2024-08-27,2024-10-20,HTML,English,7,2304,9,cloud-infra,DataHub,v1.1,Under Review,Secret,True,Ashley Cole,3.4,32.4,833,8251,496,128,"DOC-009425,DOC-009724",False,e5-large-v2,2024-11-08,False
DOC-006138,Continue activity thousand would official edge,Crime energy direction spring high benefit near. Gas green sometimes sign accept list staff.,Development story remain fight. Follow interest ready teach star. Morning art throughout.,Data Engineering,Testing,Python,Flutter,GraphQL,Beginner,Stephen Brown,Data Engineer,QA,Weiss-Cardenas,"speech,story,show","happy,someone",2024-11-22,2025-02-08,DOCX,French,4,3477,13,data-pipeline,TechMind,v2.9,Archived,Public,False,,4.9,32.2,642,14425,285,144,"DOC-007896,DOC-007933",False,text-embedding-3-small,2025-02-26,True
DOC-004489,Like bit may,Until collection despite word to.,This discover under win available more message six. Fire final develop against whatever purpose either. Response indeed truth effort. Dog prove music show this south. Listen the contain cultural president factor lot.,AI/ML,APIs,Rust,Spring Boot,Redis,Advanced,Richard Ward,DevOps Architect,Product,Watkins Inc,"painting,town,close","happen,under",2024-01-20,2024-02-24,DOCX,French,20,5006,20,auth-api,CloudScale,v2.6,Deprecated,Restricted,True,Mrs. Sierra Tyler,4.3,41.3,720,12380,545,54,"DOC-001118,DOC-006309",False,bge-small-en-v1.5,2024-03-15,False
DOC-008749,Discuss rise stay,Upon receive heart last science free officer. Despite family scientist PM.,Now one candidate other. Summer kid sometimes line look face partner door. See fly save thus card chair paper. To trial owner large third. Station pay wind together spring rise prevent. Pass check model.,Data Engineering,UI/UX,SQL,React,AWS,Advanced,Michelle Marsh,Backend Developer,Data Science,Thompson-Rojas,"artist,buy,party","require,maintain",2024-11-23,2025-02-03,HTML,Spanish,17,6389,25,backend-services,AiPlatform,v3.9,Under Review,Internal,True,Patrick Neal,3.0,88.0,590,3919,390,135,"DOC-008782,DOC-001436",False,text-embedding-3-small,2025-02-15,True
DOC-006199,Great keep here we,Can shoulder responsibility.,Enter really conference way. Seven woman perhaps candidate. Order size really blue. Late value take establish deal claim put score. Skin yet may interest nation. Tree board career price need exist.,Frontend,Microservices,C#,Flutter,MongoDB,Expert,Olivia Sheppard,Frontend Engineer,Engineering,"Klein, Duarte and Wilson","enter,question,positive","quickly,range",2024-07-24,2024-08-01,TXT,Spanish,13,5086,20,auth-api,AiPlatform,v3.0,Approved,Internal,False,,3.7,92.5,1372,14311,856,46,"DOC-000300,DOC-004034",False,bge-small-en-v1.5,2024-08-29,True
DOC-006661,Mouth pull if,Report tax they. Financial impact list glass almost.,Air perhaps look attorney civil network medical. Dinner how back wind after public. Well stage page in network shoulder free rather. Green nation wear cell along police. In me simple. Kitchen human yeah capital involve exist. Goal partner nice site present. Talk memory stuff answer positive he leave.,Mobile,APIs,Rust,FastAPI,PostgreSQL,Advanced,Kristin Mcdowell,DevOps Architect,Product,"Herman, Savage and Reyes","prove,improve,language","expect,voice",2024-01-30,2024-05-02,TXT,Portuguese,22,4721,18,cloud-infra,CoreAPI,v1.1,Draft,Internal,False,,4.3,92.5,568,10424,263,28,"DOC-008668,DOC-004772",True,e5-large-v2,2024-05-22,False
DOC-002009,Yard imagine film top major blood,Daughter memory interest student instead water.,Direction require send page occur concern. Factor tree mouth state. Onto card inside go loss challenge. Blue Democrat drop shake. Series health beautiful interview base degree. Back child fund thing only better herself.,Security,UI/UX,Java,Spring Boot,Kubernetes,Beginner,Julie Nguyen,Frontend Engineer,Product,"Petty, Garcia and Jones","something,light,number","could,central",2024-12-13,2025-02-15,TXT,French,22,6783,27,mobile-app,DataHub,v1.3,Under Review,Restricted,False,,3.1,91.5,1994,6293,352,113,"DOC-006429,DOC-003759",True,bge-small-en-v1.5,2025-03-04,False
DOC-006487,Begin general charge,Case management lay suddenly skin.,Keep laugh act politics machine wide. Floor rather agreement blue hot. Mission degree my foot. Allow statement through reason enough.,Cloud,APIs,Go,React,GraphQL,Beginner,Scott Nolan,Tech Lead,Security,Rodriguez LLC,"short,after,detail","on,treatment",2024-04-11,2024-06-02,TXT,Portuguese,30,1800,7,mobile-app,AiPlatform,v1.6,Deprecated,Internal,False,,4.0,33.4,1204,6938,616,52,"DOC-008765,DOC-003887",True,text-embedding-3-small,2024-06-27,True
DOC-005593,Other foot focus level sister inside suffer,Every suddenly nearly. Decide expert system explain around condition.,Scientist arrive girl least. Administration affect very movement dog yourself. Company year knowledge local still rock physical every. Thousand couple father development amount camera. Daughter style goal at national sort fast.,AI/ML,Authentication,SQL,Flutter,Docker,Intermediate,Tyrone Harding,Tech Lead,Security,Davis-Hamilton,"anyone,work,both","hot,decision",2024-08-20,2024-09-23,PDF,Portuguese,28,6665,26,frontend-core,CloudScale,v3.9,Archived,Public,False,,4.2,63.0,1652,10548,977,19,"DOC-007379,DOC-001428",True,bge-small-en-v1.5,2024-10-10,True
DOC-001697,Form get interview along,Plant woman he. Represent start area relate.,Support sort foreign idea born. Listen all idea war herself do sometimes and. Reveal position fire realize evidence water hot. Coach evidence free low explain spring five. Road explain find according good. Go decide join save join bar today class.,Frontend,Databases,C#,Spring Boot,PostgreSQL,Expert,Mary Jenkins,DevOps Architect,Engineering,Jackson-Ortega,"right,ground,toward","walk,house",2024-09-26,2024-11-09,DOCX,Spanish,32,1586,6,mobile-app,AiPlatform,v2.3,Deprecated,Secret,True,Jaclyn Boyd,3.1,67.9,926,1393,909,79,"DOC-009220,DOC-001564",True,all-MiniLM-L6-v2,2024-11-23,True
DOC-005810,Impact contain former star debate,Wish couple very lot mention treat. Finish interesting glass TV company evening will.,Third would report phone. The could without sound avoid. Culture environment her. Side reduce official build despite. Serious best address better call building might. Cover finally small. Fall always ago tree free.,Frontend,LLMs,SQL,Django,Kafka,Expert,Mrs. Kimberly Pena,Data Engineer,Security,Daugherty-Mitchell,"school,during,those","store,field",2024-03-24,2024-04-26,HTML,Portuguese,9,5877,23,data-pipeline,DataHub,v3.0,Under Review,Restricted,True,Isaac Patton,3.5,75.5,848,5440,63,138,"DOC-008445,DOC-001581",True,text-embedding-3-small,2024-05-05,True
DOC-003331,Body remember part,Meet with life tell blood century wrong research.,Our those design recently peace always. Experience list fight well realize. Act against large lot can sort. First under sound international pressure strategy.,Data Engineering,CI/CD,C#,FastAPI,Docker,Intermediate,Jillian Flowers,Security Specialist,Data Science,Robertson Inc,"moment,decade,wrong","idea,election",2024-01-08,2024-03-26,PDF,Spanish,23,5904,23,backend-services,DataHub,v2.1,Archived,Internal,True,John Dodson,4.2,75.1,1962,13624,428,99,"DOC-001841,DOC-006635",False,e5-large-v2,2024-04-03,True
DOC-005555,Political although study control road inside,Official single audience.,Future both computer sell American thing receive dream. Recent remain to ability drop. Write while probably factor scene social.,Mobile,APIs,Rust,Vue.js,Kafka,Beginner,Nicholas Pierce,Backend Developer,QA,"Barker, Campbell and Chase","budget,life,camera","responsibility,offer",2024-01-03,2024-02-06,DOCX,French,22,575,2,data-pipeline,DataHub,v2.8,Draft,Secret,True,Melissa Jordan,3.4,22.0,1821,9446,971,39,"DOC-004008,DOC-008185",False,e5-large-v2,2024-03-06,True
DOC-004341,Simple reason music partner more,Strong bank tend capital. Expert where subject step no.,Hospital reason seven key end responsibility trade war. Society house sure tough last. Practice debate cover only international quickly. Should section win prepare safe peace director word.,Mobile,Databases,JavaScript,Next.js,Kafka,Advanced,Michael Cabrera,Security Specialist,Infrastructure,"Flores, Gill and English","book,issue,great","word,place",2025-01-19,2025-04-18,HTML,French,33,884,3,backend-services,CoreAPI,v3.7,Archived,Restricted,False,,3.1,23.6,1941,1924,764,72,"DOC-004053,DOC-009643",False,bge-small-en-v1.5,2025-04-20,True
DOC-002881,Discover activity camera difference west,Bill to yourself old ball like.,Finally although effort water. Television could significant price some. Herself town national significant fund though hair against. Later surface power war should another. Stand show tend again. Toward same voice although.,Mobile,Testing,SQL,Flutter,Kubernetes,Intermediate,Beth Elliott,Backend Developer,Engineering,"Bryant, Thomas and Allen","those,American,free","surface,magazine",2025-01-26,2025-02-24,DOCX,English,6,2167,8,backend-services,CloudScale,v2.6,Deprecated,Restricted,False,,3.7,21.1,674,1830,231,37,"DOC-001739,DOC-005197",False,bge-small-en-v1.5,2025-03-20,True
DOC-008849,Similar middle service experience,Town control down. Choose order will almost appear field.,Meet line win case easy mission open. South education way message central. Film see great life range choice ball. Along leader grow direction score. Attention true well heavy rule. Attorney else media.,Frontend,Authentication,JavaScript,React,Docker,Advanced,John Choi,DevOps Architect,QA,Bell-Fletcher,"trade,system,painting","at,vote",2024-06-08,2024-09-10,TXT,French,13,4032,16,mobile-app,SecureAuth,v1.5,Draft,Secret,False,,3.3,43.0,1384,14119,288,34,"DOC-000185,DOC-001239",False,text-embedding-3-small,2024-10-06,True
DOC-007634,Very although animal,Her answer social government east.,Federal wide think. Author consumer trade head well pass. Serve office language remember direction PM man. Interesting space respond growth wide practice summer among. Condition compare prepare election admit tonight middle energy.,AI/ML,APIs,Java,Spring Boot,AWS,Expert,Jacqueline Rodriguez,Security Specialist,Product,"Richard, Campbell and Grimes","boy,difficult,important","north,spend",2025-01-22,2025-04-02,MD,French,27,3914,15,mobile-app,SecureAuth,v3.3,Draft,Internal,False,,4.2,32.0,1670,7660,800,91,"DOC-007386,DOC-002049",True,text-embedding-3-small,2025-04-05,True
DOC-009610,Yeah phone fish,Now after attention here trouble baby everything. Third thousand call.,Sign spring argue huge child. Citizen imagine nothing child role add. Room who high expect. Building point garden chair. Agency poor century accept room rest. High each local everybody. Participant daughter race teacher claim.,Data Engineering,UI/UX,Python,Next.js,PostgreSQL,Beginner,Hannah English,Tech Lead,Security,Lang and Sons,"north,long,reveal","likely,without",2024-05-07,2024-05-20,HTML,English,8,3421,13,frontend-core,SecureAuth,v3.5,Under Review,Public,True,Christina Jenkins,4.4,70.9,1334,9013,929,52,"DOC-005399,DOC-007323",True,all-MiniLM-L6-v2,2024-06-18,False
DOC-008914,Chance other traditional modern interview,Open court because low. Group month provide mission study charge beat.,Run think service model major remember road. Most week stock camera. Reality early a student agree spring health some. Play phone conference. Ball sound democratic kitchen learn bank tonight administration.,Cloud,Microservices,C#,Vue.js,Kafka,Intermediate,Richard Graves,Security Specialist,Data Science,Rios-Webb,"improve,least,boy","start,voice",2024-08-02,2024-09-12,PDF,French,33,4624,18,cloud-infra,CloudScale,v1.8,Under Review,Public,False,,3.6,30.8,1102,722,956,49,"DOC-006871,DOC-004604",True,e5-large-v2,2024-09-19,True
DOC-000626,Customer possible let trouble,Anything power sit spend animal at. Available those guy.,Half alone standard theory bar natural able. Audience almost election type. Catch computer activity son nor.,DevOps,CI/CD,Python,Spring Boot,PostgreSQL,Expert,Michael Barber,Backend Developer,Data Science,Mason Ltd,"tend,factor,federal","card,feeling",2024-01-28,2024-02-29,PDF,English,36,1483,5,mobile-app,CoreAPI,v1.5,Deprecated,Secret,True,Janet Garcia,4.9,50.7,320,7143,878,32,"DOC-009689,DOC-003726",True,all-MiniLM-L6-v2,2024-03-22,False
DOC-007263,Size plant director seek,Project run degree research remember own without. Woman throughout Congress partner beautiful.,Use common after dinner language scene pay. State product paper stage next talk. Blue a offer until.,Mobile,APIs,C#,Django,Kubernetes,Beginner,Kimberly Fitzgerald,Backend Developer,QA,"Terrell, Jenkins and Anderson","industry,when,chance","leg,some",2024-05-19,2024-05-29,DOCX,English,33,5529,22,data-pipeline,SecureAuth,v1.1,Approved,Restricted,False,,3.0,54.6,1582,1132,425,70,"DOC-009607,DOC-005238",True,e5-large-v2,2024-06-13,True
DOC-009425,Short store there upon,Civil exactly memory white.,Most all article discussion believe person much. Attorney wife movement although. Require financial popular mother. Example with sell question resource serve economy.,Backend,Microservices,Python,Spring Boot,Redis,Intermediate,Laura Stewart,DevOps Architect,Security,Mcdowell-Wilcox,"indicate,if,culture","nation,once",2024-02-19,2024-04-14,MD,English,8,3411,13,auth-api,SecureAuth,v3.4,Draft,Restricted,True,Margaret Wood,5.0,41.4,1015,13820,259,8,"DOC-002646,DOC-008877",True,all-MiniLM-L6-v2,2024-04-15,True
DOC-001525,Sea guess involve whom fight,Enough would my.,Move need traditional. Center perform away while his both. Few executive compare piece position security partner. Live cup almost beat. Audience modern same chair most first information.,Frontend,APIs,TypeScript,Flutter,Kubernetes,Intermediate,Jacob Garcia,Backend Developer,Security,Dickerson-Richards,"interest,training,responsibility","gun,girl",2024-11-13,2025-02-15,TXT,Spanish,21,2312,9,mobile-app,DataHub,v1.0,Deprecated,Public,True,Carrie Jones,3.9,96.9,86,7025,202,120,"DOC-004035,DOC-008713",False,all-MiniLM-L6-v2,2025-03-16,True
DOC-004538,Born read identify difficult happy,Rock lawyer third general. She fund animal science easy.,Mouth until back take indicate why hundred gun. Effect mission late right see. True within few science. Ago heart myself white near author hour. Talk almost evening. Detail occur fall kitchen see certainly. Recently big service church.,Backend,CI/CD,Rust,Flutter,Redis,Expert,Bobby Hernandez,Backend Developer,Engineering,"Johnston, Johnson and Lewis","court,control,government","son,pick",2024-08-31,2024-11-14,MD,French,17,6483,25,mobile-app,AiPlatform,v3.7,Under Review,Restricted,False,,4.3,51.8,746,2112,625,2,"DOC-002402,DOC-006520",False,bge-small-en-v1.5,2024-11-28,True
DOC-002271,Present onto card now,Green people decision too it about direction. Collection whom film purpose itself however.,Much expect within opportunity see create leave. Fill economic eight kitchen. Occur against understand. Nation across effort office must rate adult. Media stuff officer any field eye rise. Past specific so into race.,Backend,Databases,JavaScript,Spring Boot,GraphQL,Beginner,Melinda Castro,Tech Lead,Infrastructure,Lopez-Wilcox,"security,age,writer","huge,possible",2024-09-21,2024-09-29,HTML,English,17,6583,26,auth-api,AiPlatform,v3.6,Approved,Public,False,,5.0,31.4,329,3929,891,130,"DOC-005320,DOC-009974",False,all-MiniLM-L6-v2,2024-10-01,True
DOC-001419,Political try today,Degree factor star tonight find there. Ball speech cell national.,Not rather factor beat newspaper total his field. Old morning during to. Right happen sea first. Now environment pass. Town maybe nearly capital land push. Wall boy question past seem available. Officer with consumer consider close.,AI/ML,Databases,C#,FastAPI,GraphQL,Advanced,Jonathan Schwartz,Tech Lead,QA,Turner and Sons,"task,best,prepare","knowledge,think",2024-12-18,2025-03-05,TXT,Spanish,14,5775,23,mobile-app,TechMind,v1.7,Deprecated,Internal,False,,3.0,67.4,1569,10146,528,140,"DOC-007452,DOC-001030",False,e5-large-v2,2025-03-25,True
DOC-003290,Eye plant adult week news,Believe get try entire free. Head manage capital cost evening.,Rise rise PM appear. Husband analysis over war. Someone western short edge voice question. Music poor push low. Price choose remain drug give today interesting. Focus both role consumer career. You operation five ball.,Data Engineering,LLMs,Go,Flutter,Docker,Beginner,Kyle Johnson,Security Specialist,Engineering,"Little, Carter and Cortez","return,have,significant","budget,new",2024-10-29,2025-01-13,HTML,Portuguese,22,4388,17,mobile-app,AiPlatform,v2.3,Deprecated,Internal,False,,4.4,30.7,925,3663,153,105,"DOC-003840,DOC-000213",False,bge-small-en-v1.5,2025-01-20,True
DOC-008936,System ground board,Cut later her. Firm themselves third.,Fast nice ago option myself. Remain yes wonder thing guess week affect. Worker either town own not pass. Lawyer both technology drop probably very. Low according different bed range her difficult. Every large performance indeed series. Away leader Democrat win high wall pattern.,Mobile,Authentication,C#,Vue.js,Kafka,Intermediate,Cathy Smith,Data Engineer,Product,"Hernandez, Ryan and Olsen","series,go,weight","floor,help",2024-03-04,2024-05-12,PDF,English,15,6168,24,frontend-core,CoreAPI,v1.0,Approved,Secret,True,Brett Buchanan,3.5,48.3,1035,613,90,66,"DOC-003043,DOC-009436",False,text-embedding-3-small,2024-06-10,False
DOC-008418,Other focus suggest foreign these,Morning feeling office treatment involve. Show experience any election.,Phone miss never plan effort. Early small professor gun school. Student blue force among need trouble. Actually minute make west. Matter around she good. Bring human person. Wind soldier game field way.,AI/ML,Testing,JavaScript,Flutter,GraphQL,Intermediate,Samuel Ramos,Frontend Engineer,Product,Murphy-Chandler,"form,imagine,treatment","method,common",2024-02-26,2024-05-09,TXT,Spanish,31,3149,12,cloud-infra,DataHub,v3.8,Deprecated,Restricted,True,James Ramirez,4.2,92.3,912,13249,777,52,"DOC-009479,DOC-007961",True,text-embedding-3-small,2024-06-03,True
DOC-005540,Best us against outside,Paper structure back course again change. Out beyond attention serve painting process.,Job receive themselves local threat. Century deep test well spend. Receive first anyone under happen. Determine car safe hour best easy. Least move sing despite per defense. Upon TV name pattern at environment.,Backend,APIs,C#,FastAPI,AWS,Advanced,Sheila Brown MD,Backend Developer,Data Science,Matthews-Mooney,"smile,step,focus","event,address",2024-12-15,2024-12-18,MD,English,27,6923,27,backend-services,TechMind,v1.9,Approved,Restricted,True,Mr. Andrew Davis DDS,3.3,79.5,846,2762,661,12,"DOC-003247,DOC-005420",True,bge-small-en-v1.5,2024-12-21,False
DOC-008374,True hotel unit player once,Last identify discussion thousand.,Wrong surface appear same little and. Suggest involve clearly theory read. Understand song trial I space. Black she how recognize. Our recognize son cover blood animal line. Personal enter full get unit concern save.,DevOps,Microservices,Java,Next.js,Kubernetes,Beginner,Angelica Barnes,Frontend Engineer,Engineering,Wheeler-Cummings,"realize,concern,lose","unit,get",2024-05-28,2024-08-11,MD,Portuguese,30,3548,14,cloud-infra,CoreAPI,v2.4,Draft,Secret,True,Wayne Rodgers,3.2,51.1,1905,9692,665,92,"DOC-006104,DOC-008569",True,bge-small-en-v1.5,2024-08-25,True
DOC-009688,Establish stay move himself perform eight,Customer identify food image compare language ok. During worker approach stay grow history quite along.,Born then table box clearly want exactly. Three easy anything always effort several character. Body successful gun ok these election. Against become inside son gun. Morning sing show no in lawyer. Indeed there form high blue hard home. Among notice operation allow allow require.,Frontend,Databases,JavaScript,Django,MongoDB,Beginner,Carolyn Estes,Tech Lead,Security,"Roman, Mason and Pope","police,race,product","prepare,bring",2024-04-12,2024-07-10,DOCX,Spanish,17,6871,27,cloud-infra,TechMind,v1.8,Draft,Secret,True,Christopher Owen,4.9,58.7,1860,14574,773,114,"DOC-007186,DOC-009086",False,text-embedding-3-small,2024-08-09,True
DOC-005089,Lay sit choose national second from,Yard more capital individual north care.,Sense white happen discussion him. Reflect already view include assume physical state peace. Shake interest prepare operation. Level certain back face father. Hair security magazine act material one. Policy begin industry family stay off after.,AI/ML,Testing,Python,React,Redis,Expert,Victoria Johnson,DevOps Architect,Product,Thomas-Bennett,"after,another,cause","type,explain",2024-03-02,2024-06-09,PDF,Spanish,16,2567,10,mobile-app,TechMind,v1.5,Approved,Secret,False,,3.9,21.6,732,450,869,105,"DOC-002019,DOC-000269",True,bge-small-en-v1.5,2024-06-11,False
DOC-003633,Decide class sister development director,Seven school issue magazine visit people. Quite beyond reach lead.,Mrs perform member thus size human together. Go particularly series soon. Hope nothing reach hot list. Gun occur plant road drop street. Charge man would power every. Other down west. Fish only call unit dream window wonder four. Else say believe place any.,AI/ML,LLMs,JavaScript,Django,Redis,Intermediate,Dawn Mccall,DevOps Architect,QA,Hinton Ltd,"Mr,event,suffer","site,public",2024-09-06,2024-09-08,MD,Portuguese,16,1111,4,frontend-core,SecureAuth,v3.7,Draft,Public,False,,4.9,46.4,1313,1633,993,142,"DOC-000872,DOC-002654",True,bge-small-en-v1.5,2024-09-15,False
DOC-006983,Physical or opportunity network,Mouth music ground alone. Let line organization company.,Become skin available carry. Majority never safe. Account down born international. Who why director sometimes agreement still ready seem.,Backend,Authentication,TypeScript,Vue.js,GraphQL,Expert,Michelle Boone,Security Specialist,Security,Steele-Riley,"true,start,serve","office,dark",2024-05-13,2024-05-30,PDF,English,34,7103,28,cloud-infra,DataHub,v2.2,Draft,Secret,False,,3.2,70.1,1502,5153,835,29,"DOC-002012,DOC-001964",True,e5-large-v2,2024-06-24,True
DOC-003500,Without my condition,Instead machine beat skill. Including example along.,Imagine agreement drop generation offer. Maintain statement main participant. Behind yeah conference specific interview produce. Message voice tree prove your quite. World study build your.,DevOps,UI/UX,TypeScript,Spring Boot,MongoDB,Beginner,Andrew Griffin,Backend Developer,Product,"Wallace, Rodriguez and Stewart","public,near,light","police,research",2024-02-17,2024-04-22,HTML,Spanish,4,5661,22,mobile-app,TechMind,v1.3,Draft,Public,True,David Edwards PhD,5.0,77.7,1035,13106,760,103,"DOC-006830,DOC-004632",True,e5-large-v2,2024-04-27,True
DOC-002470,Republican see there guy expect individual,Figure article some just throw success good condition. Bar body career billion industry office go.,So event choose son. Million often dinner sit charge yourself. Good expert baby cut young letter simple well.,Mobile,APIs,JavaScript,React,GraphQL,Advanced,Bryan Williams,Backend Developer,Engineering,Jackson-Vazquez,"run,seek,foot","believe,authority",2024-08-30,2024-12-01,HTML,Portuguese,34,6817,27,mobile-app,AiPlatform,v1.4,Draft,Public,True,Michelle Mills,3.5,42.4,107,3856,405,63,"DOC-001244,DOC-000501",False,text-embedding-3-small,2024-12-06,False
DOC-007421,Positive community what east TV,Among finally manage score most. Plan education eight collection great least really house.,Major kid picture economy each generation management team. Pull receive north end new long now. Same hope best. Smile generation beautiful fire.,DevOps,APIs,JavaScript,React,GraphQL,Intermediate,Eric Mcintyre,Data Engineer,Infrastructure,"Chandler, Forbes and Baldwin","attention,pull,dog","condition,strong",2024-12-17,2024-12-31,TXT,French,19,1600,6,cloud-infra,AiPlatform,v1.0,Under Review,Public,False,,4.5,37.3,813,5484,91,94,"DOC-007902,DOC-007238",False,text-embedding-3-small,2025-01-04,False
DOC-003001,Tax hospital personal per,Turn party fact best federal. Unit machine figure modern better service.,Wind value them happy claim a. Century him himself out company only. Behavior research third trade offer admit.,Mobile,Microservices,JavaScript,Express,Redis,Beginner,Mr. Ronald Perkins,Data Engineer,Product,Allen-Benjamin,"past,land,level","police,Mrs",2024-12-10,2024-12-19,DOCX,English,27,6511,26,cloud-infra,TechMind,v3.4,Deprecated,Secret,False,,5.0,63.0,897,2430,230,136,"DOC-004301,DOC-006859",True,e5-large-v2,2025-01-11,True
DOC-009094,Pull require attention this,Arm example vote begin send.,Sit help minute stay specific two. Resource civil decade morning president him. Air over of outside couple. Rise data similar white give. Political billion area beat vote side. Style employee friend property police degree serious someone.,DevOps,Microservices,Rust,Next.js,PostgreSQL,Beginner,Paul Smith,Data Engineer,Product,Rosario LLC,"morning,my,PM","they,staff",2024-04-09,2024-07-09,HTML,Portuguese,24,6395,25,mobile-app,DataHub,v1.9,Draft,Public,True,Jerry Pratt,3.1,89.4,317,7729,918,99,"DOC-005565,DOC-001984",False,bge-small-en-v1.5,2024-07-25,True
DOC-004811,Per west side,Sing read any seven.,Reveal middle whose find consumer. Cup send give bag agreement commercial who. System firm key most memory. Maybe clear beautiful discuss marriage respond begin white. General sea bank student. Market age site make. Care family view again attorney.,Data Engineering,Testing,C#,Vue.js,Kafka,Expert,Amanda Watkins,Data Engineer,Data Science,Lawrence-Smith,"me,good,while","establish,beat",2024-05-16,2024-06-11,MD,Spanish,22,7000,28,data-pipeline,CoreAPI,v2.2,Approved,Restricted,True,Daisy Walker,4.7,84.5,1242,5297,297,17,"DOC-006642,DOC-004549",False,all-MiniLM-L6-v2,2024-06-26,True
DOC-000050,Near perform another produce article respond,Push front improve task data green result born. Add purpose star arrive point crime.,Those fast clear door go write choose. Deep structure group other school second theory. Appear allow southern local north. Piece unit TV business very country. Energy city similar course approach age material. Doctor school executive. Responsibility federal who present worry sense. Ahead police perhaps degree of behind pass answer.,DevOps,Microservices,Java,Spring Boot,PostgreSQL,Beginner,Lisa Carpenter,Data Engineer,Product,Donaldson-Mann,"difference,place,we","mission,weight",2024-02-07,2024-03-04,PDF,Portuguese,20,4938,19,cloud-infra,TechMind,v1.2,Archived,Secret,False,,3.8,53.8,1057,14322,804,105,"DOC-000857,DOC-008476",True,all-MiniLM-L6-v2,2024-03-25,True
DOC-008652,Yes full rise able far my,Model course plan matter sense. Watch stop pretty money other.,Heavy now because require impact money hour. Above five fish cause decide. Record several during. Senior also court mention response. Trip push degree drug until. Force plant nor suggest decision plant enter. Entire situation avoid blood stand network. Green ability memory sing today nearly.,Data Engineering,LLMs,Go,Vue.js,Docker,Advanced,Samuel White,Frontend Engineer,Data Science,Elliott-Adkins,"take,central,carry","camera,country",2024-06-20,2024-06-23,HTML,Portuguese,3,3237,12,mobile-app,CloudScale,v1.5,Under Review,Secret,True,Joel Pope,4.1,57.3,123,11580,139,104,"DOC-009228,DOC-000981",False,bge-small-en-v1.5,2024-06-24,False
DOC-004980,I country note site policy quality,Data cold force allow language vote nor.,Defense reduce item to thousand. Itself what start door everyone ask so. Sound soon to receive report prepare. Need remain say quickly. Morning film head. Address with sell until.,Security,Testing,Rust,Django,Redis,Expert,Rhonda Miller,Tech Lead,Engineering,Burke and Sons,"high,result,west","prove,appear",2024-03-15,2024-05-14,DOCX,Portuguese,40,5928,23,cloud-infra,DataHub,v3.4,Approved,Public,True,Anna Bishop,4.5,57.1,785,3641,237,34,"DOC-003450,DOC-005693",True,bge-small-en-v1.5,2024-05-30,True
DOC-000129,Success citizen finally answer institution,Author despite story personal. Very lead result great item.,Democrat brother yes ahead office race same. Born tax meeting fish media. Couple process minute write everyone. My pay baby sure notice first follow thank. Plan some deal current. Western floor pick. Learn assume other road.,Backend,CI/CD,JavaScript,Express,AWS,Expert,Thomas Cabrera,DevOps Architect,QA,Ortiz-Williams,"see,all,pay","artist,cut",2024-09-10,2024-10-12,MD,English,34,5984,23,cloud-infra,CloudScale,v3.9,Approved,Secret,True,Kristen Barton,3.3,73.8,132,941,450,127,"DOC-007673,DOC-007652",True,text-embedding-3-small,2024-10-30,False
